participant_id,treatmentGroup,treatment_group_numeric,phase,trialNum,user_response,is_correct,csv_ground_truth_binary,csv_ai_probability,confidence,time_sec,userID,age,gender,education,residence,healthcareQualification,completionStatus,browserInfo,screenResolution,randomizationSeed,cognitive_score,big5_conscientiousness,big5_openness,big5_neuroticism,big5_extroversion,big5_agreeableness,trial_id_key,trialType,imageID,initial_decision,decision_revised,dropdown_choice,bbox_iou,initial_confidence,post_ai_confidence,csv_ground_truth_raw,csv_ai_prediction,csv_bbox_area_pct,csv_original_image_name,csv_overlay_path,ai_confidence,ai_prediction,ai_box_x,ai_box_y,ai_box_width,ai_box_height,user_box_x,user_box_y,user_box_width,user_box_height,timestamp_unix,original_response,original_final_decision
1rvna53qf3,treatment,1,baseline,1,0,,,,1.0,1.471,1rvna53qf3,26-35,female,phd,budapest,none,completed,Synthetic Generator 2.0,1920x1080,473253,7,56,94,47,89,69,baseline_1,baseline,/annotation/baseline/1.png,,,,,,,,,,,,,,,,,,,,,,1763699110,0.0,
1rvna53qf3,treatment,1,baseline,2,0,,,,2.0,3.955,1rvna53qf3,26-35,female,phd,budapest,none,completed,Synthetic Generator 2.0,1920x1080,473253,7,56,94,47,89,69,baseline_2,baseline,/annotation/baseline/2.png,,,,,,,,,,,,,,,,,,,,,,1763699115,0.0,
1rvna53qf3,treatment,1,baseline,3,0,,,,5.0,3.938,1rvna53qf3,26-35,female,phd,budapest,none,completed,Synthetic Generator 2.0,1920x1080,473253,7,56,94,47,89,69,baseline_3,baseline,/annotation/baseline/3.png,,,,,,,,,,,,,,,,,,,,,,1763699120,0.0,
1rvna53qf3,treatment,1,baseline,4,1,,,,6.0,1.571,1rvna53qf3,26-35,female,phd,budapest,none,completed,Synthetic Generator 2.0,1920x1080,473253,7,56,94,47,89,69,baseline_4,baseline,/annotation/baseline/4.png,,,,,,,,,,,,,,,,,,,,,,1763699122,1.0,
1rvna53qf3,treatment,1,baseline,5,0,,,,2.0,4.136,1rvna53qf3,26-35,female,phd,budapest,none,completed,Synthetic Generator 2.0,1920x1080,473253,7,56,94,47,89,69,baseline_5,baseline,/annotation/baseline/5.png,,,,,,,,,,,,,,,,,,,,,,1763699128,0.0,
1rvna53qf3,treatment,1,experiment,1,0,,,,,6.594,1rvna53qf3,26-35,female,phd,budapest,none,completed,Synthetic Generator 2.0,1920x1080,473253,7,56,94,47,89,69,experiment_1,experiment,/annotation/experiment/1.png,0.0,False,nincsen tünet,,4.0,5.0,,,,,,0.8562378131277077,0.0,,,,,,,,,1763699135,,0.0
1rvna53qf3,treatment,1,experiment,2,0,,,,,12.066,1rvna53qf3,26-35,female,phd,budapest,none,completed,Synthetic Generator 2.0,1920x1080,473253,7,56,94,47,89,69,experiment_2,experiment,/annotation/experiment/2.png,0.0,False,nincsen tünet,,1.0,1.0,,,,,,0.9878854740401447,0.0,,,,,,,,,1763699148,,0.0
1rvna53qf3,treatment,1,experiment,3,1,,,,,12.968,1rvna53qf3,26-35,female,phd,budapest,none,completed,Synthetic Generator 2.0,1920x1080,473253,7,56,94,47,89,69,experiment_3,experiment,/annotation/experiment/3.png,1.0,False,tünet,0.22625940850032833,2.0,4.0,,,,,,0.8991282179221936,1.0,30.0,58.0,100.0,100.0,62.0,85.0,100.0,100.0,1763699162,,1.0
1rvna53qf3,treatment,1,experiment,4,1,,,,,14.698,1rvna53qf3,26-35,female,phd,budapest,none,completed,Synthetic Generator 2.0,1920x1080,473253,7,56,94,47,89,69,experiment_4,experiment,/annotation/experiment/4.png,1.0,False,tünet,0.16802556006544397,6.0,7.0,,,,,,0.9387832186203778,1.0,74.0,27.0,100.0,100.0,25.0,85.0,100.0,100.0,1763699178,,1.0
1rvna53qf3,treatment,1,experiment,5,1,,,,,7.726,1rvna53qf3,26-35,female,phd,budapest,none,completed,Synthetic Generator 2.0,1920x1080,473253,7,56,94,47,89,69,experiment_5,experiment,/annotation/experiment/5.png,1.0,False,tünet,0.06989512121507624,1.0,2.0,,,,,,0.92099713735111,1.0,66.0,67.0,100.0,100.0,56.0,11.0,100.0,100.0,1763699187,,1.0
1rvna53qf3,treatment,1,posttest,1,0,,,,5.0,4.047,1rvna53qf3,26-35,female,phd,budapest,none,completed,Synthetic Generator 2.0,1920x1080,473253,7,56,94,47,89,69,posttest_1,posttest,/annotation/post_experiment/1.png,,,,,,,,,,,,,,,,,,,,,,1763699192,0.0,
1rvna53qf3,treatment,1,posttest,2,1,,,,7.0,2.642,1rvna53qf3,26-35,female,phd,budapest,none,completed,Synthetic Generator 2.0,1920x1080,473253,7,56,94,47,89,69,posttest_2,posttest,/annotation/post_experiment/2.png,,,,,,,,,,,,,,,,,,,,,,1763699195,1.0,
1rvna53qf3,treatment,1,posttest,3,0,,,,7.0,2.897,1rvna53qf3,26-35,female,phd,budapest,none,completed,Synthetic Generator 2.0,1920x1080,473253,7,56,94,47,89,69,posttest_3,posttest,/annotation/post_experiment/3.png,,,,,,,,,,,,,,,,,,,,,,1763699199,0.0,
1rvna53qf3,treatment,1,posttest,4,0,,,,4.0,4.828,1rvna53qf3,26-35,female,phd,budapest,none,completed,Synthetic Generator 2.0,1920x1080,473253,7,56,94,47,89,69,posttest_4,posttest,/annotation/post_experiment/4.png,,,,,,,,,,,,,,,,,,,,,,1763699205,0.0,
1rvna53qf3,treatment,1,posttest,5,0,,,,5.0,3.564,1rvna53qf3,26-35,female,phd,budapest,none,completed,Synthetic Generator 2.0,1920x1080,473253,7,56,94,47,89,69,posttest_5,posttest,/annotation/post_experiment/5.png,,,,,,,,,,,,,,,,,,,,,,1763699210,0.0,
05dvsslb0x,control,0,baseline,1,1,,,,7.0,4.673,05dvsslb0x,18-25,female,high-school,village,none,completed,Synthetic Generator 2.0,1920x1080,577829,6,58,52,61,52,61,baseline_1,baseline,/annotation/baseline/1.png,,,,,,,,,,,,,,,,,,,,,,1763647485,1.0,
05dvsslb0x,control,0,baseline,2,0,,,,4.0,1.377,05dvsslb0x,18-25,female,high-school,village,none,completed,Synthetic Generator 2.0,1920x1080,577829,6,58,52,61,52,61,baseline_2,baseline,/annotation/baseline/2.png,,,,,,,,,,,,,,,,,,,,,,1763647487,0.0,
05dvsslb0x,control,0,baseline,3,0,,,,3.0,3.777,05dvsslb0x,18-25,female,high-school,village,none,completed,Synthetic Generator 2.0,1920x1080,577829,6,58,52,61,52,61,baseline_3,baseline,/annotation/baseline/3.png,,,,,,,,,,,,,,,,,,,,,,1763647492,0.0,
05dvsslb0x,control,0,baseline,4,1,,,,1.0,4.342,05dvsslb0x,18-25,female,high-school,village,none,completed,Synthetic Generator 2.0,1920x1080,577829,6,58,52,61,52,61,baseline_4,baseline,/annotation/baseline/4.png,,,,,,,,,,,,,,,,,,,,,,1763647498,1.0,
05dvsslb0x,control,0,baseline,5,1,,,,3.0,3.567,05dvsslb0x,18-25,female,high-school,village,none,completed,Synthetic Generator 2.0,1920x1080,577829,6,58,52,61,52,61,baseline_5,baseline,/annotation/baseline/5.png,,,,,,,,,,,,,,,,,,,,,,1763647502,1.0,
05dvsslb0x,control,0,experiment,1,1,,,,1.0,1.864,05dvsslb0x,18-25,female,high-school,village,none,completed,Synthetic Generator 2.0,1920x1080,577829,6,58,52,61,52,61,experiment_1,experiment,/annotation/experiment/1.png,,,,,,,,,,,,,,,,,,,,,,1763647505,1.0,
05dvsslb0x,control,0,experiment,2,0,,,,2.0,2.731,05dvsslb0x,18-25,female,high-school,village,none,completed,Synthetic Generator 2.0,1920x1080,577829,6,58,52,61,52,61,experiment_2,experiment,/annotation/experiment/2.png,,,,,,,,,,,,,,,,,,,,,,1763647509,0.0,
05dvsslb0x,control,0,experiment,3,0,,,,5.0,2.689,05dvsslb0x,18-25,female,high-school,village,none,completed,Synthetic Generator 2.0,1920x1080,577829,6,58,52,61,52,61,experiment_3,experiment,/annotation/experiment/3.png,,,,,,,,,,,,,,,,,,,,,,1763647512,0.0,
05dvsslb0x,control,0,experiment,4,1,,,,3.0,3.12,05dvsslb0x,18-25,female,high-school,village,none,completed,Synthetic Generator 2.0,1920x1080,577829,6,58,52,61,52,61,experiment_4,experiment,/annotation/experiment/4.png,,,,,,,,,,,,,,,,,,,,,,1763647517,1.0,
05dvsslb0x,control,0,experiment,5,1,,,,6.0,2.992,05dvsslb0x,18-25,female,high-school,village,none,completed,Synthetic Generator 2.0,1920x1080,577829,6,58,52,61,52,61,experiment_5,experiment,/annotation/experiment/5.png,,,,,,,,,,,,,,,,,,,,,,1763647521,1.0,
05dvsslb0x,control,0,posttest,1,0,,,,5.0,2.421,05dvsslb0x,18-25,female,high-school,village,none,completed,Synthetic Generator 2.0,1920x1080,577829,6,58,52,61,52,61,posttest_1,posttest,/annotation/post_experiment/1.png,,,,,,,,,,,,,,,,,,,,,,1763647524,0.0,
05dvsslb0x,control,0,posttest,2,0,,,,3.0,3.413,05dvsslb0x,18-25,female,high-school,village,none,completed,Synthetic Generator 2.0,1920x1080,577829,6,58,52,61,52,61,posttest_2,posttest,/annotation/post_experiment/2.png,,,,,,,,,,,,,,,,,,,,,,1763647528,0.0,
05dvsslb0x,control,0,posttest,3,1,,,,5.0,3.268,05dvsslb0x,18-25,female,high-school,village,none,completed,Synthetic Generator 2.0,1920x1080,577829,6,58,52,61,52,61,posttest_3,posttest,/annotation/post_experiment/3.png,,,,,,,,,,,,,,,,,,,,,,1763647533,1.0,
05dvsslb0x,control,0,posttest,4,0,,,,4.0,2.756,05dvsslb0x,18-25,female,high-school,village,none,completed,Synthetic Generator 2.0,1920x1080,577829,6,58,52,61,52,61,posttest_4,posttest,/annotation/post_experiment/4.png,,,,,,,,,,,,,,,,,,,,,,1763647536,0.0,
05dvsslb0x,control,0,posttest,5,0,,,,7.0,1.852,05dvsslb0x,18-25,female,high-school,village,none,completed,Synthetic Generator 2.0,1920x1080,577829,6,58,52,61,52,61,posttest_5,posttest,/annotation/post_experiment/5.png,,,,,,,,,,,,,,,,,,,,,,1763647539,0.0,
0huo9barzl,control,0,baseline,1,1,,,,2.0,4.551,0huo9barzl,36-45,male,elementary,county-seat,none,completed,Synthetic Generator 2.0,1920x1080,444966,2,55,65,49,81,35,baseline_1,baseline,/annotation/baseline/1.png,,,,,,,,,,,,,,,,,,,,,,1763694775,1.0,
0huo9barzl,control,0,baseline,2,1,,,,2.0,3.314,0huo9barzl,36-45,male,elementary,county-seat,none,completed,Synthetic Generator 2.0,1920x1080,444966,2,55,65,49,81,35,baseline_2,baseline,/annotation/baseline/2.png,,,,,,,,,,,,,,,,,,,,,,1763694779,1.0,
0huo9barzl,control,0,baseline,3,0,,,,6.0,3.315,0huo9barzl,36-45,male,elementary,county-seat,none,completed,Synthetic Generator 2.0,1920x1080,444966,2,55,65,49,81,35,baseline_3,baseline,/annotation/baseline/3.png,,,,,,,,,,,,,,,,,,,,,,1763694784,0.0,
0huo9barzl,control,0,baseline,4,1,,,,5.0,2.446,0huo9barzl,36-45,male,elementary,county-seat,none,completed,Synthetic Generator 2.0,1920x1080,444966,2,55,65,49,81,35,baseline_4,baseline,/annotation/baseline/4.png,,,,,,,,,,,,,,,,,,,,,,1763694787,1.0,
0huo9barzl,control,0,baseline,5,0,,,,7.0,1.607,0huo9barzl,36-45,male,elementary,county-seat,none,completed,Synthetic Generator 2.0,1920x1080,444966,2,55,65,49,81,35,baseline_5,baseline,/annotation/baseline/5.png,,,,,,,,,,,,,,,,,,,,,,1763694790,0.0,
0huo9barzl,control,0,experiment,1,0,,,,7.0,1.474,0huo9barzl,36-45,male,elementary,county-seat,none,completed,Synthetic Generator 2.0,1920x1080,444966,2,55,65,49,81,35,experiment_1,experiment,/annotation/experiment/1.png,,,,,,,,,,,,,,,,,,,,,,1763694792,0.0,
0huo9barzl,control,0,experiment,2,0,,,,7.0,3.323,0huo9barzl,36-45,male,elementary,county-seat,none,completed,Synthetic Generator 2.0,1920x1080,444966,2,55,65,49,81,35,experiment_2,experiment,/annotation/experiment/2.png,,,,,,,,,,,,,,,,,,,,,,1763694796,0.0,
0huo9barzl,control,0,experiment,3,1,,,,7.0,4.533,0huo9barzl,36-45,male,elementary,county-seat,none,completed,Synthetic Generator 2.0,1920x1080,444966,2,55,65,49,81,35,experiment_3,experiment,/annotation/experiment/3.png,,,,,,,,,,,,,,,,,,,,,,1763694802,1.0,
0huo9barzl,control,0,experiment,4,0,,,,6.0,4.403,0huo9barzl,36-45,male,elementary,county-seat,none,completed,Synthetic Generator 2.0,1920x1080,444966,2,55,65,49,81,35,experiment_4,experiment,/annotation/experiment/4.png,,,,,,,,,,,,,,,,,,,,,,1763694807,0.0,
0huo9barzl,control,0,experiment,5,1,,,,3.0,2.743,0huo9barzl,36-45,male,elementary,county-seat,none,completed,Synthetic Generator 2.0,1920x1080,444966,2,55,65,49,81,35,experiment_5,experiment,/annotation/experiment/5.png,,,,,,,,,,,,,,,,,,,,,,1763694811,1.0,
0huo9barzl,control,0,posttest,1,0,,,,1.0,3.656,0huo9barzl,36-45,male,elementary,county-seat,none,completed,Synthetic Generator 2.0,1920x1080,444966,2,55,65,49,81,35,posttest_1,posttest,/annotation/post_experiment/1.png,,,,,,,,,,,,,,,,,,,,,,1763694816,0.0,
0huo9barzl,control,0,posttest,2,0,,,,7.0,1.86,0huo9barzl,36-45,male,elementary,county-seat,none,completed,Synthetic Generator 2.0,1920x1080,444966,2,55,65,49,81,35,posttest_2,posttest,/annotation/post_experiment/2.png,,,,,,,,,,,,,,,,,,,,,,1763694819,0.0,
0huo9barzl,control,0,posttest,3,1,,,,5.0,1.899,0huo9barzl,36-45,male,elementary,county-seat,none,completed,Synthetic Generator 2.0,1920x1080,444966,2,55,65,49,81,35,posttest_3,posttest,/annotation/post_experiment/3.png,,,,,,,,,,,,,,,,,,,,,,1763694822,1.0,
0huo9barzl,control,0,posttest,4,1,,,,7.0,4.217,0huo9barzl,36-45,male,elementary,county-seat,none,completed,Synthetic Generator 2.0,1920x1080,444966,2,55,65,49,81,35,posttest_4,posttest,/annotation/post_experiment/4.png,,,,,,,,,,,,,,,,,,,,,,1763694827,1.0,
0huo9barzl,control,0,posttest,5,1,,,,2.0,1.709,0huo9barzl,36-45,male,elementary,county-seat,none,completed,Synthetic Generator 2.0,1920x1080,444966,2,55,65,49,81,35,posttest_5,posttest,/annotation/post_experiment/5.png,,,,,,,,,,,,,,,,,,,,,,1763694829,1.0,
0pd8sou40f,control,0,baseline,1,1,,,,2.0,3.204,0pd8sou40f,26-35,female,elementary,budapest,none,completed,Synthetic Generator 2.0,1920x1080,553274,5,63,75,39,78,78,baseline_1,baseline,/annotation/baseline/1.png,,,,,,,,,,,,,,,,,,,,,,1763698645,1.0,
0pd8sou40f,control,0,baseline,2,0,,,,6.0,4.633,0pd8sou40f,26-35,female,elementary,budapest,none,completed,Synthetic Generator 2.0,1920x1080,553274,5,63,75,39,78,78,baseline_2,baseline,/annotation/baseline/2.png,,,,,,,,,,,,,,,,,,,,,,1763698650,0.0,
0pd8sou40f,control,0,baseline,3,0,,,,7.0,3.145,0pd8sou40f,26-35,female,elementary,budapest,none,completed,Synthetic Generator 2.0,1920x1080,553274,5,63,75,39,78,78,baseline_3,baseline,/annotation/baseline/3.png,,,,,,,,,,,,,,,,,,,,,,1763698654,0.0,
0pd8sou40f,control,0,baseline,4,0,,,,2.0,2.692,0pd8sou40f,26-35,female,elementary,budapest,none,completed,Synthetic Generator 2.0,1920x1080,553274,5,63,75,39,78,78,baseline_4,baseline,/annotation/baseline/4.png,,,,,,,,,,,,,,,,,,,,,,1763698658,0.0,
0pd8sou40f,control,0,baseline,5,1,,,,3.0,4.62,0pd8sou40f,26-35,female,elementary,budapest,none,completed,Synthetic Generator 2.0,1920x1080,553274,5,63,75,39,78,78,baseline_5,baseline,/annotation/baseline/5.png,,,,,,,,,,,,,,,,,,,,,,1763698664,1.0,
0pd8sou40f,control,0,experiment,1,0,,,,4.0,4.533,0pd8sou40f,26-35,female,elementary,budapest,none,completed,Synthetic Generator 2.0,1920x1080,553274,5,63,75,39,78,78,experiment_1,experiment,/annotation/experiment/1.png,,,,,,,,,,,,,,,,,,,,,,1763698669,0.0,
0pd8sou40f,control,0,experiment,2,1,,,,6.0,4.381,0pd8sou40f,26-35,female,elementary,budapest,none,completed,Synthetic Generator 2.0,1920x1080,553274,5,63,75,39,78,78,experiment_2,experiment,/annotation/experiment/2.png,,,,,,,,,,,,,,,,,,,,,,1763698675,1.0,
0pd8sou40f,control,0,experiment,3,1,,,,3.0,1.67,0pd8sou40f,26-35,female,elementary,budapest,none,completed,Synthetic Generator 2.0,1920x1080,553274,5,63,75,39,78,78,experiment_3,experiment,/annotation/experiment/3.png,,,,,,,,,,,,,,,,,,,,,,1763698677,1.0,
0pd8sou40f,control,0,experiment,4,1,,,,6.0,1.537,0pd8sou40f,26-35,female,elementary,budapest,none,completed,Synthetic Generator 2.0,1920x1080,553274,5,63,75,39,78,78,experiment_4,experiment,/annotation/experiment/4.png,,,,,,,,,,,,,,,,,,,,,,1763698680,1.0,
0pd8sou40f,control,0,experiment,5,1,,,,2.0,4.077,0pd8sou40f,26-35,female,elementary,budapest,none,completed,Synthetic Generator 2.0,1920x1080,553274,5,63,75,39,78,78,experiment_5,experiment,/annotation/experiment/5.png,,,,,,,,,,,,,,,,,,,,,,1763698685,1.0,
0pd8sou40f,control,0,posttest,1,1,,,,5.0,4.894,0pd8sou40f,26-35,female,elementary,budapest,none,completed,Synthetic Generator 2.0,1920x1080,553274,5,63,75,39,78,78,posttest_1,posttest,/annotation/post_experiment/1.png,,,,,,,,,,,,,,,,,,,,,,1763698691,1.0,
0pd8sou40f,control,0,posttest,2,1,,,,1.0,3.575,0pd8sou40f,26-35,female,elementary,budapest,none,completed,Synthetic Generator 2.0,1920x1080,553274,5,63,75,39,78,78,posttest_2,posttest,/annotation/post_experiment/2.png,,,,,,,,,,,,,,,,,,,,,,1763698695,1.0,
0pd8sou40f,control,0,posttest,3,0,,,,7.0,1.466,0pd8sou40f,26-35,female,elementary,budapest,none,completed,Synthetic Generator 2.0,1920x1080,553274,5,63,75,39,78,78,posttest_3,posttest,/annotation/post_experiment/3.png,,,,,,,,,,,,,,,,,,,,,,1763698698,0.0,
0pd8sou40f,control,0,posttest,4,0,,,,5.0,4.245,0pd8sou40f,26-35,female,elementary,budapest,none,completed,Synthetic Generator 2.0,1920x1080,553274,5,63,75,39,78,78,posttest_4,posttest,/annotation/post_experiment/4.png,,,,,,,,,,,,,,,,,,,,,,1763698703,0.0,
0pd8sou40f,control,0,posttest,5,0,,,,2.0,4.034,0pd8sou40f,26-35,female,elementary,budapest,none,completed,Synthetic Generator 2.0,1920x1080,553274,5,63,75,39,78,78,posttest_5,posttest,/annotation/post_experiment/5.png,,,,,,,,,,,,,,,,,,,,,,1763698708,0.0,
1u8vvo8i6g,treatment,1,baseline,1,1,,,,5.0,4.978,1u8vvo8i6g,18-25,male,masters,budapest,none,completed,Synthetic Generator 2.0,1920x1080,306445,10,69,85,52,79,81,baseline_1,baseline,/annotation/baseline/1.png,,,,,,,,,,,,,,,,,,,,,,1763678021,1.0,
1u8vvo8i6g,treatment,1,baseline,2,0,,,,3.0,2.361,1u8vvo8i6g,18-25,male,masters,budapest,none,completed,Synthetic Generator 2.0,1920x1080,306445,10,69,85,52,79,81,baseline_2,baseline,/annotation/baseline/2.png,,,,,,,,,,,,,,,,,,,,,,1763678025,0.0,
1u8vvo8i6g,treatment,1,baseline,3,1,,,,3.0,4.646,1u8vvo8i6g,18-25,male,masters,budapest,none,completed,Synthetic Generator 2.0,1920x1080,306445,10,69,85,52,79,81,baseline_3,baseline,/annotation/baseline/3.png,,,,,,,,,,,,,,,,,,,,,,1763678030,1.0,
1u8vvo8i6g,treatment,1,baseline,4,1,,,,4.0,2.019,1u8vvo8i6g,18-25,male,masters,budapest,none,completed,Synthetic Generator 2.0,1920x1080,306445,10,69,85,52,79,81,baseline_4,baseline,/annotation/baseline/4.png,,,,,,,,,,,,,,,,,,,,,,1763678033,1.0,
1u8vvo8i6g,treatment,1,baseline,5,1,,,,7.0,4.939,1u8vvo8i6g,18-25,male,masters,budapest,none,completed,Synthetic Generator 2.0,1920x1080,306445,10,69,85,52,79,81,baseline_5,baseline,/annotation/baseline/5.png,,,,,,,,,,,,,,,,,,,,,,1763678039,1.0,
1u8vvo8i6g,treatment,1,experiment,1,0,,,,,11.899,1u8vvo8i6g,18-25,male,masters,budapest,none,completed,Synthetic Generator 2.0,1920x1080,306445,10,69,85,52,79,81,experiment_1,experiment,/annotation/experiment/1.png,0.0,False,nincsen tünet,,5.0,6.0,,,,,,0.9158525305009899,0.0,,,,,,,,,1763678052,,0.0
1u8vvo8i6g,treatment,1,experiment,2,0,,,,,11.959,1u8vvo8i6g,18-25,male,masters,budapest,none,completed,Synthetic Generator 2.0,1920x1080,306445,10,69,85,52,79,81,experiment_2,experiment,/annotation/experiment/2.png,0.0,False,nincsen tünet,,7.0,7.0,,,,,,0.9298418182966025,0.0,,,,,,,,,1763678065,,0.0
1u8vvo8i6g,treatment,1,experiment,3,1,,,,,12.936,1u8vvo8i6g,18-25,male,masters,budapest,none,completed,Synthetic Generator 2.0,1920x1080,306445,10,69,85,52,79,81,experiment_3,experiment,/annotation/experiment/3.png,1.0,False,tünet,0.3201190347949823,1.0,1.0,,,,,,0.9513012488414317,1.0,70.0,44.0,100.0,100.0,74.0,98.0,100.0,100.0,1763678079,,1.0
1u8vvo8i6g,treatment,1,experiment,4,1,,,,,11.625,1u8vvo8i6g,18-25,male,masters,budapest,none,completed,Synthetic Generator 2.0,1920x1080,306445,10,69,85,52,79,81,experiment_4,experiment,/annotation/experiment/4.png,1.0,False,tünet,0.5034000800475883,2.0,2.0,,,,,,0.9164534758792735,1.0,56.0,77.0,100.0,100.0,85.0,78.0,100.0,100.0,1763678092,,1.0
1u8vvo8i6g,treatment,1,experiment,5,1,,,,,14.926,1u8vvo8i6g,18-25,male,masters,budapest,none,completed,Synthetic Generator 2.0,1920x1080,306445,10,69,85,52,79,81,experiment_5,experiment,/annotation/experiment/5.png,1.0,False,tünet,0.21818439188436836,1.0,1.0,,,,,,0.9856855430373415,1.0,75.0,44.0,100.0,100.0,82.0,72.0,100.0,100.0,1763678108,,1.0
1u8vvo8i6g,treatment,1,posttest,1,0,,,,7.0,3.525,1u8vvo8i6g,18-25,male,masters,budapest,none,completed,Synthetic Generator 2.0,1920x1080,306445,10,69,85,52,79,81,posttest_1,posttest,/annotation/post_experiment/1.png,,,,,,,,,,,,,,,,,,,,,,1763678112,0.0,
1u8vvo8i6g,treatment,1,posttest,2,1,,,,5.0,4.188,1u8vvo8i6g,18-25,male,masters,budapest,none,completed,Synthetic Generator 2.0,1920x1080,306445,10,69,85,52,79,81,posttest_2,posttest,/annotation/post_experiment/2.png,,,,,,,,,,,,,,,,,,,,,,1763678117,1.0,
1u8vvo8i6g,treatment,1,posttest,3,0,,,,5.0,4.609,1u8vvo8i6g,18-25,male,masters,budapest,none,completed,Synthetic Generator 2.0,1920x1080,306445,10,69,85,52,79,81,posttest_3,posttest,/annotation/post_experiment/3.png,,,,,,,,,,,,,,,,,,,,,,1763678123,0.0,
1u8vvo8i6g,treatment,1,posttest,4,0,,,,7.0,2.192,1u8vvo8i6g,18-25,male,masters,budapest,none,completed,Synthetic Generator 2.0,1920x1080,306445,10,69,85,52,79,81,posttest_4,posttest,/annotation/post_experiment/4.png,,,,,,,,,,,,,,,,,,,,,,1763678126,0.0,
1u8vvo8i6g,treatment,1,posttest,5,0,,,,7.0,4.338,1u8vvo8i6g,18-25,male,masters,budapest,none,completed,Synthetic Generator 2.0,1920x1080,306445,10,69,85,52,79,81,posttest_5,posttest,/annotation/post_experiment/5.png,,,,,,,,,,,,,,,,,,,,,,1763678132,0.0,
1zwug2onpv,treatment,1,baseline,1,1,,,,5.0,1.057,1zwug2onpv,18-25,female,elementary,village,none,completed,Synthetic Generator 2.0,1920x1080,861331,8,55,89,18,63,56,baseline_1,baseline,/annotation/baseline/1.png,,,,,,,,,,,,,,,,,,,,,,1763658119,1.0,
1zwug2onpv,treatment,1,baseline,2,0,,,,4.0,2.995,1zwug2onpv,18-25,female,elementary,village,none,completed,Synthetic Generator 2.0,1920x1080,861331,8,55,89,18,63,56,baseline_2,baseline,/annotation/baseline/2.png,,,,,,,,,,,,,,,,,,,,,,1763658122,0.0,
1zwug2onpv,treatment,1,baseline,3,0,,,,4.0,2.296,1zwug2onpv,18-25,female,elementary,village,none,completed,Synthetic Generator 2.0,1920x1080,861331,8,55,89,18,63,56,baseline_3,baseline,/annotation/baseline/3.png,,,,,,,,,,,,,,,,,,,,,,1763658126,0.0,
1zwug2onpv,treatment,1,baseline,4,1,,,,5.0,3.14,1zwug2onpv,18-25,female,elementary,village,none,completed,Synthetic Generator 2.0,1920x1080,861331,8,55,89,18,63,56,baseline_4,baseline,/annotation/baseline/4.png,,,,,,,,,,,,,,,,,,,,,,1763658130,1.0,
1zwug2onpv,treatment,1,baseline,5,0,,,,4.0,3.739,1zwug2onpv,18-25,female,elementary,village,none,completed,Synthetic Generator 2.0,1920x1080,861331,8,55,89,18,63,56,baseline_5,baseline,/annotation/baseline/5.png,,,,,,,,,,,,,,,,,,,,,,1763658135,0.0,
1zwug2onpv,treatment,1,experiment,1,0,,,,,9.034,1zwug2onpv,18-25,female,elementary,village,none,completed,Synthetic Generator 2.0,1920x1080,861331,8,55,89,18,63,56,experiment_1,experiment,/annotation/experiment/1.png,0.0,False,nincsen tünet,,5.0,5.0,,,,,,0.9667272307027498,0.0,,,,,,,,,1763658145,,0.0
1zwug2onpv,treatment,1,experiment,2,0,,,,,11.605,1zwug2onpv,18-25,female,elementary,village,none,completed,Synthetic Generator 2.0,1920x1080,861331,8,55,89,18,63,56,experiment_2,experiment,/annotation/experiment/2.png,0.0,False,nincsen tünet,,5.0,6.0,,,,,,0.8734841115602181,0.0,,,,,,,,,1763658157,,0.0
1zwug2onpv,treatment,1,experiment,3,1,,,,,13.338,1zwug2onpv,18-25,female,elementary,village,none,completed,Synthetic Generator 2.0,1920x1080,861331,8,55,89,18,63,56,experiment_3,experiment,/annotation/experiment/3.png,1.0,False,tünet,0.2947041341255016,1.0,2.0,,,,,,0.867120807469587,1.0,93.0,77.0,100.0,100.0,41.0,58.0,100.0,100.0,1763658172,,1.0
1zwug2onpv,treatment,1,experiment,4,0,,,,,6.621,1zwug2onpv,18-25,female,elementary,village,none,completed,Synthetic Generator 2.0,1920x1080,861331,8,55,89,18,63,56,experiment_4,experiment,/annotation/experiment/4.png,1.0,True,tünet,,3.0,5.0,,,,,,0.17112343964941168,0.0,,,,,,,,,1763658179,,0.0
1zwug2onpv,treatment,1,experiment,5,1,,,,,7.714,1zwug2onpv,18-25,female,elementary,village,none,completed,Synthetic Generator 2.0,1920x1080,861331,8,55,89,18,63,56,experiment_5,experiment,/annotation/experiment/5.png,0.0,True,nincsen tünet,0.1798221695189253,4.0,4.0,,,,,,0.8986152639802371,1.0,59.0,44.0,100.0,100.0,17.0,32.0,100.0,100.0,1763658188,,1.0
1zwug2onpv,treatment,1,posttest,1,1,,,,7.0,3.102,1zwug2onpv,18-25,female,elementary,village,none,completed,Synthetic Generator 2.0,1920x1080,861331,8,55,89,18,63,56,posttest_1,posttest,/annotation/post_experiment/1.png,,,,,,,,,,,,,,,,,,,,,,1763658192,1.0,
1zwug2onpv,treatment,1,posttest,2,1,,,,7.0,1.652,1zwug2onpv,18-25,female,elementary,village,none,completed,Synthetic Generator 2.0,1920x1080,861331,8,55,89,18,63,56,posttest_2,posttest,/annotation/post_experiment/2.png,,,,,,,,,,,,,,,,,,,,,,1763658195,1.0,
1zwug2onpv,treatment,1,posttest,3,0,,,,6.0,4.827,1zwug2onpv,18-25,female,elementary,village,none,completed,Synthetic Generator 2.0,1920x1080,861331,8,55,89,18,63,56,posttest_3,posttest,/annotation/post_experiment/3.png,,,,,,,,,,,,,,,,,,,,,,1763658201,0.0,
1zwug2onpv,treatment,1,posttest,4,1,,,,7.0,1.06,1zwug2onpv,18-25,female,elementary,village,none,completed,Synthetic Generator 2.0,1920x1080,861331,8,55,89,18,63,56,posttest_4,posttest,/annotation/post_experiment/4.png,,,,,,,,,,,,,,,,,,,,,,1763658203,1.0,
1zwug2onpv,treatment,1,posttest,5,1,,,,6.0,1.792,1zwug2onpv,18-25,female,elementary,village,none,completed,Synthetic Generator 2.0,1920x1080,861331,8,55,89,18,63,56,posttest_5,posttest,/annotation/post_experiment/5.png,,,,,,,,,,,,,,,,,,,,,,1763658205,1.0,
1jq146phqf,treatment,1,baseline,1,0,,,,4.0,1.03,1jq146phqf,18-25,male,elementary,city,none,completed,Synthetic Generator 2.0,1920x1080,228196,9,87,70,52,36,53,baseline_1,baseline,/annotation/baseline/1.png,,,,,,,,,,,,,,,,,,,,,,1763671700,0.0,
1jq146phqf,treatment,1,baseline,2,0,,,,2.0,2.359,1jq146phqf,18-25,male,elementary,city,none,completed,Synthetic Generator 2.0,1920x1080,228196,9,87,70,52,36,53,baseline_2,baseline,/annotation/baseline/2.png,,,,,,,,,,,,,,,,,,,,,,1763671704,0.0,
1jq146phqf,treatment,1,baseline,3,0,,,,2.0,4.063,1jq146phqf,18-25,male,elementary,city,none,completed,Synthetic Generator 2.0,1920x1080,228196,9,87,70,52,36,53,baseline_3,baseline,/annotation/baseline/3.png,,,,,,,,,,,,,,,,,,,,,,1763671709,0.0,
1jq146phqf,treatment,1,baseline,4,0,,,,5.0,3.617,1jq146phqf,18-25,male,elementary,city,none,completed,Synthetic Generator 2.0,1920x1080,228196,9,87,70,52,36,53,baseline_4,baseline,/annotation/baseline/4.png,,,,,,,,,,,,,,,,,,,,,,1763671714,0.0,
1jq146phqf,treatment,1,baseline,5,1,,,,3.0,1.922,1jq146phqf,18-25,male,elementary,city,none,completed,Synthetic Generator 2.0,1920x1080,228196,9,87,70,52,36,53,baseline_5,baseline,/annotation/baseline/5.png,,,,,,,,,,,,,,,,,,,,,,1763671716,1.0,
1jq146phqf,treatment,1,experiment,1,0,,,,,9.318,1jq146phqf,18-25,male,elementary,city,none,completed,Synthetic Generator 2.0,1920x1080,228196,9,87,70,52,36,53,experiment_1,experiment,/annotation/experiment/1.png,1.0,True,tünet,,1.0,2.0,,,,,,0.9610713280021509,0.0,,,,,,,,,1763671727,,0.0
1jq146phqf,treatment,1,experiment,2,0,,,,,12.199,1jq146phqf,18-25,male,elementary,city,none,completed,Synthetic Generator 2.0,1920x1080,228196,9,87,70,52,36,53,experiment_2,experiment,/annotation/experiment/2.png,0.0,False,nincsen tünet,,6.0,6.0,,,,,,0.9658632619304279,0.0,,,,,,,,,1763671740,,0.0
1jq146phqf,treatment,1,experiment,3,1,,,,,12.18,1jq146phqf,18-25,male,elementary,city,none,completed,Synthetic Generator 2.0,1920x1080,228196,9,87,70,52,36,53,experiment_3,experiment,/annotation/experiment/3.png,1.0,False,tünet,0.4758748324216105,2.0,4.0,,,,,,0.9051794095468908,1.0,14.0,40.0,100.0,100.0,6.0,15.0,100.0,100.0,1763671753,,1.0
1jq146phqf,treatment,1,experiment,4,1,,,,,12.379,1jq146phqf,18-25,male,elementary,city,none,completed,Synthetic Generator 2.0,1920x1080,228196,9,87,70,52,36,53,experiment_4,experiment,/annotation/experiment/4.png,1.0,False,tünet,0.029675212905387983,5.0,5.0,,,,,,0.9170304723318315,1.0,6.0,0.0,100.0,100.0,75.0,80.0,100.0,100.0,1763671767,,1.0
1jq146phqf,treatment,1,experiment,5,1,,,,,6.955,1jq146phqf,18-25,male,elementary,city,none,completed,Synthetic Generator 2.0,1920x1080,228196,9,87,70,52,36,53,experiment_5,experiment,/annotation/experiment/5.png,1.0,False,tünet,0.2353595333510808,1.0,1.0,,,,,,0.8555640124958251,1.0,96.0,14.0,100.0,100.0,51.0,8.0,100.0,100.0,1763671774,,1.0
1jq146phqf,treatment,1,posttest,1,0,,,,7.0,4.788,1jq146phqf,18-25,male,elementary,city,none,completed,Synthetic Generator 2.0,1920x1080,228196,9,87,70,52,36,53,posttest_1,posttest,/annotation/post_experiment/1.png,,,,,,,,,,,,,,,,,,,,,,1763671780,0.0,
1jq146phqf,treatment,1,posttest,2,0,,,,7.0,3.359,1jq146phqf,18-25,male,elementary,city,none,completed,Synthetic Generator 2.0,1920x1080,228196,9,87,70,52,36,53,posttest_2,posttest,/annotation/post_experiment/2.png,,,,,,,,,,,,,,,,,,,,,,1763671785,0.0,
1jq146phqf,treatment,1,posttest,3,0,,,,7.0,3.318,1jq146phqf,18-25,male,elementary,city,none,completed,Synthetic Generator 2.0,1920x1080,228196,9,87,70,52,36,53,posttest_3,posttest,/annotation/post_experiment/3.png,,,,,,,,,,,,,,,,,,,,,,1763671789,0.0,
1jq146phqf,treatment,1,posttest,4,1,,,,5.0,4.034,1jq146phqf,18-25,male,elementary,city,none,completed,Synthetic Generator 2.0,1920x1080,228196,9,87,70,52,36,53,posttest_4,posttest,/annotation/post_experiment/4.png,,,,,,,,,,,,,,,,,,,,,,1763671794,1.0,
1jq146phqf,treatment,1,posttest,5,0,,,,5.0,4.619,1jq146phqf,18-25,male,elementary,city,none,completed,Synthetic Generator 2.0,1920x1080,228196,9,87,70,52,36,53,posttest_5,posttest,/annotation/post_experiment/5.png,,,,,,,,,,,,,,,,,,,,,,1763671800,0.0,
0u58ejnfsv,control,0,baseline,1,1,,,,6.0,3.476,0u58ejnfsv,18-25,male,high-school,city,none,completed,Synthetic Generator 2.0,1920x1080,650406,2,74,47,44,39,51,baseline_1,baseline,/annotation/baseline/1.png,,,,,,,,,,,,,,,,,,,,,,1763701094,1.0,
0u58ejnfsv,control,0,baseline,2,1,,,,1.0,2.973,0u58ejnfsv,18-25,male,high-school,city,none,completed,Synthetic Generator 2.0,1920x1080,650406,2,74,47,44,39,51,baseline_2,baseline,/annotation/baseline/2.png,,,,,,,,,,,,,,,,,,,,,,1763701098,1.0,
0u58ejnfsv,control,0,baseline,3,0,,,,3.0,3.706,0u58ejnfsv,18-25,male,high-school,city,none,completed,Synthetic Generator 2.0,1920x1080,650406,2,74,47,44,39,51,baseline_3,baseline,/annotation/baseline/3.png,,,,,,,,,,,,,,,,,,,,,,1763701103,0.0,
0u58ejnfsv,control,0,baseline,4,0,,,,5.0,4.74,0u58ejnfsv,18-25,male,high-school,city,none,completed,Synthetic Generator 2.0,1920x1080,650406,2,74,47,44,39,51,baseline_4,baseline,/annotation/baseline/4.png,,,,,,,,,,,,,,,,,,,,,,1763701108,0.0,
0u58ejnfsv,control,0,baseline,5,1,,,,3.0,2.075,0u58ejnfsv,18-25,male,high-school,city,none,completed,Synthetic Generator 2.0,1920x1080,650406,2,74,47,44,39,51,baseline_5,baseline,/annotation/baseline/5.png,,,,,,,,,,,,,,,,,,,,,,1763701111,1.0,
0u58ejnfsv,control,0,experiment,1,1,,,,1.0,2.837,0u58ejnfsv,18-25,male,high-school,city,none,completed,Synthetic Generator 2.0,1920x1080,650406,2,74,47,44,39,51,experiment_1,experiment,/annotation/experiment/1.png,,,,,,,,,,,,,,,,,,,,,,1763701115,1.0,
0u58ejnfsv,control,0,experiment,2,0,,,,4.0,1.942,0u58ejnfsv,18-25,male,high-school,city,none,completed,Synthetic Generator 2.0,1920x1080,650406,2,74,47,44,39,51,experiment_2,experiment,/annotation/experiment/2.png,,,,,,,,,,,,,,,,,,,,,,1763701118,0.0,
0u58ejnfsv,control,0,experiment,3,1,,,,5.0,3.808,0u58ejnfsv,18-25,male,high-school,city,none,completed,Synthetic Generator 2.0,1920x1080,650406,2,74,47,44,39,51,experiment_3,experiment,/annotation/experiment/3.png,,,,,,,,,,,,,,,,,,,,,,1763701123,1.0,
0u58ejnfsv,control,0,experiment,4,0,,,,1.0,1.47,0u58ejnfsv,18-25,male,high-school,city,none,completed,Synthetic Generator 2.0,1920x1080,650406,2,74,47,44,39,51,experiment_4,experiment,/annotation/experiment/4.png,,,,,,,,,,,,,,,,,,,,,,1763701125,0.0,
0u58ejnfsv,control,0,experiment,5,0,,,,7.0,3.366,0u58ejnfsv,18-25,male,high-school,city,none,completed,Synthetic Generator 2.0,1920x1080,650406,2,74,47,44,39,51,experiment_5,experiment,/annotation/experiment/5.png,,,,,,,,,,,,,,,,,,,,,,1763701130,0.0,
0u58ejnfsv,control,0,posttest,1,1,,,,1.0,3.087,0u58ejnfsv,18-25,male,high-school,city,none,completed,Synthetic Generator 2.0,1920x1080,650406,2,74,47,44,39,51,posttest_1,posttest,/annotation/post_experiment/1.png,,,,,,,,,,,,,,,,,,,,,,1763701134,1.0,
0u58ejnfsv,control,0,posttest,2,0,,,,4.0,4.589,0u58ejnfsv,18-25,male,high-school,city,none,completed,Synthetic Generator 2.0,1920x1080,650406,2,74,47,44,39,51,posttest_2,posttest,/annotation/post_experiment/2.png,,,,,,,,,,,,,,,,,,,,,,1763701140,0.0,
0u58ejnfsv,control,0,posttest,3,1,,,,3.0,2.79,0u58ejnfsv,18-25,male,high-school,city,none,completed,Synthetic Generator 2.0,1920x1080,650406,2,74,47,44,39,51,posttest_3,posttest,/annotation/post_experiment/3.png,,,,,,,,,,,,,,,,,,,,,,1763701143,1.0,
0u58ejnfsv,control,0,posttest,4,1,,,,4.0,4.901,0u58ejnfsv,18-25,male,high-school,city,none,completed,Synthetic Generator 2.0,1920x1080,650406,2,74,47,44,39,51,posttest_4,posttest,/annotation/post_experiment/4.png,,,,,,,,,,,,,,,,,,,,,,1763701149,1.0,
0u58ejnfsv,control,0,posttest,5,0,,,,6.0,1.182,0u58ejnfsv,18-25,male,high-school,city,none,completed,Synthetic Generator 2.0,1920x1080,650406,2,74,47,44,39,51,posttest_5,posttest,/annotation/post_experiment/5.png,,,,,,,,,,,,,,,,,,,,,,1763701151,0.0,
1wf1bwofcd,treatment,1,baseline,1,1,,,,2.0,3.837,1wf1bwofcd,36-45,male,high-school,village,none,completed,Synthetic Generator 2.0,1920x1080,963329,8,85,86,50,47,73,baseline_1,baseline,/annotation/baseline/1.png,,,,,,,,,,,,,,,,,,,,,,1763705395,1.0,
1wf1bwofcd,treatment,1,baseline,2,0,,,,5.0,2.089,1wf1bwofcd,36-45,male,high-school,village,none,completed,Synthetic Generator 2.0,1920x1080,963329,8,85,86,50,47,73,baseline_2,baseline,/annotation/baseline/2.png,,,,,,,,,,,,,,,,,,,,,,1763705398,0.0,
1wf1bwofcd,treatment,1,baseline,3,0,,,,5.0,3.9,1wf1bwofcd,36-45,male,high-school,village,none,completed,Synthetic Generator 2.0,1920x1080,963329,8,85,86,50,47,73,baseline_3,baseline,/annotation/baseline/3.png,,,,,,,,,,,,,,,,,,,,,,1763705403,0.0,
1wf1bwofcd,treatment,1,baseline,4,0,,,,2.0,1.093,1wf1bwofcd,36-45,male,high-school,village,none,completed,Synthetic Generator 2.0,1920x1080,963329,8,85,86,50,47,73,baseline_4,baseline,/annotation/baseline/4.png,,,,,,,,,,,,,,,,,,,,,,1763705405,0.0,
1wf1bwofcd,treatment,1,baseline,5,1,,,,2.0,1.779,1wf1bwofcd,36-45,male,high-school,village,none,completed,Synthetic Generator 2.0,1920x1080,963329,8,85,86,50,47,73,baseline_5,baseline,/annotation/baseline/5.png,,,,,,,,,,,,,,,,,,,,,,1763705408,1.0,
1wf1bwofcd,treatment,1,experiment,1,1,,,,,14.742,1wf1bwofcd,36-45,male,high-school,village,none,completed,Synthetic Generator 2.0,1920x1080,963329,8,85,86,50,47,73,experiment_1,experiment,/annotation/experiment/1.png,0.0,True,nincsen tünet,0.010862129126318855,1.0,1.0,,,,,,0.13699173771009568,1.0,35.0,26.0,100.0,100.0,58.0,72.0,100.0,100.0,1763705424,,1.0
1wf1bwofcd,treatment,1,experiment,2,0,,,,,14.327,1wf1bwofcd,36-45,male,high-school,village,none,completed,Synthetic Generator 2.0,1920x1080,963329,8,85,86,50,47,73,experiment_2,experiment,/annotation/experiment/2.png,1.0,True,tünet,,2.0,3.0,,,,,,0.9045487824813767,0.0,,,,,,,,,1763705439,,0.0
1wf1bwofcd,treatment,1,experiment,3,1,,,,,9.326,1wf1bwofcd,36-45,male,high-school,village,none,completed,Synthetic Generator 2.0,1920x1080,963329,8,85,86,50,47,73,experiment_3,experiment,/annotation/experiment/3.png,1.0,False,tünet,0.0284157545147283,1.0,3.0,,,,,,0.9416715434812153,1.0,26.0,53.0,100.0,100.0,49.0,3.0,100.0,100.0,1763705450,,1.0
1wf1bwofcd,treatment,1,experiment,4,1,,,,,11.279,1wf1bwofcd,36-45,male,high-school,village,none,completed,Synthetic Generator 2.0,1920x1080,963329,8,85,86,50,47,73,experiment_4,experiment,/annotation/experiment/4.png,1.0,False,tünet,0.7679647471440451,3.0,4.0,,,,,,0.9821013891972294,1.0,6.0,87.0,100.0,100.0,13.0,13.0,100.0,100.0,1763705462,,1.0
1wf1bwofcd,treatment,1,experiment,5,1,,,,,5.732,1wf1bwofcd,36-45,male,high-school,village,none,completed,Synthetic Generator 2.0,1920x1080,963329,8,85,86,50,47,73,experiment_5,experiment,/annotation/experiment/5.png,1.0,False,tünet,0.8537214824192593,3.0,5.0,,,,,,0.9768408434744325,1.0,81.0,32.0,100.0,100.0,96.0,68.0,100.0,100.0,1763705469,,1.0
1wf1bwofcd,treatment,1,posttest,1,1,,,,5.0,1.478,1wf1bwofcd,36-45,male,high-school,village,none,completed,Synthetic Generator 2.0,1920x1080,963329,8,85,86,50,47,73,posttest_1,posttest,/annotation/post_experiment/1.png,,,,,,,,,,,,,,,,,,,,,,1763705471,1.0,
1wf1bwofcd,treatment,1,posttest,2,0,,,,6.0,1.307,1wf1bwofcd,36-45,male,high-school,village,none,completed,Synthetic Generator 2.0,1920x1080,963329,8,85,86,50,47,73,posttest_2,posttest,/annotation/post_experiment/2.png,,,,,,,,,,,,,,,,,,,,,,1763705473,0.0,
1wf1bwofcd,treatment,1,posttest,3,0,,,,7.0,1.162,1wf1bwofcd,36-45,male,high-school,village,none,completed,Synthetic Generator 2.0,1920x1080,963329,8,85,86,50,47,73,posttest_3,posttest,/annotation/post_experiment/3.png,,,,,,,,,,,,,,,,,,,,,,1763705475,0.0,
1wf1bwofcd,treatment,1,posttest,4,0,,,,5.0,3.637,1wf1bwofcd,36-45,male,high-school,village,none,completed,Synthetic Generator 2.0,1920x1080,963329,8,85,86,50,47,73,posttest_4,posttest,/annotation/post_experiment/4.png,,,,,,,,,,,,,,,,,,,,,,1763705480,0.0,
1wf1bwofcd,treatment,1,posttest,5,1,,,,7.0,1.319,1wf1bwofcd,36-45,male,high-school,village,none,completed,Synthetic Generator 2.0,1920x1080,963329,8,85,86,50,47,73,posttest_5,posttest,/annotation/post_experiment/5.png,,,,,,,,,,,,,,,,,,,,,,1763705482,1.0,
1kyr1qiesx,treatment,1,baseline,1,1,,,,4.0,4.175,1kyr1qiesx,36-45,female,masters,county-seat,none,completed,Synthetic Generator 2.0,1920x1080,108489,6,75,82,27,88,38,baseline_1,baseline,/annotation/baseline/1.png,,,,,,,,,,,,,,,,,,,,,,1763731277,1.0,
1kyr1qiesx,treatment,1,baseline,2,1,,,,2.0,3.932,1kyr1qiesx,36-45,female,masters,county-seat,none,completed,Synthetic Generator 2.0,1920x1080,108489,6,75,82,27,88,38,baseline_2,baseline,/annotation/baseline/2.png,,,,,,,,,,,,,,,,,,,,,,1763731282,1.0,
1kyr1qiesx,treatment,1,baseline,3,0,,,,3.0,3.933,1kyr1qiesx,36-45,female,masters,county-seat,none,completed,Synthetic Generator 2.0,1920x1080,108489,6,75,82,27,88,38,baseline_3,baseline,/annotation/baseline/3.png,,,,,,,,,,,,,,,,,,,,,,1763731286,0.0,
1kyr1qiesx,treatment,1,baseline,4,1,,,,3.0,4.981,1kyr1qiesx,36-45,female,masters,county-seat,none,completed,Synthetic Generator 2.0,1920x1080,108489,6,75,82,27,88,38,baseline_4,baseline,/annotation/baseline/4.png,,,,,,,,,,,,,,,,,,,,,,1763731292,1.0,
1kyr1qiesx,treatment,1,baseline,5,1,,,,6.0,2.219,1kyr1qiesx,36-45,female,masters,county-seat,none,completed,Synthetic Generator 2.0,1920x1080,108489,6,75,82,27,88,38,baseline_5,baseline,/annotation/baseline/5.png,,,,,,,,,,,,,,,,,,,,,,1763731296,1.0,
1kyr1qiesx,treatment,1,experiment,1,0,,,,,10.529,1kyr1qiesx,36-45,female,masters,county-seat,none,completed,Synthetic Generator 2.0,1920x1080,108489,6,75,82,27,88,38,experiment_1,experiment,/annotation/experiment/1.png,0.0,False,nincsen tünet,,3.0,3.0,,,,,,0.8911505006517529,0.0,,,,,,,,,1763731307,,0.0
1kyr1qiesx,treatment,1,experiment,2,0,,,,,8.889,1kyr1qiesx,36-45,female,masters,county-seat,none,completed,Synthetic Generator 2.0,1920x1080,108489,6,75,82,27,88,38,experiment_2,experiment,/annotation/experiment/2.png,0.0,False,nincsen tünet,,3.0,4.0,,,,,,0.8780218792081378,0.0,,,,,,,,,1763731317,,0.0
1kyr1qiesx,treatment,1,experiment,3,1,,,,,12.53,1kyr1qiesx,36-45,female,masters,county-seat,none,completed,Synthetic Generator 2.0,1920x1080,108489,6,75,82,27,88,38,experiment_3,experiment,/annotation/experiment/3.png,1.0,False,tünet,0.5470763925584594,6.0,7.0,,,,,,0.873428419560194,1.0,78.0,85.0,100.0,100.0,45.0,6.0,100.0,100.0,1763731331,,1.0
1kyr1qiesx,treatment,1,experiment,4,1,,,,,8.362,1kyr1qiesx,36-45,female,masters,county-seat,none,completed,Synthetic Generator 2.0,1920x1080,108489,6,75,82,27,88,38,experiment_4,experiment,/annotation/experiment/4.png,1.0,False,tünet,0.591835496996088,1.0,2.0,,,,,,0.8782728208363928,1.0,8.0,41.0,100.0,100.0,51.0,45.0,100.0,100.0,1763731340,,1.0
1kyr1qiesx,treatment,1,experiment,5,1,,,,,14.383,1kyr1qiesx,36-45,female,masters,county-seat,none,completed,Synthetic Generator 2.0,1920x1080,108489,6,75,82,27,88,38,experiment_5,experiment,/annotation/experiment/5.png,1.0,False,tünet,0.7571859415977996,2.0,2.0,,,,,,0.9523494825908829,1.0,70.0,55.0,100.0,100.0,33.0,89.0,100.0,100.0,1763731355,,1.0
1kyr1qiesx,treatment,1,posttest,1,1,,,,7.0,2.994,1kyr1qiesx,36-45,female,masters,county-seat,none,completed,Synthetic Generator 2.0,1920x1080,108489,6,75,82,27,88,38,posttest_1,posttest,/annotation/post_experiment/1.png,,,,,,,,,,,,,,,,,,,,,,1763731359,1.0,
1kyr1qiesx,treatment,1,posttest,2,0,,,,5.0,1.276,1kyr1qiesx,36-45,female,masters,county-seat,none,completed,Synthetic Generator 2.0,1920x1080,108489,6,75,82,27,88,38,posttest_2,posttest,/annotation/post_experiment/2.png,,,,,,,,,,,,,,,,,,,,,,1763731362,0.0,
1kyr1qiesx,treatment,1,posttest,3,1,,,,7.0,3.841,1kyr1qiesx,36-45,female,masters,county-seat,none,completed,Synthetic Generator 2.0,1920x1080,108489,6,75,82,27,88,38,posttest_3,posttest,/annotation/post_experiment/3.png,,,,,,,,,,,,,,,,,,,,,,1763731366,1.0,
1kyr1qiesx,treatment,1,posttest,4,0,,,,6.0,1.166,1kyr1qiesx,36-45,female,masters,county-seat,none,completed,Synthetic Generator 2.0,1920x1080,108489,6,75,82,27,88,38,posttest_4,posttest,/annotation/post_experiment/4.png,,,,,,,,,,,,,,,,,,,,,,1763731369,0.0,
1kyr1qiesx,treatment,1,posttest,5,1,,,,1.0,3.79,1kyr1qiesx,36-45,female,masters,county-seat,none,completed,Synthetic Generator 2.0,1920x1080,108489,6,75,82,27,88,38,posttest_5,posttest,/annotation/post_experiment/5.png,,,,,,,,,,,,,,,,,,,,,,1763731373,1.0,
04q6p5xasa,control,0,baseline,1,0,,,,3.0,3.629,04q6p5xasa,36-45,female,masters,budapest,none,completed,Synthetic Generator 2.0,1920x1080,695788,7,49,67,42,61,87,baseline_1,baseline,/annotation/baseline/1.png,,,,,,,,,,,,,,,,,,,,,,1763707296,0.0,
04q6p5xasa,control,0,baseline,2,1,,,,2.0,3.069,04q6p5xasa,36-45,female,masters,budapest,none,completed,Synthetic Generator 2.0,1920x1080,695788,7,49,67,42,61,87,baseline_2,baseline,/annotation/baseline/2.png,,,,,,,,,,,,,,,,,,,,,,1763707300,1.0,
04q6p5xasa,control,0,baseline,3,0,,,,5.0,4.328,04q6p5xasa,36-45,female,masters,budapest,none,completed,Synthetic Generator 2.0,1920x1080,695788,7,49,67,42,61,87,baseline_3,baseline,/annotation/baseline/3.png,,,,,,,,,,,,,,,,,,,,,,1763707305,0.0,
04q6p5xasa,control,0,baseline,4,1,,,,7.0,4.458,04q6p5xasa,36-45,female,masters,budapest,none,completed,Synthetic Generator 2.0,1920x1080,695788,7,49,67,42,61,87,baseline_4,baseline,/annotation/baseline/4.png,,,,,,,,,,,,,,,,,,,,,,1763707311,1.0,
04q6p5xasa,control,0,baseline,5,1,,,,2.0,1.46,04q6p5xasa,36-45,female,masters,budapest,none,completed,Synthetic Generator 2.0,1920x1080,695788,7,49,67,42,61,87,baseline_5,baseline,/annotation/baseline/5.png,,,,,,,,,,,,,,,,,,,,,,1763707313,1.0,
04q6p5xasa,control,0,experiment,1,0,,,,2.0,1.11,04q6p5xasa,36-45,female,masters,budapest,none,completed,Synthetic Generator 2.0,1920x1080,695788,7,49,67,42,61,87,experiment_1,experiment,/annotation/experiment/1.png,,,,,,,,,,,,,,,,,,,,,,1763707315,0.0,
04q6p5xasa,control,0,experiment,2,1,,,,2.0,2.499,04q6p5xasa,36-45,female,masters,budapest,none,completed,Synthetic Generator 2.0,1920x1080,695788,7,49,67,42,61,87,experiment_2,experiment,/annotation/experiment/2.png,,,,,,,,,,,,,,,,,,,,,,1763707319,1.0,
04q6p5xasa,control,0,experiment,3,1,,,,1.0,3.011,04q6p5xasa,36-45,female,masters,budapest,none,completed,Synthetic Generator 2.0,1920x1080,695788,7,49,67,42,61,87,experiment_3,experiment,/annotation/experiment/3.png,,,,,,,,,,,,,,,,,,,,,,1763707323,1.0,
04q6p5xasa,control,0,experiment,4,1,,,,5.0,3.843,04q6p5xasa,36-45,female,masters,budapest,none,completed,Synthetic Generator 2.0,1920x1080,695788,7,49,67,42,61,87,experiment_4,experiment,/annotation/experiment/4.png,,,,,,,,,,,,,,,,,,,,,,1763707328,1.0,
04q6p5xasa,control,0,experiment,5,1,,,,7.0,1.066,04q6p5xasa,36-45,female,masters,budapest,none,completed,Synthetic Generator 2.0,1920x1080,695788,7,49,67,42,61,87,experiment_5,experiment,/annotation/experiment/5.png,,,,,,,,,,,,,,,,,,,,,,1763707330,1.0,
04q6p5xasa,control,0,posttest,1,0,,,,4.0,4.655,04q6p5xasa,36-45,female,masters,budapest,none,completed,Synthetic Generator 2.0,1920x1080,695788,7,49,67,42,61,87,posttest_1,posttest,/annotation/post_experiment/1.png,,,,,,,,,,,,,,,,,,,,,,1763707336,0.0,
04q6p5xasa,control,0,posttest,2,1,,,,2.0,2.999,04q6p5xasa,36-45,female,masters,budapest,none,completed,Synthetic Generator 2.0,1920x1080,695788,7,49,67,42,61,87,posttest_2,posttest,/annotation/post_experiment/2.png,,,,,,,,,,,,,,,,,,,,,,1763707340,1.0,
04q6p5xasa,control,0,posttest,3,0,,,,4.0,4.131,04q6p5xasa,36-45,female,masters,budapest,none,completed,Synthetic Generator 2.0,1920x1080,695788,7,49,67,42,61,87,posttest_3,posttest,/annotation/post_experiment/3.png,,,,,,,,,,,,,,,,,,,,,,1763707345,0.0,
04q6p5xasa,control,0,posttest,4,0,,,,1.0,4.394,04q6p5xasa,36-45,female,masters,budapest,none,completed,Synthetic Generator 2.0,1920x1080,695788,7,49,67,42,61,87,posttest_4,posttest,/annotation/post_experiment/4.png,,,,,,,,,,,,,,,,,,,,,,1763707350,0.0,
04q6p5xasa,control,0,posttest,5,1,,,,4.0,2.5,04q6p5xasa,36-45,female,masters,budapest,none,completed,Synthetic Generator 2.0,1920x1080,695788,7,49,67,42,61,87,posttest_5,posttest,/annotation/post_experiment/5.png,,,,,,,,,,,,,,,,,,,,,,1763707354,1.0,
0asa1b1j89,control,0,baseline,1,0,,,,7.0,2.153,0asa1b1j89,26-35,female,bachelor,village,none,completed,Synthetic Generator 2.0,1920x1080,331462,3,50,57,67,60,58,baseline_1,baseline,/annotation/baseline/1.png,,,,,,,,,,,,,,,,,,,,,,1763729663,0.0,
0asa1b1j89,control,0,baseline,2,1,,,,1.0,3.138,0asa1b1j89,26-35,female,bachelor,village,none,completed,Synthetic Generator 2.0,1920x1080,331462,3,50,57,67,60,58,baseline_2,baseline,/annotation/baseline/2.png,,,,,,,,,,,,,,,,,,,,,,1763729667,1.0,
0asa1b1j89,control,0,baseline,3,0,,,,3.0,4.852,0asa1b1j89,26-35,female,bachelor,village,none,completed,Synthetic Generator 2.0,1920x1080,331462,3,50,57,67,60,58,baseline_3,baseline,/annotation/baseline/3.png,,,,,,,,,,,,,,,,,,,,,,1763729673,0.0,
0asa1b1j89,control,0,baseline,4,1,,,,4.0,3.863,0asa1b1j89,26-35,female,bachelor,village,none,completed,Synthetic Generator 2.0,1920x1080,331462,3,50,57,67,60,58,baseline_4,baseline,/annotation/baseline/4.png,,,,,,,,,,,,,,,,,,,,,,1763729677,1.0,
0asa1b1j89,control,0,baseline,5,1,,,,6.0,3.789,0asa1b1j89,26-35,female,bachelor,village,none,completed,Synthetic Generator 2.0,1920x1080,331462,3,50,57,67,60,58,baseline_5,baseline,/annotation/baseline/5.png,,,,,,,,,,,,,,,,,,,,,,1763729682,1.0,
0asa1b1j89,control,0,experiment,1,0,,,,2.0,4.921,0asa1b1j89,26-35,female,bachelor,village,none,completed,Synthetic Generator 2.0,1920x1080,331462,3,50,57,67,60,58,experiment_1,experiment,/annotation/experiment/1.png,,,,,,,,,,,,,,,,,,,,,,1763729688,0.0,
0asa1b1j89,control,0,experiment,2,1,,,,6.0,4.837,0asa1b1j89,26-35,female,bachelor,village,none,completed,Synthetic Generator 2.0,1920x1080,331462,3,50,57,67,60,58,experiment_2,experiment,/annotation/experiment/2.png,,,,,,,,,,,,,,,,,,,,,,1763729694,1.0,
0asa1b1j89,control,0,experiment,3,0,,,,3.0,2.255,0asa1b1j89,26-35,female,bachelor,village,none,completed,Synthetic Generator 2.0,1920x1080,331462,3,50,57,67,60,58,experiment_3,experiment,/annotation/experiment/3.png,,,,,,,,,,,,,,,,,,,,,,1763729697,0.0,
0asa1b1j89,control,0,experiment,4,0,,,,1.0,4.846,0asa1b1j89,26-35,female,bachelor,village,none,completed,Synthetic Generator 2.0,1920x1080,331462,3,50,57,67,60,58,experiment_4,experiment,/annotation/experiment/4.png,,,,,,,,,,,,,,,,,,,,,,1763729703,0.0,
0asa1b1j89,control,0,experiment,5,1,,,,2.0,1.662,0asa1b1j89,26-35,female,bachelor,village,none,completed,Synthetic Generator 2.0,1920x1080,331462,3,50,57,67,60,58,experiment_5,experiment,/annotation/experiment/5.png,,,,,,,,,,,,,,,,,,,,,,1763729706,1.0,
0asa1b1j89,control,0,posttest,1,0,,,,1.0,3.801,0asa1b1j89,26-35,female,bachelor,village,none,completed,Synthetic Generator 2.0,1920x1080,331462,3,50,57,67,60,58,posttest_1,posttest,/annotation/post_experiment/1.png,,,,,,,,,,,,,,,,,,,,,,1763729711,0.0,
0asa1b1j89,control,0,posttest,2,0,,,,1.0,2.696,0asa1b1j89,26-35,female,bachelor,village,none,completed,Synthetic Generator 2.0,1920x1080,331462,3,50,57,67,60,58,posttest_2,posttest,/annotation/post_experiment/2.png,,,,,,,,,,,,,,,,,,,,,,1763729714,0.0,
0asa1b1j89,control,0,posttest,3,1,,,,7.0,2.766,0asa1b1j89,26-35,female,bachelor,village,none,completed,Synthetic Generator 2.0,1920x1080,331462,3,50,57,67,60,58,posttest_3,posttest,/annotation/post_experiment/3.png,,,,,,,,,,,,,,,,,,,,,,1763729718,1.0,
0asa1b1j89,control,0,posttest,4,0,,,,3.0,1.066,0asa1b1j89,26-35,female,bachelor,village,none,completed,Synthetic Generator 2.0,1920x1080,331462,3,50,57,67,60,58,posttest_4,posttest,/annotation/post_experiment/4.png,,,,,,,,,,,,,,,,,,,,,,1763729720,0.0,
0asa1b1j89,control,0,posttest,5,0,,,,6.0,1.077,0asa1b1j89,26-35,female,bachelor,village,none,completed,Synthetic Generator 2.0,1920x1080,331462,3,50,57,67,60,58,posttest_5,posttest,/annotation/post_experiment/5.png,,,,,,,,,,,,,,,,,,,,,,1763729722,0.0,
1m3twzd16b,treatment,1,baseline,1,1,,,,2.0,3.82,1m3twzd16b,18-25,female,phd,village,none,completed,Synthetic Generator 2.0,1920x1080,698064,9,75,84,41,34,80,baseline_1,baseline,/annotation/baseline/1.png,,,,,,,,,,,,,,,,,,,,,,1763726753,1.0,
1m3twzd16b,treatment,1,baseline,2,0,,,,7.0,1.105,1m3twzd16b,18-25,female,phd,village,none,completed,Synthetic Generator 2.0,1920x1080,698064,9,75,84,41,34,80,baseline_2,baseline,/annotation/baseline/2.png,,,,,,,,,,,,,,,,,,,,,,1763726755,0.0,
1m3twzd16b,treatment,1,baseline,3,1,,,,1.0,2.54,1m3twzd16b,18-25,female,phd,village,none,completed,Synthetic Generator 2.0,1920x1080,698064,9,75,84,41,34,80,baseline_3,baseline,/annotation/baseline/3.png,,,,,,,,,,,,,,,,,,,,,,1763726759,1.0,
1m3twzd16b,treatment,1,baseline,4,0,,,,6.0,4.417,1m3twzd16b,18-25,female,phd,village,none,completed,Synthetic Generator 2.0,1920x1080,698064,9,75,84,41,34,80,baseline_4,baseline,/annotation/baseline/4.png,,,,,,,,,,,,,,,,,,,,,,1763726764,0.0,
1m3twzd16b,treatment,1,baseline,5,0,,,,4.0,3.292,1m3twzd16b,18-25,female,phd,village,none,completed,Synthetic Generator 2.0,1920x1080,698064,9,75,84,41,34,80,baseline_5,baseline,/annotation/baseline/5.png,,,,,,,,,,,,,,,,,,,,,,1763726769,0.0,
1m3twzd16b,treatment,1,experiment,1,0,,,,,7.668,1m3twzd16b,18-25,female,phd,village,none,completed,Synthetic Generator 2.0,1920x1080,698064,9,75,84,41,34,80,experiment_1,experiment,/annotation/experiment/1.png,0.0,False,nincsen tünet,,1.0,3.0,,,,,,0.8792213549692746,0.0,,,,,,,,,1763726777,,0.0
1m3twzd16b,treatment,1,experiment,2,1,,,,,14.177,1m3twzd16b,18-25,female,phd,village,none,completed,Synthetic Generator 2.0,1920x1080,698064,9,75,84,41,34,80,experiment_2,experiment,/annotation/experiment/2.png,1.0,False,tünet,0.33442960852413517,3.0,3.0,,,,,,0.22883418070052863,1.0,0.0,71.0,100.0,100.0,70.0,6.0,100.0,100.0,1763726792,,1.0
1m3twzd16b,treatment,1,experiment,3,1,,,,,13.464,1m3twzd16b,18-25,female,phd,village,none,completed,Synthetic Generator 2.0,1920x1080,698064,9,75,84,41,34,80,experiment_3,experiment,/annotation/experiment/3.png,1.0,False,tünet,0.7401673346448797,4.0,5.0,,,,,,0.9137573287327732,1.0,75.0,66.0,100.0,100.0,2.0,99.0,100.0,100.0,1763726807,,1.0
1m3twzd16b,treatment,1,experiment,4,1,,,,,14.468,1m3twzd16b,18-25,female,phd,village,none,completed,Synthetic Generator 2.0,1920x1080,698064,9,75,84,41,34,80,experiment_4,experiment,/annotation/experiment/4.png,1.0,False,tünet,0.6606970300642637,7.0,7.0,,,,,,0.8579190179972314,1.0,35.0,46.0,100.0,100.0,97.0,78.0,100.0,100.0,1763726822,,1.0
1m3twzd16b,treatment,1,experiment,5,1,,,,,8.036,1m3twzd16b,18-25,female,phd,village,none,completed,Synthetic Generator 2.0,1920x1080,698064,9,75,84,41,34,80,experiment_5,experiment,/annotation/experiment/5.png,0.0,True,nincsen tünet,0.2294493392473383,2.0,2.0,,,,,,0.90314095616855,1.0,38.0,39.0,100.0,100.0,76.0,91.0,100.0,100.0,1763726831,,1.0
1m3twzd16b,treatment,1,posttest,1,0,,,,4.0,2.83,1m3twzd16b,18-25,female,phd,village,none,completed,Synthetic Generator 2.0,1920x1080,698064,9,75,84,41,34,80,posttest_1,posttest,/annotation/post_experiment/1.png,,,,,,,,,,,,,,,,,,,,,,1763726835,0.0,
1m3twzd16b,treatment,1,posttest,2,1,,,,3.0,3.752,1m3twzd16b,18-25,female,phd,village,none,completed,Synthetic Generator 2.0,1920x1080,698064,9,75,84,41,34,80,posttest_2,posttest,/annotation/post_experiment/2.png,,,,,,,,,,,,,,,,,,,,,,1763726840,1.0,
1m3twzd16b,treatment,1,posttest,3,0,,,,5.0,3.927,1m3twzd16b,18-25,female,phd,village,none,completed,Synthetic Generator 2.0,1920x1080,698064,9,75,84,41,34,80,posttest_3,posttest,/annotation/post_experiment/3.png,,,,,,,,,,,,,,,,,,,,,,1763726845,0.0,
1m3twzd16b,treatment,1,posttest,4,1,,,,5.0,3.321,1m3twzd16b,18-25,female,phd,village,none,completed,Synthetic Generator 2.0,1920x1080,698064,9,75,84,41,34,80,posttest_4,posttest,/annotation/post_experiment/4.png,,,,,,,,,,,,,,,,,,,,,,1763726849,1.0,
1m3twzd16b,treatment,1,posttest,5,0,,,,7.0,2.98,1m3twzd16b,18-25,female,phd,village,none,completed,Synthetic Generator 2.0,1920x1080,698064,9,75,84,41,34,80,posttest_5,posttest,/annotation/post_experiment/5.png,,,,,,,,,,,,,,,,,,,,,,1763726853,0.0,
1mtm1q2yl9,treatment,1,baseline,1,0,,,,1.0,3.748,1mtm1q2yl9,18-25,female,bachelor,city,none,completed,Synthetic Generator 2.0,1920x1080,745622,9,79,79,25,44,52,baseline_1,baseline,/annotation/baseline/1.png,,,,,,,,,,,,,,,,,,,,,,1763671303,0.0,
1mtm1q2yl9,treatment,1,baseline,2,0,,,,7.0,1.382,1mtm1q2yl9,18-25,female,bachelor,city,none,completed,Synthetic Generator 2.0,1920x1080,745622,9,79,79,25,44,52,baseline_2,baseline,/annotation/baseline/2.png,,,,,,,,,,,,,,,,,,,,,,1763671306,0.0,
1mtm1q2yl9,treatment,1,baseline,3,0,,,,2.0,2.36,1mtm1q2yl9,18-25,female,bachelor,city,none,completed,Synthetic Generator 2.0,1920x1080,745622,9,79,79,25,44,52,baseline_3,baseline,/annotation/baseline/3.png,,,,,,,,,,,,,,,,,,,,,,1763671309,0.0,
1mtm1q2yl9,treatment,1,baseline,4,0,,,,1.0,3.535,1mtm1q2yl9,18-25,female,bachelor,city,none,completed,Synthetic Generator 2.0,1920x1080,745622,9,79,79,25,44,52,baseline_4,baseline,/annotation/baseline/4.png,,,,,,,,,,,,,,,,,,,,,,1763671313,0.0,
1mtm1q2yl9,treatment,1,baseline,5,1,,,,5.0,1.734,1mtm1q2yl9,18-25,female,bachelor,city,none,completed,Synthetic Generator 2.0,1920x1080,745622,9,79,79,25,44,52,baseline_5,baseline,/annotation/baseline/5.png,,,,,,,,,,,,,,,,,,,,,,1763671316,1.0,
1mtm1q2yl9,treatment,1,experiment,1,0,,,,,10.511,1mtm1q2yl9,18-25,female,bachelor,city,none,completed,Synthetic Generator 2.0,1920x1080,745622,9,79,79,25,44,52,experiment_1,experiment,/annotation/experiment/1.png,0.0,False,nincsen tünet,,2.0,4.0,,,,,,0.9594445723548529,0.0,,,,,,,,,1763671328,,0.0
1mtm1q2yl9,treatment,1,experiment,2,0,,,,,12.181,1mtm1q2yl9,18-25,female,bachelor,city,none,completed,Synthetic Generator 2.0,1920x1080,745622,9,79,79,25,44,52,experiment_2,experiment,/annotation/experiment/2.png,0.0,False,nincsen tünet,,4.0,4.0,,,,,,0.8734325081784189,0.0,,,,,,,,,1763671341,,0.0
1mtm1q2yl9,treatment,1,experiment,3,1,,,,,8.009,1mtm1q2yl9,18-25,female,bachelor,city,none,completed,Synthetic Generator 2.0,1920x1080,745622,9,79,79,25,44,52,experiment_3,experiment,/annotation/experiment/3.png,1.0,False,tünet,0.7003942331140062,1.0,1.0,,,,,,0.9274936207482233,1.0,41.0,97.0,100.0,100.0,72.0,67.0,100.0,100.0,1763671350,,1.0
1mtm1q2yl9,treatment,1,experiment,4,1,,,,,5.192,1mtm1q2yl9,18-25,female,bachelor,city,none,completed,Synthetic Generator 2.0,1920x1080,745622,9,79,79,25,44,52,experiment_4,experiment,/annotation/experiment/4.png,1.0,False,tünet,0.287774256442634,7.0,7.0,,,,,,0.9635410919483037,1.0,77.0,69.0,100.0,100.0,60.0,44.0,100.0,100.0,1763671356,,1.0
1mtm1q2yl9,treatment,1,experiment,5,1,,,,,11.348,1mtm1q2yl9,18-25,female,bachelor,city,none,completed,Synthetic Generator 2.0,1920x1080,745622,9,79,79,25,44,52,experiment_5,experiment,/annotation/experiment/5.png,1.0,False,tünet,0.6631181052992441,7.0,7.0,,,,,,0.8935803426652396,1.0,48.0,26.0,100.0,100.0,26.0,2.0,100.0,100.0,1763671368,,1.0
1mtm1q2yl9,treatment,1,posttest,1,0,,,,7.0,3.972,1mtm1q2yl9,18-25,female,bachelor,city,none,completed,Synthetic Generator 2.0,1920x1080,745622,9,79,79,25,44,52,posttest_1,posttest,/annotation/post_experiment/1.png,,,,,,,,,,,,,,,,,,,,,,1763671373,0.0,
1mtm1q2yl9,treatment,1,posttest,2,0,,,,6.0,4.247,1mtm1q2yl9,18-25,female,bachelor,city,none,completed,Synthetic Generator 2.0,1920x1080,745622,9,79,79,25,44,52,posttest_2,posttest,/annotation/post_experiment/2.png,,,,,,,,,,,,,,,,,,,,,,1763671379,0.0,
1mtm1q2yl9,treatment,1,posttest,3,0,,,,5.0,2.765,1mtm1q2yl9,18-25,female,bachelor,city,none,completed,Synthetic Generator 2.0,1920x1080,745622,9,79,79,25,44,52,posttest_3,posttest,/annotation/post_experiment/3.png,,,,,,,,,,,,,,,,,,,,,,1763671382,0.0,
1mtm1q2yl9,treatment,1,posttest,4,1,,,,5.0,3.295,1mtm1q2yl9,18-25,female,bachelor,city,none,completed,Synthetic Generator 2.0,1920x1080,745622,9,79,79,25,44,52,posttest_4,posttest,/annotation/post_experiment/4.png,,,,,,,,,,,,,,,,,,,,,,1763671387,1.0,
1mtm1q2yl9,treatment,1,posttest,5,1,,,,5.0,1.807,1mtm1q2yl9,18-25,female,bachelor,city,none,completed,Synthetic Generator 2.0,1920x1080,745622,9,79,79,25,44,52,posttest_5,posttest,/annotation/post_experiment/5.png,,,,,,,,,,,,,,,,,,,,,,1763671390,1.0,
0ux4c4bcc4,control,0,baseline,1,0,,,,3.0,1.03,0ux4c4bcc4,18-25,male,masters,budapest,none,completed,Synthetic Generator 2.0,1920x1080,524827,8,54,75,40,73,53,baseline_1,baseline,/annotation/baseline/1.png,,,,,,,,,,,,,,,,,,,,,,1763712985,0.0,
0ux4c4bcc4,control,0,baseline,2,1,,,,7.0,3.503,0ux4c4bcc4,18-25,male,masters,budapest,none,completed,Synthetic Generator 2.0,1920x1080,524827,8,54,75,40,73,53,baseline_2,baseline,/annotation/baseline/2.png,,,,,,,,,,,,,,,,,,,,,,1763712990,1.0,
0ux4c4bcc4,control,0,baseline,3,0,,,,2.0,2.913,0ux4c4bcc4,18-25,male,masters,budapest,none,completed,Synthetic Generator 2.0,1920x1080,524827,8,54,75,40,73,53,baseline_3,baseline,/annotation/baseline/3.png,,,,,,,,,,,,,,,,,,,,,,1763712994,0.0,
0ux4c4bcc4,control,0,baseline,4,0,,,,6.0,2.169,0ux4c4bcc4,18-25,male,masters,budapest,none,completed,Synthetic Generator 2.0,1920x1080,524827,8,54,75,40,73,53,baseline_4,baseline,/annotation/baseline/4.png,,,,,,,,,,,,,,,,,,,,,,1763712997,0.0,
0ux4c4bcc4,control,0,baseline,5,1,,,,5.0,1.22,0ux4c4bcc4,18-25,male,masters,budapest,none,completed,Synthetic Generator 2.0,1920x1080,524827,8,54,75,40,73,53,baseline_5,baseline,/annotation/baseline/5.png,,,,,,,,,,,,,,,,,,,,,,1763712999,1.0,
0ux4c4bcc4,control,0,experiment,1,1,,,,4.0,4.291,0ux4c4bcc4,18-25,male,masters,budapest,none,completed,Synthetic Generator 2.0,1920x1080,524827,8,54,75,40,73,53,experiment_1,experiment,/annotation/experiment/1.png,,,,,,,,,,,,,,,,,,,,,,1763713005,1.0,
0ux4c4bcc4,control,0,experiment,2,0,,,,4.0,4.778,0ux4c4bcc4,18-25,male,masters,budapest,none,completed,Synthetic Generator 2.0,1920x1080,524827,8,54,75,40,73,53,experiment_2,experiment,/annotation/experiment/2.png,,,,,,,,,,,,,,,,,,,,,,1763713010,0.0,
0ux4c4bcc4,control,0,experiment,3,1,,,,1.0,4.186,0ux4c4bcc4,18-25,male,masters,budapest,none,completed,Synthetic Generator 2.0,1920x1080,524827,8,54,75,40,73,53,experiment_3,experiment,/annotation/experiment/3.png,,,,,,,,,,,,,,,,,,,,,,1763713016,1.0,
0ux4c4bcc4,control,0,experiment,4,0,,,,6.0,4.829,0ux4c4bcc4,18-25,male,masters,budapest,none,completed,Synthetic Generator 2.0,1920x1080,524827,8,54,75,40,73,53,experiment_4,experiment,/annotation/experiment/4.png,,,,,,,,,,,,,,,,,,,,,,1763713021,0.0,
0ux4c4bcc4,control,0,experiment,5,1,,,,2.0,2.067,0ux4c4bcc4,18-25,male,masters,budapest,none,completed,Synthetic Generator 2.0,1920x1080,524827,8,54,75,40,73,53,experiment_5,experiment,/annotation/experiment/5.png,,,,,,,,,,,,,,,,,,,,,,1763713024,1.0,
0ux4c4bcc4,control,0,posttest,1,1,,,,1.0,2.613,0ux4c4bcc4,18-25,male,masters,budapest,none,completed,Synthetic Generator 2.0,1920x1080,524827,8,54,75,40,73,53,posttest_1,posttest,/annotation/post_experiment/1.png,,,,,,,,,,,,,,,,,,,,,,1763713028,1.0,
0ux4c4bcc4,control,0,posttest,2,0,,,,2.0,3.516,0ux4c4bcc4,18-25,male,masters,budapest,none,completed,Synthetic Generator 2.0,1920x1080,524827,8,54,75,40,73,53,posttest_2,posttest,/annotation/post_experiment/2.png,,,,,,,,,,,,,,,,,,,,,,1763713033,0.0,
0ux4c4bcc4,control,0,posttest,3,1,,,,1.0,2.776,0ux4c4bcc4,18-25,male,masters,budapest,none,completed,Synthetic Generator 2.0,1920x1080,524827,8,54,75,40,73,53,posttest_3,posttest,/annotation/post_experiment/3.png,,,,,,,,,,,,,,,,,,,,,,1763713036,1.0,
0ux4c4bcc4,control,0,posttest,4,1,,,,3.0,4.722,0ux4c4bcc4,18-25,male,masters,budapest,none,completed,Synthetic Generator 2.0,1920x1080,524827,8,54,75,40,73,53,posttest_4,posttest,/annotation/post_experiment/4.png,,,,,,,,,,,,,,,,,,,,,,1763713042,1.0,
0ux4c4bcc4,control,0,posttest,5,1,,,,5.0,2.616,0ux4c4bcc4,18-25,male,masters,budapest,none,completed,Synthetic Generator 2.0,1920x1080,524827,8,54,75,40,73,53,posttest_5,posttest,/annotation/post_experiment/5.png,,,,,,,,,,,,,,,,,,,,,,1763713046,1.0,
1jak6hladf,treatment,1,baseline,1,0,,,,3.0,4.331,1jak6hladf,36-45,male,high-school,county-seat,none,completed,Synthetic Generator 2.0,1920x1080,729131,10,73,77,32,37,49,baseline_1,baseline,/annotation/baseline/1.png,,,,,,,,,,,,,,,,,,,,,,1763722916,0.0,
1jak6hladf,treatment,1,baseline,2,1,,,,4.0,2.636,1jak6hladf,36-45,male,high-school,county-seat,none,completed,Synthetic Generator 2.0,1920x1080,729131,10,73,77,32,37,49,baseline_2,baseline,/annotation/baseline/2.png,,,,,,,,,,,,,,,,,,,,,,1763722919,1.0,
1jak6hladf,treatment,1,baseline,3,0,,,,6.0,4.139,1jak6hladf,36-45,male,high-school,county-seat,none,completed,Synthetic Generator 2.0,1920x1080,729131,10,73,77,32,37,49,baseline_3,baseline,/annotation/baseline/3.png,,,,,,,,,,,,,,,,,,,,,,1763722925,0.0,
1jak6hladf,treatment,1,baseline,4,1,,,,1.0,2.455,1jak6hladf,36-45,male,high-school,county-seat,none,completed,Synthetic Generator 2.0,1920x1080,729131,10,73,77,32,37,49,baseline_4,baseline,/annotation/baseline/4.png,,,,,,,,,,,,,,,,,,,,,,1763722928,1.0,
1jak6hladf,treatment,1,baseline,5,1,,,,7.0,4.752,1jak6hladf,36-45,male,high-school,county-seat,none,completed,Synthetic Generator 2.0,1920x1080,729131,10,73,77,32,37,49,baseline_5,baseline,/annotation/baseline/5.png,,,,,,,,,,,,,,,,,,,,,,1763722934,1.0,
1jak6hladf,treatment,1,experiment,1,0,,,,,9.264,1jak6hladf,36-45,male,high-school,county-seat,none,completed,Synthetic Generator 2.0,1920x1080,729131,10,73,77,32,37,49,experiment_1,experiment,/annotation/experiment/1.png,0.0,False,nincsen tünet,,6.0,6.0,,,,,,0.9005227058889613,0.0,,,,,,,,,1763722944,,0.0
1jak6hladf,treatment,1,experiment,2,0,,,,,14.996,1jak6hladf,36-45,male,high-school,county-seat,none,completed,Synthetic Generator 2.0,1920x1080,729131,10,73,77,32,37,49,experiment_2,experiment,/annotation/experiment/2.png,0.0,False,nincsen tünet,,3.0,3.0,,,,,,0.37100848616767146,1.0,79.0,2.0,100.0,100.0,,,,,1763722960,,0.0
1jak6hladf,treatment,1,experiment,3,1,,,,,13.947,1jak6hladf,36-45,male,high-school,county-seat,none,completed,Synthetic Generator 2.0,1920x1080,729131,10,73,77,32,37,49,experiment_3,experiment,/annotation/experiment/3.png,1.0,False,tünet,0.6596856442488195,2.0,2.0,,,,,,0.9344328865648306,1.0,48.0,40.0,100.0,100.0,18.0,49.0,100.0,100.0,1763722975,,1.0
1jak6hladf,treatment,1,experiment,4,1,,,,,5.071,1jak6hladf,36-45,male,high-school,county-seat,none,completed,Synthetic Generator 2.0,1920x1080,729131,10,73,77,32,37,49,experiment_4,experiment,/annotation/experiment/4.png,1.0,False,tünet,0.7823389731670602,6.0,7.0,,,,,,0.8626948815736001,1.0,19.0,80.0,100.0,100.0,47.0,48.0,100.0,100.0,1763722981,,1.0
1jak6hladf,treatment,1,experiment,5,1,,,,,7.448,1jak6hladf,36-45,male,high-school,county-seat,none,completed,Synthetic Generator 2.0,1920x1080,729131,10,73,77,32,37,49,experiment_5,experiment,/annotation/experiment/5.png,0.0,True,nincsen tünet,0.3781367206849961,5.0,6.0,,,,,,0.9156097875317912,1.0,58.0,81.0,100.0,100.0,69.0,67.0,100.0,100.0,1763722989,,1.0
1jak6hladf,treatment,1,posttest,1,1,,,,7.0,4.009,1jak6hladf,36-45,male,high-school,county-seat,none,completed,Synthetic Generator 2.0,1920x1080,729131,10,73,77,32,37,49,posttest_1,posttest,/annotation/post_experiment/1.png,,,,,,,,,,,,,,,,,,,,,,1763722994,1.0,
1jak6hladf,treatment,1,posttest,2,0,,,,5.0,3.983,1jak6hladf,36-45,male,high-school,county-seat,none,completed,Synthetic Generator 2.0,1920x1080,729131,10,73,77,32,37,49,posttest_2,posttest,/annotation/post_experiment/2.png,,,,,,,,,,,,,,,,,,,,,,1763722999,0.0,
1jak6hladf,treatment,1,posttest,3,1,,,,7.0,1.049,1jak6hladf,36-45,male,high-school,county-seat,none,completed,Synthetic Generator 2.0,1920x1080,729131,10,73,77,32,37,49,posttest_3,posttest,/annotation/post_experiment/3.png,,,,,,,,,,,,,,,,,,,,,,1763723002,1.0,
1jak6hladf,treatment,1,posttest,4,1,,,,5.0,2.446,1jak6hladf,36-45,male,high-school,county-seat,none,completed,Synthetic Generator 2.0,1920x1080,729131,10,73,77,32,37,49,posttest_4,posttest,/annotation/post_experiment/4.png,,,,,,,,,,,,,,,,,,,,,,1763723005,1.0,
1jak6hladf,treatment,1,posttest,5,1,,,,7.0,2.218,1jak6hladf,36-45,male,high-school,county-seat,none,completed,Synthetic Generator 2.0,1920x1080,729131,10,73,77,32,37,49,posttest_5,posttest,/annotation/post_experiment/5.png,,,,,,,,,,,,,,,,,,,,,,1763723008,1.0,
1azk8t6el9,treatment,1,baseline,1,1,,,,5.0,4.998,1azk8t6el9,26-35,male,elementary,village,none,completed,Synthetic Generator 2.0,1920x1080,479775,10,57,87,35,77,84,baseline_1,baseline,/annotation/baseline/1.png,,,,,,,,,,,,,,,,,,,,,,1763719088,1.0,
1azk8t6el9,treatment,1,baseline,2,1,,,,7.0,1.073,1azk8t6el9,26-35,male,elementary,village,none,completed,Synthetic Generator 2.0,1920x1080,479775,10,57,87,35,77,84,baseline_2,baseline,/annotation/baseline/2.png,,,,,,,,,,,,,,,,,,,,,,1763719091,1.0,
1azk8t6el9,treatment,1,baseline,3,1,,,,7.0,3.841,1azk8t6el9,26-35,male,elementary,village,none,completed,Synthetic Generator 2.0,1920x1080,479775,10,57,87,35,77,84,baseline_3,baseline,/annotation/baseline/3.png,,,,,,,,,,,,,,,,,,,,,,1763719095,1.0,
1azk8t6el9,treatment,1,baseline,4,1,,,,4.0,3.729,1azk8t6el9,26-35,male,elementary,village,none,completed,Synthetic Generator 2.0,1920x1080,479775,10,57,87,35,77,84,baseline_4,baseline,/annotation/baseline/4.png,,,,,,,,,,,,,,,,,,,,,,1763719100,1.0,
1azk8t6el9,treatment,1,baseline,5,1,,,,7.0,3.627,1azk8t6el9,26-35,male,elementary,village,none,completed,Synthetic Generator 2.0,1920x1080,479775,10,57,87,35,77,84,baseline_5,baseline,/annotation/baseline/5.png,,,,,,,,,,,,,,,,,,,,,,1763719105,1.0,
1azk8t6el9,treatment,1,experiment,1,0,,,,,6.056,1azk8t6el9,26-35,male,elementary,village,none,completed,Synthetic Generator 2.0,1920x1080,479775,10,57,87,35,77,84,experiment_1,experiment,/annotation/experiment/1.png,0.0,False,nincsen tünet,,1.0,1.0,,,,,,0.982513060618478,0.0,,,,,,,,,1763719112,,0.0
1azk8t6el9,treatment,1,experiment,2,0,,,,,7.506,1azk8t6el9,26-35,male,elementary,village,none,completed,Synthetic Generator 2.0,1920x1080,479775,10,57,87,35,77,84,experiment_2,experiment,/annotation/experiment/2.png,0.0,False,nincsen tünet,,7.0,7.0,,,,,,0.9483963026652563,0.0,,,,,,,,,1763719120,,0.0
1azk8t6el9,treatment,1,experiment,3,1,,,,,6.344,1azk8t6el9,26-35,male,elementary,village,none,completed,Synthetic Generator 2.0,1920x1080,479775,10,57,87,35,77,84,experiment_3,experiment,/annotation/experiment/3.png,1.0,False,tünet,0.7273515417257608,4.0,6.0,,,,,,0.9513329536580863,1.0,65.0,92.0,100.0,100.0,1.0,13.0,100.0,100.0,1763719128,,1.0
1azk8t6el9,treatment,1,experiment,4,1,,,,,7.574,1azk8t6el9,26-35,male,elementary,village,none,completed,Synthetic Generator 2.0,1920x1080,479775,10,57,87,35,77,84,experiment_4,experiment,/annotation/experiment/4.png,1.0,False,tünet,0.39769827922773593,3.0,5.0,,,,,,0.9032209542427799,1.0,61.0,62.0,100.0,100.0,35.0,53.0,100.0,100.0,1763719136,,1.0
1azk8t6el9,treatment,1,experiment,5,0,,,,,14.555,1azk8t6el9,26-35,male,elementary,village,none,completed,Synthetic Generator 2.0,1920x1080,479775,10,57,87,35,77,84,experiment_5,experiment,/annotation/experiment/5.png,1.0,True,tünet,,2.0,2.0,,,,,,0.24482573521589546,0.0,,,,,,,,,1763719152,,0.0
1azk8t6el9,treatment,1,posttest,1,1,,,,4.0,1.152,1azk8t6el9,26-35,male,elementary,village,none,completed,Synthetic Generator 2.0,1920x1080,479775,10,57,87,35,77,84,posttest_1,posttest,/annotation/post_experiment/1.png,,,,,,,,,,,,,,,,,,,,,,1763719154,1.0,
1azk8t6el9,treatment,1,posttest,2,1,,,,6.0,2.76,1azk8t6el9,26-35,male,elementary,village,none,completed,Synthetic Generator 2.0,1920x1080,479775,10,57,87,35,77,84,posttest_2,posttest,/annotation/post_experiment/2.png,,,,,,,,,,,,,,,,,,,,,,1763719158,1.0,
1azk8t6el9,treatment,1,posttest,3,1,,,,7.0,1.403,1azk8t6el9,26-35,male,elementary,village,none,completed,Synthetic Generator 2.0,1920x1080,479775,10,57,87,35,77,84,posttest_3,posttest,/annotation/post_experiment/3.png,,,,,,,,,,,,,,,,,,,,,,1763719160,1.0,
1azk8t6el9,treatment,1,posttest,4,1,,,,6.0,4.236,1azk8t6el9,26-35,male,elementary,village,none,completed,Synthetic Generator 2.0,1920x1080,479775,10,57,87,35,77,84,posttest_4,posttest,/annotation/post_experiment/4.png,,,,,,,,,,,,,,,,,,,,,,1763719165,1.0,
1azk8t6el9,treatment,1,posttest,5,1,,,,5.0,1.637,1azk8t6el9,26-35,male,elementary,village,none,completed,Synthetic Generator 2.0,1920x1080,479775,10,57,87,35,77,84,posttest_5,posttest,/annotation/post_experiment/5.png,,,,,,,,,,,,,,,,,,,,,,1763719168,1.0,
0nwcm732yh,control,0,baseline,1,0,,,,5.0,2.24,0nwcm732yh,26-35,female,phd,budapest,none,completed,Synthetic Generator 2.0,1920x1080,348901,3,49,43,47,67,73,baseline_1,baseline,/annotation/baseline/1.png,,,,,,,,,,,,,,,,,,,,,,1763683877,0.0,
0nwcm732yh,control,0,baseline,2,1,,,,1.0,1.389,0nwcm732yh,26-35,female,phd,budapest,none,completed,Synthetic Generator 2.0,1920x1080,348901,3,49,43,47,67,73,baseline_2,baseline,/annotation/baseline/2.png,,,,,,,,,,,,,,,,,,,,,,1763683879,1.0,
0nwcm732yh,control,0,baseline,3,0,,,,7.0,3.214,0nwcm732yh,26-35,female,phd,budapest,none,completed,Synthetic Generator 2.0,1920x1080,348901,3,49,43,47,67,73,baseline_3,baseline,/annotation/baseline/3.png,,,,,,,,,,,,,,,,,,,,,,1763683883,0.0,
0nwcm732yh,control,0,baseline,4,0,,,,5.0,3.119,0nwcm732yh,26-35,female,phd,budapest,none,completed,Synthetic Generator 2.0,1920x1080,348901,3,49,43,47,67,73,baseline_4,baseline,/annotation/baseline/4.png,,,,,,,,,,,,,,,,,,,,,,1763683887,0.0,
0nwcm732yh,control,0,baseline,5,0,,,,1.0,4.606,0nwcm732yh,26-35,female,phd,budapest,none,completed,Synthetic Generator 2.0,1920x1080,348901,3,49,43,47,67,73,baseline_5,baseline,/annotation/baseline/5.png,,,,,,,,,,,,,,,,,,,,,,1763683893,0.0,
0nwcm732yh,control,0,experiment,1,1,,,,2.0,2.258,0nwcm732yh,26-35,female,phd,budapest,none,completed,Synthetic Generator 2.0,1920x1080,348901,3,49,43,47,67,73,experiment_1,experiment,/annotation/experiment/1.png,,,,,,,,,,,,,,,,,,,,,,1763683896,1.0,
0nwcm732yh,control,0,experiment,2,0,,,,6.0,1.659,0nwcm732yh,26-35,female,phd,budapest,none,completed,Synthetic Generator 2.0,1920x1080,348901,3,49,43,47,67,73,experiment_2,experiment,/annotation/experiment/2.png,,,,,,,,,,,,,,,,,,,,,,1763683899,0.0,
0nwcm732yh,control,0,experiment,3,0,,,,4.0,4.396,0nwcm732yh,26-35,female,phd,budapest,none,completed,Synthetic Generator 2.0,1920x1080,348901,3,49,43,47,67,73,experiment_3,experiment,/annotation/experiment/3.png,,,,,,,,,,,,,,,,,,,,,,1763683904,0.0,
0nwcm732yh,control,0,experiment,4,1,,,,5.0,2.706,0nwcm732yh,26-35,female,phd,budapest,none,completed,Synthetic Generator 2.0,1920x1080,348901,3,49,43,47,67,73,experiment_4,experiment,/annotation/experiment/4.png,,,,,,,,,,,,,,,,,,,,,,1763683908,1.0,
0nwcm732yh,control,0,experiment,5,1,,,,6.0,1.987,0nwcm732yh,26-35,female,phd,budapest,none,completed,Synthetic Generator 2.0,1920x1080,348901,3,49,43,47,67,73,experiment_5,experiment,/annotation/experiment/5.png,,,,,,,,,,,,,,,,,,,,,,1763683911,1.0,
0nwcm732yh,control,0,posttest,1,0,,,,5.0,4.741,0nwcm732yh,26-35,female,phd,budapest,none,completed,Synthetic Generator 2.0,1920x1080,348901,3,49,43,47,67,73,posttest_1,posttest,/annotation/post_experiment/1.png,,,,,,,,,,,,,,,,,,,,,,1763683917,0.0,
0nwcm732yh,control,0,posttest,2,0,,,,1.0,4.717,0nwcm732yh,26-35,female,phd,budapest,none,completed,Synthetic Generator 2.0,1920x1080,348901,3,49,43,47,67,73,posttest_2,posttest,/annotation/post_experiment/2.png,,,,,,,,,,,,,,,,,,,,,,1763683922,0.0,
0nwcm732yh,control,0,posttest,3,1,,,,6.0,2.639,0nwcm732yh,26-35,female,phd,budapest,none,completed,Synthetic Generator 2.0,1920x1080,348901,3,49,43,47,67,73,posttest_3,posttest,/annotation/post_experiment/3.png,,,,,,,,,,,,,,,,,,,,,,1763683926,1.0,
0nwcm732yh,control,0,posttest,4,0,,,,6.0,2.917,0nwcm732yh,26-35,female,phd,budapest,none,completed,Synthetic Generator 2.0,1920x1080,348901,3,49,43,47,67,73,posttest_4,posttest,/annotation/post_experiment/4.png,,,,,,,,,,,,,,,,,,,,,,1763683930,0.0,
0nwcm732yh,control,0,posttest,5,1,,,,7.0,4.561,0nwcm732yh,26-35,female,phd,budapest,none,completed,Synthetic Generator 2.0,1920x1080,348901,3,49,43,47,67,73,posttest_5,posttest,/annotation/post_experiment/5.png,,,,,,,,,,,,,,,,,,,,,,1763683936,1.0,
1do18acixy,treatment,1,baseline,1,1,,,,3.0,1.981,1do18acixy,26-35,female,elementary,county-seat,none,completed,Synthetic Generator 2.0,1920x1080,741561,10,88,85,19,37,68,baseline_1,baseline,/annotation/baseline/1.png,,,,,,,,,,,,,,,,,,,,,,1763640675,1.0,
1do18acixy,treatment,1,baseline,2,1,,,,4.0,3.348,1do18acixy,26-35,female,elementary,county-seat,none,completed,Synthetic Generator 2.0,1920x1080,741561,10,88,85,19,37,68,baseline_2,baseline,/annotation/baseline/2.png,,,,,,,,,,,,,,,,,,,,,,1763640680,1.0,
1do18acixy,treatment,1,baseline,3,1,,,,4.0,1.159,1do18acixy,26-35,female,elementary,county-seat,none,completed,Synthetic Generator 2.0,1920x1080,741561,10,88,85,19,37,68,baseline_3,baseline,/annotation/baseline/3.png,,,,,,,,,,,,,,,,,,,,,,1763640682,1.0,
1do18acixy,treatment,1,baseline,4,0,,,,7.0,3.23,1do18acixy,26-35,female,elementary,county-seat,none,completed,Synthetic Generator 2.0,1920x1080,741561,10,88,85,19,37,68,baseline_4,baseline,/annotation/baseline/4.png,,,,,,,,,,,,,,,,,,,,,,1763640686,0.0,
1do18acixy,treatment,1,baseline,5,0,,,,5.0,1.098,1do18acixy,26-35,female,elementary,county-seat,none,completed,Synthetic Generator 2.0,1920x1080,741561,10,88,85,19,37,68,baseline_5,baseline,/annotation/baseline/5.png,,,,,,,,,,,,,,,,,,,,,,1763640688,0.0,
1do18acixy,treatment,1,experiment,1,0,,,,,6.006,1do18acixy,26-35,female,elementary,county-seat,none,completed,Synthetic Generator 2.0,1920x1080,741561,10,88,85,19,37,68,experiment_1,experiment,/annotation/experiment/1.png,0.0,False,nincsen tünet,,7.0,7.0,,,,,,0.8696293520651264,0.0,,,,,,,,,1763640695,,0.0
1do18acixy,treatment,1,experiment,2,0,,,,,11.585,1do18acixy,26-35,female,elementary,county-seat,none,completed,Synthetic Generator 2.0,1920x1080,741561,10,88,85,19,37,68,experiment_2,experiment,/annotation/experiment/2.png,1.0,True,tünet,,3.0,4.0,,,,,,0.9846630968702269,0.0,,,,,,,,,1763640708,,0.0
1do18acixy,treatment,1,experiment,3,0,,,,,9.242,1do18acixy,26-35,female,elementary,county-seat,none,completed,Synthetic Generator 2.0,1920x1080,741561,10,88,85,19,37,68,experiment_3,experiment,/annotation/experiment/3.png,0.0,False,nincsen tünet,,5.0,7.0,,,,,,0.9714892788724198,1.0,62.0,40.0,100.0,100.0,,,,,1763640718,,0.0
1do18acixy,treatment,1,experiment,4,1,,,,,7.975,1do18acixy,26-35,female,elementary,county-seat,none,completed,Synthetic Generator 2.0,1920x1080,741561,10,88,85,19,37,68,experiment_4,experiment,/annotation/experiment/4.png,1.0,False,tünet,0.3707088180615803,3.0,5.0,,,,,,0.9891068815206313,1.0,60.0,69.0,100.0,100.0,73.0,80.0,100.0,100.0,1763640727,,1.0
1do18acixy,treatment,1,experiment,5,1,,,,,13.636,1do18acixy,26-35,female,elementary,county-seat,none,completed,Synthetic Generator 2.0,1920x1080,741561,10,88,85,19,37,68,experiment_5,experiment,/annotation/experiment/5.png,1.0,False,tünet,0.6580806487912884,2.0,4.0,,,,,,0.892702514553517,1.0,89.0,59.0,100.0,100.0,48.0,7.0,100.0,100.0,1763640742,,1.0
1do18acixy,treatment,1,posttest,1,0,,,,4.0,4.468,1do18acixy,26-35,female,elementary,county-seat,none,completed,Synthetic Generator 2.0,1920x1080,741561,10,88,85,19,37,68,posttest_1,posttest,/annotation/post_experiment/1.png,,,,,,,,,,,,,,,,,,,,,,1763640747,0.0,
1do18acixy,treatment,1,posttest,2,0,,,,4.0,2.459,1do18acixy,26-35,female,elementary,county-seat,none,completed,Synthetic Generator 2.0,1920x1080,741561,10,88,85,19,37,68,posttest_2,posttest,/annotation/post_experiment/2.png,,,,,,,,,,,,,,,,,,,,,,1763640751,0.0,
1do18acixy,treatment,1,posttest,3,1,,,,7.0,2.469,1do18acixy,26-35,female,elementary,county-seat,none,completed,Synthetic Generator 2.0,1920x1080,741561,10,88,85,19,37,68,posttest_3,posttest,/annotation/post_experiment/3.png,,,,,,,,,,,,,,,,,,,,,,1763640754,1.0,
1do18acixy,treatment,1,posttest,4,1,,,,7.0,2.384,1do18acixy,26-35,female,elementary,county-seat,none,completed,Synthetic Generator 2.0,1920x1080,741561,10,88,85,19,37,68,posttest_4,posttest,/annotation/post_experiment/4.png,,,,,,,,,,,,,,,,,,,,,,1763640757,1.0,
1do18acixy,treatment,1,posttest,5,1,,,,7.0,3.702,1do18acixy,26-35,female,elementary,county-seat,none,completed,Synthetic Generator 2.0,1920x1080,741561,10,88,85,19,37,68,posttest_5,posttest,/annotation/post_experiment/5.png,,,,,,,,,,,,,,,,,,,,,,1763640762,1.0,
1dlgnkynmv,treatment,1,baseline,1,0,,,,2.0,3.897,1dlgnkynmv,18-25,male,high-school,county-seat,none,completed,Synthetic Generator 2.0,1920x1080,400498,9,78,72,23,79,81,baseline_1,baseline,/annotation/baseline/1.png,,,,,,,,,,,,,,,,,,,,,,1763651813,0.0,
1dlgnkynmv,treatment,1,baseline,2,0,,,,1.0,4.21,1dlgnkynmv,18-25,male,high-school,county-seat,none,completed,Synthetic Generator 2.0,1920x1080,400498,9,78,72,23,79,81,baseline_2,baseline,/annotation/baseline/2.png,,,,,,,,,,,,,,,,,,,,,,1763651819,0.0,
1dlgnkynmv,treatment,1,baseline,3,0,,,,1.0,3.202,1dlgnkynmv,18-25,male,high-school,county-seat,none,completed,Synthetic Generator 2.0,1920x1080,400498,9,78,72,23,79,81,baseline_3,baseline,/annotation/baseline/3.png,,,,,,,,,,,,,,,,,,,,,,1763651823,0.0,
1dlgnkynmv,treatment,1,baseline,4,0,,,,6.0,1.897,1dlgnkynmv,18-25,male,high-school,county-seat,none,completed,Synthetic Generator 2.0,1920x1080,400498,9,78,72,23,79,81,baseline_4,baseline,/annotation/baseline/4.png,,,,,,,,,,,,,,,,,,,,,,1763651826,0.0,
1dlgnkynmv,treatment,1,baseline,5,1,,,,5.0,1.654,1dlgnkynmv,18-25,male,high-school,county-seat,none,completed,Synthetic Generator 2.0,1920x1080,400498,9,78,72,23,79,81,baseline_5,baseline,/annotation/baseline/5.png,,,,,,,,,,,,,,,,,,,,,,1763651828,1.0,
1dlgnkynmv,treatment,1,experiment,1,0,,,,,12.81,1dlgnkynmv,18-25,male,high-school,county-seat,none,completed,Synthetic Generator 2.0,1920x1080,400498,9,78,72,23,79,81,experiment_1,experiment,/annotation/experiment/1.png,0.0,False,nincsen tünet,,4.0,5.0,,,,,,0.9838851385912284,0.0,,,,,,,,,1763651842,,0.0
1dlgnkynmv,treatment,1,experiment,2,0,,,,,10.624,1dlgnkynmv,18-25,male,high-school,county-seat,none,completed,Synthetic Generator 2.0,1920x1080,400498,9,78,72,23,79,81,experiment_2,experiment,/annotation/experiment/2.png,0.0,False,nincsen tünet,,4.0,5.0,,,,,,0.9755812687945984,0.0,,,,,,,,,1763651854,,0.0
1dlgnkynmv,treatment,1,experiment,3,1,,,,,14.638,1dlgnkynmv,18-25,male,high-school,county-seat,none,completed,Synthetic Generator 2.0,1920x1080,400498,9,78,72,23,79,81,experiment_3,experiment,/annotation/experiment/3.png,1.0,False,tünet,0.6986050968574952,7.0,7.0,,,,,,0.8598806772457872,1.0,81.0,52.0,100.0,100.0,31.0,78.0,100.0,100.0,1763651869,,1.0
1dlgnkynmv,treatment,1,experiment,4,1,,,,,10.815,1dlgnkynmv,18-25,male,high-school,county-seat,none,completed,Synthetic Generator 2.0,1920x1080,400498,9,78,72,23,79,81,experiment_4,experiment,/annotation/experiment/4.png,1.0,False,tünet,0.6727690966319063,6.0,6.0,,,,,,0.960250264242031,1.0,95.0,30.0,100.0,100.0,76.0,45.0,100.0,100.0,1763651881,,1.0
1dlgnkynmv,treatment,1,experiment,5,1,,,,,14.49,1dlgnkynmv,18-25,male,high-school,county-seat,none,completed,Synthetic Generator 2.0,1920x1080,400498,9,78,72,23,79,81,experiment_5,experiment,/annotation/experiment/5.png,1.0,False,tünet,0.8300650532846525,5.0,6.0,,,,,,0.8955362992995823,1.0,97.0,70.0,100.0,100.0,69.0,4.0,100.0,100.0,1763651897,,1.0
1dlgnkynmv,treatment,1,posttest,1,1,,,,7.0,3.157,1dlgnkynmv,18-25,male,high-school,county-seat,none,completed,Synthetic Generator 2.0,1920x1080,400498,9,78,72,23,79,81,posttest_1,posttest,/annotation/post_experiment/1.png,,,,,,,,,,,,,,,,,,,,,,1763651901,1.0,
1dlgnkynmv,treatment,1,posttest,2,0,,,,6.0,4.704,1dlgnkynmv,18-25,male,high-school,county-seat,none,completed,Synthetic Generator 2.0,1920x1080,400498,9,78,72,23,79,81,posttest_2,posttest,/annotation/post_experiment/2.png,,,,,,,,,,,,,,,,,,,,,,1763651907,0.0,
1dlgnkynmv,treatment,1,posttest,3,0,,,,1.0,2.014,1dlgnkynmv,18-25,male,high-school,county-seat,none,completed,Synthetic Generator 2.0,1920x1080,400498,9,78,72,23,79,81,posttest_3,posttest,/annotation/post_experiment/3.png,,,,,,,,,,,,,,,,,,,,,,1763651910,0.0,
1dlgnkynmv,treatment,1,posttest,4,1,,,,6.0,4.328,1dlgnkynmv,18-25,male,high-school,county-seat,none,completed,Synthetic Generator 2.0,1920x1080,400498,9,78,72,23,79,81,posttest_4,posttest,/annotation/post_experiment/4.png,,,,,,,,,,,,,,,,,,,,,,1763651915,1.0,
1dlgnkynmv,treatment,1,posttest,5,1,,,,6.0,4.933,1dlgnkynmv,18-25,male,high-school,county-seat,none,completed,Synthetic Generator 2.0,1920x1080,400498,9,78,72,23,79,81,posttest_5,posttest,/annotation/post_experiment/5.png,,,,,,,,,,,,,,,,,,,,,,1763651921,1.0,
19ald3ggdu,treatment,1,baseline,1,0,,,,3.0,1.372,19ald3ggdu,18-25,female,phd,county-seat,none,completed,Synthetic Generator 2.0,1920x1080,561063,6,85,81,52,49,44,baseline_1,baseline,/annotation/baseline/1.png,,,,,,,,,,,,,,,,,,,,,,1763632945,0.0,
19ald3ggdu,treatment,1,baseline,2,1,,,,2.0,4.671,19ald3ggdu,18-25,female,phd,county-seat,none,completed,Synthetic Generator 2.0,1920x1080,561063,6,85,81,52,49,44,baseline_2,baseline,/annotation/baseline/2.png,,,,,,,,,,,,,,,,,,,,,,1763632950,1.0,
19ald3ggdu,treatment,1,baseline,3,0,,,,1.0,1.487,19ald3ggdu,18-25,female,phd,county-seat,none,completed,Synthetic Generator 2.0,1920x1080,561063,6,85,81,52,49,44,baseline_3,baseline,/annotation/baseline/3.png,,,,,,,,,,,,,,,,,,,,,,1763632953,0.0,
19ald3ggdu,treatment,1,baseline,4,0,,,,7.0,1.004,19ald3ggdu,18-25,female,phd,county-seat,none,completed,Synthetic Generator 2.0,1920x1080,561063,6,85,81,52,49,44,baseline_4,baseline,/annotation/baseline/4.png,,,,,,,,,,,,,,,,,,,,,,1763632955,0.0,
19ald3ggdu,treatment,1,baseline,5,1,,,,6.0,4.33,19ald3ggdu,18-25,female,phd,county-seat,none,completed,Synthetic Generator 2.0,1920x1080,561063,6,85,81,52,49,44,baseline_5,baseline,/annotation/baseline/5.png,,,,,,,,,,,,,,,,,,,,,,1763632960,1.0,
19ald3ggdu,treatment,1,experiment,1,0,,,,,9.966,19ald3ggdu,18-25,female,phd,county-seat,none,completed,Synthetic Generator 2.0,1920x1080,561063,6,85,81,52,49,44,experiment_1,experiment,/annotation/experiment/1.png,0.0,False,nincsen tünet,,6.0,7.0,,,,,,0.8770988419549486,0.0,,,,,,,,,1763632971,,0.0
19ald3ggdu,treatment,1,experiment,2,0,,,,,10.212,19ald3ggdu,18-25,female,phd,county-seat,none,completed,Synthetic Generator 2.0,1920x1080,561063,6,85,81,52,49,44,experiment_2,experiment,/annotation/experiment/2.png,0.0,False,nincsen tünet,,4.0,6.0,,,,,,0.977395148113525,0.0,,,,,,,,,1763632982,,0.0
19ald3ggdu,treatment,1,experiment,3,1,,,,,9.947,19ald3ggdu,18-25,female,phd,county-seat,none,completed,Synthetic Generator 2.0,1920x1080,561063,6,85,81,52,49,44,experiment_3,experiment,/annotation/experiment/3.png,1.0,False,tünet,0.3413398700400152,6.0,7.0,,,,,,0.9173515508397228,1.0,55.0,50.0,100.0,100.0,78.0,36.0,100.0,100.0,1763632993,,1.0
19ald3ggdu,treatment,1,experiment,4,1,,,,,5.382,19ald3ggdu,18-25,female,phd,county-seat,none,completed,Synthetic Generator 2.0,1920x1080,561063,6,85,81,52,49,44,experiment_4,experiment,/annotation/experiment/4.png,1.0,False,tünet,0.27441192604995457,1.0,1.0,,,,,,0.9776234435680301,1.0,33.0,42.0,100.0,100.0,69.0,94.0,100.0,100.0,1763633000,,1.0
19ald3ggdu,treatment,1,experiment,5,1,,,,,12.641,19ald3ggdu,18-25,female,phd,county-seat,none,completed,Synthetic Generator 2.0,1920x1080,561063,6,85,81,52,49,44,experiment_5,experiment,/annotation/experiment/5.png,1.0,False,tünet,0.8958451340596555,1.0,1.0,,,,,,0.8506646056020154,1.0,75.0,4.0,100.0,100.0,21.0,26.0,100.0,100.0,1763633013,,1.0
19ald3ggdu,treatment,1,posttest,1,1,,,,6.0,2.225,19ald3ggdu,18-25,female,phd,county-seat,none,completed,Synthetic Generator 2.0,1920x1080,561063,6,85,81,52,49,44,posttest_1,posttest,/annotation/post_experiment/1.png,,,,,,,,,,,,,,,,,,,,,,1763633017,1.0,
19ald3ggdu,treatment,1,posttest,2,0,,,,7.0,1.428,19ald3ggdu,18-25,female,phd,county-seat,none,completed,Synthetic Generator 2.0,1920x1080,561063,6,85,81,52,49,44,posttest_2,posttest,/annotation/post_experiment/2.png,,,,,,,,,,,,,,,,,,,,,,1763633019,0.0,
19ald3ggdu,treatment,1,posttest,3,1,,,,6.0,2.581,19ald3ggdu,18-25,female,phd,county-seat,none,completed,Synthetic Generator 2.0,1920x1080,561063,6,85,81,52,49,44,posttest_3,posttest,/annotation/post_experiment/3.png,,,,,,,,,,,,,,,,,,,,,,1763633023,1.0,
19ald3ggdu,treatment,1,posttest,4,0,,,,7.0,1.866,19ald3ggdu,18-25,female,phd,county-seat,none,completed,Synthetic Generator 2.0,1920x1080,561063,6,85,81,52,49,44,posttest_4,posttest,/annotation/post_experiment/4.png,,,,,,,,,,,,,,,,,,,,,,1763633026,0.0,
19ald3ggdu,treatment,1,posttest,5,0,,,,6.0,2.298,19ald3ggdu,18-25,female,phd,county-seat,none,completed,Synthetic Generator 2.0,1920x1080,561063,6,85,81,52,49,44,posttest_5,posttest,/annotation/post_experiment/5.png,,,,,,,,,,,,,,,,,,,,,,1763633029,0.0,
02klz1al9z,control,0,baseline,1,0,,,,3.0,1.378,02klz1al9z,18-25,male,bachelor,city,none,completed,Synthetic Generator 2.0,1920x1080,615092,7,60,47,53,25,76,baseline_1,baseline,/annotation/baseline/1.png,,,,,,,,,,,,,,,,,,,,,,1763671402,0.0,
02klz1al9z,control,0,baseline,2,1,,,,1.0,3.476,02klz1al9z,18-25,male,bachelor,city,none,completed,Synthetic Generator 2.0,1920x1080,615092,7,60,47,53,25,76,baseline_2,baseline,/annotation/baseline/2.png,,,,,,,,,,,,,,,,,,,,,,1763671406,1.0,
02klz1al9z,control,0,baseline,3,0,,,,6.0,1.177,02klz1al9z,18-25,male,bachelor,city,none,completed,Synthetic Generator 2.0,1920x1080,615092,7,60,47,53,25,76,baseline_3,baseline,/annotation/baseline/3.png,,,,,,,,,,,,,,,,,,,,,,1763671408,0.0,
02klz1al9z,control,0,baseline,4,1,,,,1.0,2.02,02klz1al9z,18-25,male,bachelor,city,none,completed,Synthetic Generator 2.0,1920x1080,615092,7,60,47,53,25,76,baseline_4,baseline,/annotation/baseline/4.png,,,,,,,,,,,,,,,,,,,,,,1763671411,1.0,
02klz1al9z,control,0,baseline,5,1,,,,5.0,1.911,02klz1al9z,18-25,male,bachelor,city,none,completed,Synthetic Generator 2.0,1920x1080,615092,7,60,47,53,25,76,baseline_5,baseline,/annotation/baseline/5.png,,,,,,,,,,,,,,,,,,,,,,1763671414,1.0,
02klz1al9z,control,0,experiment,1,0,,,,7.0,2.229,02klz1al9z,18-25,male,bachelor,city,none,completed,Synthetic Generator 2.0,1920x1080,615092,7,60,47,53,25,76,experiment_1,experiment,/annotation/experiment/1.png,,,,,,,,,,,,,,,,,,,,,,1763671418,0.0,
02klz1al9z,control,0,experiment,2,1,,,,4.0,3.789,02klz1al9z,18-25,male,bachelor,city,none,completed,Synthetic Generator 2.0,1920x1080,615092,7,60,47,53,25,76,experiment_2,experiment,/annotation/experiment/2.png,,,,,,,,,,,,,,,,,,,,,,1763671422,1.0,
02klz1al9z,control,0,experiment,3,1,,,,6.0,3.622,02klz1al9z,18-25,male,bachelor,city,none,completed,Synthetic Generator 2.0,1920x1080,615092,7,60,47,53,25,76,experiment_3,experiment,/annotation/experiment/3.png,,,,,,,,,,,,,,,,,,,,,,1763671427,1.0,
02klz1al9z,control,0,experiment,4,1,,,,6.0,2.799,02klz1al9z,18-25,male,bachelor,city,none,completed,Synthetic Generator 2.0,1920x1080,615092,7,60,47,53,25,76,experiment_4,experiment,/annotation/experiment/4.png,,,,,,,,,,,,,,,,,,,,,,1763671431,1.0,
02klz1al9z,control,0,experiment,5,1,,,,1.0,2.498,02klz1al9z,18-25,male,bachelor,city,none,completed,Synthetic Generator 2.0,1920x1080,615092,7,60,47,53,25,76,experiment_5,experiment,/annotation/experiment/5.png,,,,,,,,,,,,,,,,,,,,,,1763671434,1.0,
02klz1al9z,control,0,posttest,1,1,,,,5.0,2.426,02klz1al9z,18-25,male,bachelor,city,none,completed,Synthetic Generator 2.0,1920x1080,615092,7,60,47,53,25,76,posttest_1,posttest,/annotation/post_experiment/1.png,,,,,,,,,,,,,,,,,,,,,,1763671438,1.0,
02klz1al9z,control,0,posttest,2,0,,,,3.0,4.303,02klz1al9z,18-25,male,bachelor,city,none,completed,Synthetic Generator 2.0,1920x1080,615092,7,60,47,53,25,76,posttest_2,posttest,/annotation/post_experiment/2.png,,,,,,,,,,,,,,,,,,,,,,1763671443,0.0,
02klz1al9z,control,0,posttest,3,1,,,,5.0,4.562,02klz1al9z,18-25,male,bachelor,city,none,completed,Synthetic Generator 2.0,1920x1080,615092,7,60,47,53,25,76,posttest_3,posttest,/annotation/post_experiment/3.png,,,,,,,,,,,,,,,,,,,,,,1763671449,1.0,
02klz1al9z,control,0,posttest,4,1,,,,5.0,3.287,02klz1al9z,18-25,male,bachelor,city,none,completed,Synthetic Generator 2.0,1920x1080,615092,7,60,47,53,25,76,posttest_4,posttest,/annotation/post_experiment/4.png,,,,,,,,,,,,,,,,,,,,,,1763671453,1.0,
02klz1al9z,control,0,posttest,5,1,,,,2.0,1.797,02klz1al9z,18-25,male,bachelor,city,none,completed,Synthetic Generator 2.0,1920x1080,615092,7,60,47,53,25,76,posttest_5,posttest,/annotation/post_experiment/5.png,,,,,,,,,,,,,,,,,,,,,,1763671456,1.0,
0cchv3v9ew,control,0,baseline,1,0,,,,7.0,4.053,0cchv3v9ew,26-35,female,bachelor,budapest,none,completed,Synthetic Generator 2.0,1920x1080,746873,4,70,50,58,36,60,baseline_1,baseline,/annotation/baseline/1.png,,,,,,,,,,,,,,,,,,,,,,1763672832,0.0,
0cchv3v9ew,control,0,baseline,2,0,,,,3.0,2.916,0cchv3v9ew,26-35,female,bachelor,budapest,none,completed,Synthetic Generator 2.0,1920x1080,746873,4,70,50,58,36,60,baseline_2,baseline,/annotation/baseline/2.png,,,,,,,,,,,,,,,,,,,,,,1763672836,0.0,
0cchv3v9ew,control,0,baseline,3,0,,,,2.0,2.476,0cchv3v9ew,26-35,female,bachelor,budapest,none,completed,Synthetic Generator 2.0,1920x1080,746873,4,70,50,58,36,60,baseline_3,baseline,/annotation/baseline/3.png,,,,,,,,,,,,,,,,,,,,,,1763672840,0.0,
0cchv3v9ew,control,0,baseline,4,0,,,,4.0,1.089,0cchv3v9ew,26-35,female,bachelor,budapest,none,completed,Synthetic Generator 2.0,1920x1080,746873,4,70,50,58,36,60,baseline_4,baseline,/annotation/baseline/4.png,,,,,,,,,,,,,,,,,,,,,,1763672842,0.0,
0cchv3v9ew,control,0,baseline,5,1,,,,7.0,3.758,0cchv3v9ew,26-35,female,bachelor,budapest,none,completed,Synthetic Generator 2.0,1920x1080,746873,4,70,50,58,36,60,baseline_5,baseline,/annotation/baseline/5.png,,,,,,,,,,,,,,,,,,,,,,1763672847,1.0,
0cchv3v9ew,control,0,experiment,1,1,,,,2.0,4.931,0cchv3v9ew,26-35,female,bachelor,budapest,none,completed,Synthetic Generator 2.0,1920x1080,746873,4,70,50,58,36,60,experiment_1,experiment,/annotation/experiment/1.png,,,,,,,,,,,,,,,,,,,,,,1763672853,1.0,
0cchv3v9ew,control,0,experiment,2,0,,,,7.0,2.101,0cchv3v9ew,26-35,female,bachelor,budapest,none,completed,Synthetic Generator 2.0,1920x1080,746873,4,70,50,58,36,60,experiment_2,experiment,/annotation/experiment/2.png,,,,,,,,,,,,,,,,,,,,,,1763672856,0.0,
0cchv3v9ew,control,0,experiment,3,1,,,,1.0,3.499,0cchv3v9ew,26-35,female,bachelor,budapest,none,completed,Synthetic Generator 2.0,1920x1080,746873,4,70,50,58,36,60,experiment_3,experiment,/annotation/experiment/3.png,,,,,,,,,,,,,,,,,,,,,,1763672860,1.0,
0cchv3v9ew,control,0,experiment,4,1,,,,5.0,1.021,0cchv3v9ew,26-35,female,bachelor,budapest,none,completed,Synthetic Generator 2.0,1920x1080,746873,4,70,50,58,36,60,experiment_4,experiment,/annotation/experiment/4.png,,,,,,,,,,,,,,,,,,,,,,1763672862,1.0,
0cchv3v9ew,control,0,experiment,5,1,,,,4.0,2.705,0cchv3v9ew,26-35,female,bachelor,budapest,none,completed,Synthetic Generator 2.0,1920x1080,746873,4,70,50,58,36,60,experiment_5,experiment,/annotation/experiment/5.png,,,,,,,,,,,,,,,,,,,,,,1763672866,1.0,
0cchv3v9ew,control,0,posttest,1,1,,,,5.0,3.199,0cchv3v9ew,26-35,female,bachelor,budapest,none,completed,Synthetic Generator 2.0,1920x1080,746873,4,70,50,58,36,60,posttest_1,posttest,/annotation/post_experiment/1.png,,,,,,,,,,,,,,,,,,,,,,1763672870,1.0,
0cchv3v9ew,control,0,posttest,2,0,,,,1.0,3.084,0cchv3v9ew,26-35,female,bachelor,budapest,none,completed,Synthetic Generator 2.0,1920x1080,746873,4,70,50,58,36,60,posttest_2,posttest,/annotation/post_experiment/2.png,,,,,,,,,,,,,,,,,,,,,,1763672874,0.0,
0cchv3v9ew,control,0,posttest,3,1,,,,2.0,1.273,0cchv3v9ew,26-35,female,bachelor,budapest,none,completed,Synthetic Generator 2.0,1920x1080,746873,4,70,50,58,36,60,posttest_3,posttest,/annotation/post_experiment/3.png,,,,,,,,,,,,,,,,,,,,,,1763672877,1.0,
0cchv3v9ew,control,0,posttest,4,1,,,,5.0,3.589,0cchv3v9ew,26-35,female,bachelor,budapest,none,completed,Synthetic Generator 2.0,1920x1080,746873,4,70,50,58,36,60,posttest_4,posttest,/annotation/post_experiment/4.png,,,,,,,,,,,,,,,,,,,,,,1763672881,1.0,
0cchv3v9ew,control,0,posttest,5,0,,,,7.0,1.543,0cchv3v9ew,26-35,female,bachelor,budapest,none,completed,Synthetic Generator 2.0,1920x1080,746873,4,70,50,58,36,60,posttest_5,posttest,/annotation/post_experiment/5.png,,,,,,,,,,,,,,,,,,,,,,1763672884,0.0,
03mbkjmbeq,control,0,baseline,1,0,,,,1.0,1.358,03mbkjmbeq,26-35,female,bachelor,village,none,completed,Synthetic Generator 2.0,1920x1080,858979,4,66,40,51,40,60,baseline_1,baseline,/annotation/baseline/1.png,,,,,,,,,,,,,,,,,,,,,,1763650755,0.0,
03mbkjmbeq,control,0,baseline,2,1,,,,5.0,1.989,03mbkjmbeq,26-35,female,bachelor,village,none,completed,Synthetic Generator 2.0,1920x1080,858979,4,66,40,51,40,60,baseline_2,baseline,/annotation/baseline/2.png,,,,,,,,,,,,,,,,,,,,,,1763650758,1.0,
03mbkjmbeq,control,0,baseline,3,1,,,,4.0,4.178,03mbkjmbeq,26-35,female,bachelor,village,none,completed,Synthetic Generator 2.0,1920x1080,858979,4,66,40,51,40,60,baseline_3,baseline,/annotation/baseline/3.png,,,,,,,,,,,,,,,,,,,,,,1763650763,1.0,
03mbkjmbeq,control,0,baseline,4,0,,,,6.0,1.386,03mbkjmbeq,26-35,female,bachelor,village,none,completed,Synthetic Generator 2.0,1920x1080,858979,4,66,40,51,40,60,baseline_4,baseline,/annotation/baseline/4.png,,,,,,,,,,,,,,,,,,,,,,1763650765,0.0,
03mbkjmbeq,control,0,baseline,5,1,,,,7.0,4.677,03mbkjmbeq,26-35,female,bachelor,village,none,completed,Synthetic Generator 2.0,1920x1080,858979,4,66,40,51,40,60,baseline_5,baseline,/annotation/baseline/5.png,,,,,,,,,,,,,,,,,,,,,,1763650771,1.0,
03mbkjmbeq,control,0,experiment,1,0,,,,6.0,3.993,03mbkjmbeq,26-35,female,bachelor,village,none,completed,Synthetic Generator 2.0,1920x1080,858979,4,66,40,51,40,60,experiment_1,experiment,/annotation/experiment/1.png,,,,,,,,,,,,,,,,,,,,,,1763650776,0.0,
03mbkjmbeq,control,0,experiment,2,0,,,,3.0,2.834,03mbkjmbeq,26-35,female,bachelor,village,none,completed,Synthetic Generator 2.0,1920x1080,858979,4,66,40,51,40,60,experiment_2,experiment,/annotation/experiment/2.png,,,,,,,,,,,,,,,,,,,,,,1763650780,0.0,
03mbkjmbeq,control,0,experiment,3,0,,,,1.0,3.664,03mbkjmbeq,26-35,female,bachelor,village,none,completed,Synthetic Generator 2.0,1920x1080,858979,4,66,40,51,40,60,experiment_3,experiment,/annotation/experiment/3.png,,,,,,,,,,,,,,,,,,,,,,1763650785,0.0,
03mbkjmbeq,control,0,experiment,4,0,,,,2.0,1.351,03mbkjmbeq,26-35,female,bachelor,village,none,completed,Synthetic Generator 2.0,1920x1080,858979,4,66,40,51,40,60,experiment_4,experiment,/annotation/experiment/4.png,,,,,,,,,,,,,,,,,,,,,,1763650787,0.0,
03mbkjmbeq,control,0,experiment,5,0,,,,1.0,3.609,03mbkjmbeq,26-35,female,bachelor,village,none,completed,Synthetic Generator 2.0,1920x1080,858979,4,66,40,51,40,60,experiment_5,experiment,/annotation/experiment/5.png,,,,,,,,,,,,,,,,,,,,,,1763650791,0.0,
03mbkjmbeq,control,0,posttest,1,0,,,,6.0,1.32,03mbkjmbeq,26-35,female,bachelor,village,none,completed,Synthetic Generator 2.0,1920x1080,858979,4,66,40,51,40,60,posttest_1,posttest,/annotation/post_experiment/1.png,,,,,,,,,,,,,,,,,,,,,,1763650794,0.0,
03mbkjmbeq,control,0,posttest,2,0,,,,6.0,3.796,03mbkjmbeq,26-35,female,bachelor,village,none,completed,Synthetic Generator 2.0,1920x1080,858979,4,66,40,51,40,60,posttest_2,posttest,/annotation/post_experiment/2.png,,,,,,,,,,,,,,,,,,,,,,1763650799,0.0,
03mbkjmbeq,control,0,posttest,3,0,,,,2.0,1.193,03mbkjmbeq,26-35,female,bachelor,village,none,completed,Synthetic Generator 2.0,1920x1080,858979,4,66,40,51,40,60,posttest_3,posttest,/annotation/post_experiment/3.png,,,,,,,,,,,,,,,,,,,,,,1763650801,0.0,
03mbkjmbeq,control,0,posttest,4,1,,,,2.0,4.918,03mbkjmbeq,26-35,female,bachelor,village,none,completed,Synthetic Generator 2.0,1920x1080,858979,4,66,40,51,40,60,posttest_4,posttest,/annotation/post_experiment/4.png,,,,,,,,,,,,,,,,,,,,,,1763650807,1.0,
03mbkjmbeq,control,0,posttest,5,0,,,,6.0,4.669,03mbkjmbeq,26-35,female,bachelor,village,none,completed,Synthetic Generator 2.0,1920x1080,858979,4,66,40,51,40,60,posttest_5,posttest,/annotation/post_experiment/5.png,,,,,,,,,,,,,,,,,,,,,,1763650812,0.0,
0xxs9rwtzn,control,0,baseline,1,1,,,,7.0,3.575,0xxs9rwtzn,26-35,female,bachelor,budapest,none,completed,Synthetic Generator 2.0,1920x1080,306121,4,64,56,36,63,58,baseline_1,baseline,/annotation/baseline/1.png,,,,,,,,,,,,,,,,,,,,,,1763695177,1.0,
0xxs9rwtzn,control,0,baseline,2,0,,,,5.0,3.084,0xxs9rwtzn,26-35,female,bachelor,budapest,none,completed,Synthetic Generator 2.0,1920x1080,306121,4,64,56,36,63,58,baseline_2,baseline,/annotation/baseline/2.png,,,,,,,,,,,,,,,,,,,,,,1763695181,0.0,
0xxs9rwtzn,control,0,baseline,3,1,,,,2.0,3.798,0xxs9rwtzn,26-35,female,bachelor,budapest,none,completed,Synthetic Generator 2.0,1920x1080,306121,4,64,56,36,63,58,baseline_3,baseline,/annotation/baseline/3.png,,,,,,,,,,,,,,,,,,,,,,1763695186,1.0,
0xxs9rwtzn,control,0,baseline,4,1,,,,3.0,1.186,0xxs9rwtzn,26-35,female,bachelor,budapest,none,completed,Synthetic Generator 2.0,1920x1080,306121,4,64,56,36,63,58,baseline_4,baseline,/annotation/baseline/4.png,,,,,,,,,,,,,,,,,,,,,,1763695188,1.0,
0xxs9rwtzn,control,0,baseline,5,0,,,,3.0,2.542,0xxs9rwtzn,26-35,female,bachelor,budapest,none,completed,Synthetic Generator 2.0,1920x1080,306121,4,64,56,36,63,58,baseline_5,baseline,/annotation/baseline/5.png,,,,,,,,,,,,,,,,,,,,,,1763695192,0.0,
0xxs9rwtzn,control,0,experiment,1,0,,,,1.0,2.512,0xxs9rwtzn,26-35,female,bachelor,budapest,none,completed,Synthetic Generator 2.0,1920x1080,306121,4,64,56,36,63,58,experiment_1,experiment,/annotation/experiment/1.png,,,,,,,,,,,,,,,,,,,,,,1763695195,0.0,
0xxs9rwtzn,control,0,experiment,2,0,,,,4.0,3.348,0xxs9rwtzn,26-35,female,bachelor,budapest,none,completed,Synthetic Generator 2.0,1920x1080,306121,4,64,56,36,63,58,experiment_2,experiment,/annotation/experiment/2.png,,,,,,,,,,,,,,,,,,,,,,1763695199,0.0,
0xxs9rwtzn,control,0,experiment,3,0,,,,5.0,1.096,0xxs9rwtzn,26-35,female,bachelor,budapest,none,completed,Synthetic Generator 2.0,1920x1080,306121,4,64,56,36,63,58,experiment_3,experiment,/annotation/experiment/3.png,,,,,,,,,,,,,,,,,,,,,,1763695202,0.0,
0xxs9rwtzn,control,0,experiment,4,1,,,,7.0,2.771,0xxs9rwtzn,26-35,female,bachelor,budapest,none,completed,Synthetic Generator 2.0,1920x1080,306121,4,64,56,36,63,58,experiment_4,experiment,/annotation/experiment/4.png,,,,,,,,,,,,,,,,,,,,,,1763695205,1.0,
0xxs9rwtzn,control,0,experiment,5,1,,,,1.0,4.772,0xxs9rwtzn,26-35,female,bachelor,budapest,none,completed,Synthetic Generator 2.0,1920x1080,306121,4,64,56,36,63,58,experiment_5,experiment,/annotation/experiment/5.png,,,,,,,,,,,,,,,,,,,,,,1763695211,1.0,
0xxs9rwtzn,control,0,posttest,1,0,,,,7.0,4.441,0xxs9rwtzn,26-35,female,bachelor,budapest,none,completed,Synthetic Generator 2.0,1920x1080,306121,4,64,56,36,63,58,posttest_1,posttest,/annotation/post_experiment/1.png,,,,,,,,,,,,,,,,,,,,,,1763695217,0.0,
0xxs9rwtzn,control,0,posttest,2,0,,,,7.0,4.794,0xxs9rwtzn,26-35,female,bachelor,budapest,none,completed,Synthetic Generator 2.0,1920x1080,306121,4,64,56,36,63,58,posttest_2,posttest,/annotation/post_experiment/2.png,,,,,,,,,,,,,,,,,,,,,,1763695222,0.0,
0xxs9rwtzn,control,0,posttest,3,0,,,,7.0,4.6,0xxs9rwtzn,26-35,female,bachelor,budapest,none,completed,Synthetic Generator 2.0,1920x1080,306121,4,64,56,36,63,58,posttest_3,posttest,/annotation/post_experiment/3.png,,,,,,,,,,,,,,,,,,,,,,1763695228,0.0,
0xxs9rwtzn,control,0,posttest,4,0,,,,3.0,1.868,0xxs9rwtzn,26-35,female,bachelor,budapest,none,completed,Synthetic Generator 2.0,1920x1080,306121,4,64,56,36,63,58,posttest_4,posttest,/annotation/post_experiment/4.png,,,,,,,,,,,,,,,,,,,,,,1763695231,0.0,
0xxs9rwtzn,control,0,posttest,5,0,,,,7.0,1.339,0xxs9rwtzn,26-35,female,bachelor,budapest,none,completed,Synthetic Generator 2.0,1920x1080,306121,4,64,56,36,63,58,posttest_5,posttest,/annotation/post_experiment/5.png,,,,,,,,,,,,,,,,,,,,,,1763695233,0.0,
1y0d04td5v,treatment,1,baseline,1,0,,,,4.0,3.391,1y0d04td5v,18-25,male,high-school,county-seat,none,completed,Synthetic Generator 2.0,1920x1080,199316,6,90,78,39,31,75,baseline_1,baseline,/annotation/baseline/1.png,,,,,,,,,,,,,,,,,,,,,,1763700897,0.0,
1y0d04td5v,treatment,1,baseline,2,0,,,,6.0,1.867,1y0d04td5v,18-25,male,high-school,county-seat,none,completed,Synthetic Generator 2.0,1920x1080,199316,6,90,78,39,31,75,baseline_2,baseline,/annotation/baseline/2.png,,,,,,,,,,,,,,,,,,,,,,1763700900,0.0,
1y0d04td5v,treatment,1,baseline,3,0,,,,7.0,1.578,1y0d04td5v,18-25,male,high-school,county-seat,none,completed,Synthetic Generator 2.0,1920x1080,199316,6,90,78,39,31,75,baseline_3,baseline,/annotation/baseline/3.png,,,,,,,,,,,,,,,,,,,,,,1763700902,0.0,
1y0d04td5v,treatment,1,baseline,4,1,,,,7.0,2.532,1y0d04td5v,18-25,male,high-school,county-seat,none,completed,Synthetic Generator 2.0,1920x1080,199316,6,90,78,39,31,75,baseline_4,baseline,/annotation/baseline/4.png,,,,,,,,,,,,,,,,,,,,,,1763700906,1.0,
1y0d04td5v,treatment,1,baseline,5,1,,,,1.0,1.514,1y0d04td5v,18-25,male,high-school,county-seat,none,completed,Synthetic Generator 2.0,1920x1080,199316,6,90,78,39,31,75,baseline_5,baseline,/annotation/baseline/5.png,,,,,,,,,,,,,,,,,,,,,,1763700908,1.0,
1y0d04td5v,treatment,1,experiment,1,0,,,,,5.938,1y0d04td5v,18-25,male,high-school,county-seat,none,completed,Synthetic Generator 2.0,1920x1080,199316,6,90,78,39,31,75,experiment_1,experiment,/annotation/experiment/1.png,0.0,False,nincsen tünet,,3.0,5.0,,,,,,0.9095096733381112,0.0,,,,,,,,,1763700915,,0.0
1y0d04td5v,treatment,1,experiment,2,0,,,,,5.904,1y0d04td5v,18-25,male,high-school,county-seat,none,completed,Synthetic Generator 2.0,1920x1080,199316,6,90,78,39,31,75,experiment_2,experiment,/annotation/experiment/2.png,1.0,True,tünet,,1.0,3.0,,,,,,0.8617064309445033,0.0,,,,,,,,,1763700922,,0.0
1y0d04td5v,treatment,1,experiment,3,1,,,,,9.149,1y0d04td5v,18-25,male,high-school,county-seat,none,completed,Synthetic Generator 2.0,1920x1080,199316,6,90,78,39,31,75,experiment_3,experiment,/annotation/experiment/3.png,1.0,False,tünet,0.6383671863680898,2.0,2.0,,,,,,0.9009410445540166,1.0,10.0,97.0,100.0,100.0,80.0,13.0,100.0,100.0,1763700932,,1.0
1y0d04td5v,treatment,1,experiment,4,0,,,,,9.115,1y0d04td5v,18-25,male,high-school,county-seat,none,completed,Synthetic Generator 2.0,1920x1080,199316,6,90,78,39,31,75,experiment_4,experiment,/annotation/experiment/4.png,1.0,True,tünet,,6.0,7.0,,,,,,0.14039111338409752,0.0,,,,,,,,,1763700942,,0.0
1y0d04td5v,treatment,1,experiment,5,0,,,,,8.266,1y0d04td5v,18-25,male,high-school,county-seat,none,completed,Synthetic Generator 2.0,1920x1080,199316,6,90,78,39,31,75,experiment_5,experiment,/annotation/experiment/5.png,1.0,True,tünet,,1.0,1.0,,,,,,0.3029269877819156,0.0,,,,,,,,,1763700952,,0.0
1y0d04td5v,treatment,1,posttest,1,1,,,,5.0,3.796,1y0d04td5v,18-25,male,high-school,county-seat,none,completed,Synthetic Generator 2.0,1920x1080,199316,6,90,78,39,31,75,posttest_1,posttest,/annotation/post_experiment/1.png,,,,,,,,,,,,,,,,,,,,,,1763700956,1.0,
1y0d04td5v,treatment,1,posttest,2,0,,,,7.0,1.633,1y0d04td5v,18-25,male,high-school,county-seat,none,completed,Synthetic Generator 2.0,1920x1080,199316,6,90,78,39,31,75,posttest_2,posttest,/annotation/post_experiment/2.png,,,,,,,,,,,,,,,,,,,,,,1763700959,0.0,
1y0d04td5v,treatment,1,posttest,3,0,,,,5.0,4.739,1y0d04td5v,18-25,male,high-school,county-seat,none,completed,Synthetic Generator 2.0,1920x1080,199316,6,90,78,39,31,75,posttest_3,posttest,/annotation/post_experiment/3.png,,,,,,,,,,,,,,,,,,,,,,1763700965,0.0,
1y0d04td5v,treatment,1,posttest,4,0,,,,6.0,3.142,1y0d04td5v,18-25,male,high-school,county-seat,none,completed,Synthetic Generator 2.0,1920x1080,199316,6,90,78,39,31,75,posttest_4,posttest,/annotation/post_experiment/4.png,,,,,,,,,,,,,,,,,,,,,,1763700969,0.0,
1y0d04td5v,treatment,1,posttest,5,0,,,,6.0,2.243,1y0d04td5v,18-25,male,high-school,county-seat,none,completed,Synthetic Generator 2.0,1920x1080,199316,6,90,78,39,31,75,posttest_5,posttest,/annotation/post_experiment/5.png,,,,,,,,,,,,,,,,,,,,,,1763700972,0.0,
0w9w4semin,control,0,baseline,1,1,,,,5.0,4.756,0w9w4semin,26-35,female,phd,village,none,completed,Synthetic Generator 2.0,1920x1080,409551,2,71,74,44,60,83,baseline_1,baseline,/annotation/baseline/1.png,,,,,,,,,,,,,,,,,,,,,,1763635846,1.0,
0w9w4semin,control,0,baseline,2,1,,,,4.0,4.593,0w9w4semin,26-35,female,phd,village,none,completed,Synthetic Generator 2.0,1920x1080,409551,2,71,74,44,60,83,baseline_2,baseline,/annotation/baseline/2.png,,,,,,,,,,,,,,,,,,,,,,1763635852,1.0,
0w9w4semin,control,0,baseline,3,0,,,,2.0,1.303,0w9w4semin,26-35,female,phd,village,none,completed,Synthetic Generator 2.0,1920x1080,409551,2,71,74,44,60,83,baseline_3,baseline,/annotation/baseline/3.png,,,,,,,,,,,,,,,,,,,,,,1763635854,0.0,
0w9w4semin,control,0,baseline,4,0,,,,5.0,1.489,0w9w4semin,26-35,female,phd,village,none,completed,Synthetic Generator 2.0,1920x1080,409551,2,71,74,44,60,83,baseline_4,baseline,/annotation/baseline/4.png,,,,,,,,,,,,,,,,,,,,,,1763635857,0.0,
0w9w4semin,control,0,baseline,5,1,,,,5.0,1.787,0w9w4semin,26-35,female,phd,village,none,completed,Synthetic Generator 2.0,1920x1080,409551,2,71,74,44,60,83,baseline_5,baseline,/annotation/baseline/5.png,,,,,,,,,,,,,,,,,,,,,,1763635859,1.0,
0w9w4semin,control,0,experiment,1,1,,,,4.0,3.812,0w9w4semin,26-35,female,phd,village,none,completed,Synthetic Generator 2.0,1920x1080,409551,2,71,74,44,60,83,experiment_1,experiment,/annotation/experiment/1.png,,,,,,,,,,,,,,,,,,,,,,1763635864,1.0,
0w9w4semin,control,0,experiment,2,0,,,,6.0,3.094,0w9w4semin,26-35,female,phd,village,none,completed,Synthetic Generator 2.0,1920x1080,409551,2,71,74,44,60,83,experiment_2,experiment,/annotation/experiment/2.png,,,,,,,,,,,,,,,,,,,,,,1763635868,0.0,
0w9w4semin,control,0,experiment,3,0,,,,7.0,4.283,0w9w4semin,26-35,female,phd,village,none,completed,Synthetic Generator 2.0,1920x1080,409551,2,71,74,44,60,83,experiment_3,experiment,/annotation/experiment/3.png,,,,,,,,,,,,,,,,,,,,,,1763635874,0.0,
0w9w4semin,control,0,experiment,4,1,,,,5.0,3.116,0w9w4semin,26-35,female,phd,village,none,completed,Synthetic Generator 2.0,1920x1080,409551,2,71,74,44,60,83,experiment_4,experiment,/annotation/experiment/4.png,,,,,,,,,,,,,,,,,,,,,,1763635878,1.0,
0w9w4semin,control,0,experiment,5,1,,,,2.0,2.248,0w9w4semin,26-35,female,phd,village,none,completed,Synthetic Generator 2.0,1920x1080,409551,2,71,74,44,60,83,experiment_5,experiment,/annotation/experiment/5.png,,,,,,,,,,,,,,,,,,,,,,1763635881,1.0,
0w9w4semin,control,0,posttest,1,1,,,,4.0,4.861,0w9w4semin,26-35,female,phd,village,none,completed,Synthetic Generator 2.0,1920x1080,409551,2,71,74,44,60,83,posttest_1,posttest,/annotation/post_experiment/1.png,,,,,,,,,,,,,,,,,,,,,,1763635887,1.0,
0w9w4semin,control,0,posttest,2,1,,,,3.0,4.232,0w9w4semin,26-35,female,phd,village,none,completed,Synthetic Generator 2.0,1920x1080,409551,2,71,74,44,60,83,posttest_2,posttest,/annotation/post_experiment/2.png,,,,,,,,,,,,,,,,,,,,,,1763635892,1.0,
0w9w4semin,control,0,posttest,3,0,,,,6.0,2.602,0w9w4semin,26-35,female,phd,village,none,completed,Synthetic Generator 2.0,1920x1080,409551,2,71,74,44,60,83,posttest_3,posttest,/annotation/post_experiment/3.png,,,,,,,,,,,,,,,,,,,,,,1763635896,0.0,
0w9w4semin,control,0,posttest,4,1,,,,2.0,4.429,0w9w4semin,26-35,female,phd,village,none,completed,Synthetic Generator 2.0,1920x1080,409551,2,71,74,44,60,83,posttest_4,posttest,/annotation/post_experiment/4.png,,,,,,,,,,,,,,,,,,,,,,1763635901,1.0,
0w9w4semin,control,0,posttest,5,1,,,,2.0,1.194,0w9w4semin,26-35,female,phd,village,none,completed,Synthetic Generator 2.0,1920x1080,409551,2,71,74,44,60,83,posttest_5,posttest,/annotation/post_experiment/5.png,,,,,,,,,,,,,,,,,,,,,,1763635903,1.0,
00gnk44z7t,control,0,baseline,1,0,,,,2.0,4.485,00gnk44z7t,36-45,male,elementary,budapest,none,completed,Synthetic Generator 2.0,1920x1080,886935,7,61,80,69,42,32,baseline_1,baseline,/annotation/baseline/1.png,,,,,,,,,,,,,,,,,,,,,,1763705129,0.0,
00gnk44z7t,control,0,baseline,2,1,,,,5.0,3.66,00gnk44z7t,36-45,male,elementary,budapest,none,completed,Synthetic Generator 2.0,1920x1080,886935,7,61,80,69,42,32,baseline_2,baseline,/annotation/baseline/2.png,,,,,,,,,,,,,,,,,,,,,,1763705134,1.0,
00gnk44z7t,control,0,baseline,3,1,,,,7.0,3.313,00gnk44z7t,36-45,male,elementary,budapest,none,completed,Synthetic Generator 2.0,1920x1080,886935,7,61,80,69,42,32,baseline_3,baseline,/annotation/baseline/3.png,,,,,,,,,,,,,,,,,,,,,,1763705138,1.0,
00gnk44z7t,control,0,baseline,4,1,,,,1.0,2.496,00gnk44z7t,36-45,male,elementary,budapest,none,completed,Synthetic Generator 2.0,1920x1080,886935,7,61,80,69,42,32,baseline_4,baseline,/annotation/baseline/4.png,,,,,,,,,,,,,,,,,,,,,,1763705141,1.0,
00gnk44z7t,control,0,baseline,5,1,,,,3.0,2.609,00gnk44z7t,36-45,male,elementary,budapest,none,completed,Synthetic Generator 2.0,1920x1080,886935,7,61,80,69,42,32,baseline_5,baseline,/annotation/baseline/5.png,,,,,,,,,,,,,,,,,,,,,,1763705145,1.0,
00gnk44z7t,control,0,experiment,1,0,,,,1.0,1.454,00gnk44z7t,36-45,male,elementary,budapest,none,completed,Synthetic Generator 2.0,1920x1080,886935,7,61,80,69,42,32,experiment_1,experiment,/annotation/experiment/1.png,,,,,,,,,,,,,,,,,,,,,,1763705147,0.0,
00gnk44z7t,control,0,experiment,2,0,,,,6.0,2.874,00gnk44z7t,36-45,male,elementary,budapest,none,completed,Synthetic Generator 2.0,1920x1080,886935,7,61,80,69,42,32,experiment_2,experiment,/annotation/experiment/2.png,,,,,,,,,,,,,,,,,,,,,,1763705151,0.0,
00gnk44z7t,control,0,experiment,3,1,,,,5.0,4.736,00gnk44z7t,36-45,male,elementary,budapest,none,completed,Synthetic Generator 2.0,1920x1080,886935,7,61,80,69,42,32,experiment_3,experiment,/annotation/experiment/3.png,,,,,,,,,,,,,,,,,,,,,,1763705157,1.0,
00gnk44z7t,control,0,experiment,4,0,,,,6.0,1.522,00gnk44z7t,36-45,male,elementary,budapest,none,completed,Synthetic Generator 2.0,1920x1080,886935,7,61,80,69,42,32,experiment_4,experiment,/annotation/experiment/4.png,,,,,,,,,,,,,,,,,,,,,,1763705160,0.0,
00gnk44z7t,control,0,experiment,5,1,,,,1.0,3.802,00gnk44z7t,36-45,male,elementary,budapest,none,completed,Synthetic Generator 2.0,1920x1080,886935,7,61,80,69,42,32,experiment_5,experiment,/annotation/experiment/5.png,,,,,,,,,,,,,,,,,,,,,,1763705164,1.0,
00gnk44z7t,control,0,posttest,1,0,,,,1.0,2.038,00gnk44z7t,36-45,male,elementary,budapest,none,completed,Synthetic Generator 2.0,1920x1080,886935,7,61,80,69,42,32,posttest_1,posttest,/annotation/post_experiment/1.png,,,,,,,,,,,,,,,,,,,,,,1763705167,0.0,
00gnk44z7t,control,0,posttest,2,1,,,,5.0,4.828,00gnk44z7t,36-45,male,elementary,budapest,none,completed,Synthetic Generator 2.0,1920x1080,886935,7,61,80,69,42,32,posttest_2,posttest,/annotation/post_experiment/2.png,,,,,,,,,,,,,,,,,,,,,,1763705173,1.0,
00gnk44z7t,control,0,posttest,3,1,,,,2.0,3.786,00gnk44z7t,36-45,male,elementary,budapest,none,completed,Synthetic Generator 2.0,1920x1080,886935,7,61,80,69,42,32,posttest_3,posttest,/annotation/post_experiment/3.png,,,,,,,,,,,,,,,,,,,,,,1763705178,1.0,
00gnk44z7t,control,0,posttest,4,0,,,,1.0,2.876,00gnk44z7t,36-45,male,elementary,budapest,none,completed,Synthetic Generator 2.0,1920x1080,886935,7,61,80,69,42,32,posttest_4,posttest,/annotation/post_experiment/4.png,,,,,,,,,,,,,,,,,,,,,,1763705182,0.0,
00gnk44z7t,control,0,posttest,5,0,,,,7.0,3.516,00gnk44z7t,36-45,male,elementary,budapest,none,completed,Synthetic Generator 2.0,1920x1080,886935,7,61,80,69,42,32,posttest_5,posttest,/annotation/post_experiment/5.png,,,,,,,,,,,,,,,,,,,,,,1763705186,0.0,
167bcacke8,treatment,1,baseline,1,0,,,,4.0,1.214,167bcacke8,18-25,male,bachelor,city,none,completed,Synthetic Generator 2.0,1920x1080,675596,10,88,85,30,53,72,baseline_1,baseline,/annotation/baseline/1.png,,,,,,,,,,,,,,,,,,,,,,1763701539,0.0,
167bcacke8,treatment,1,baseline,2,0,,,,3.0,3.724,167bcacke8,18-25,male,bachelor,city,none,completed,Synthetic Generator 2.0,1920x1080,675596,10,88,85,30,53,72,baseline_2,baseline,/annotation/baseline/2.png,,,,,,,,,,,,,,,,,,,,,,1763701543,0.0,
167bcacke8,treatment,1,baseline,3,1,,,,7.0,1.991,167bcacke8,18-25,male,bachelor,city,none,completed,Synthetic Generator 2.0,1920x1080,675596,10,88,85,30,53,72,baseline_3,baseline,/annotation/baseline/3.png,,,,,,,,,,,,,,,,,,,,,,1763701546,1.0,
167bcacke8,treatment,1,baseline,4,1,,,,2.0,4.697,167bcacke8,18-25,male,bachelor,city,none,completed,Synthetic Generator 2.0,1920x1080,675596,10,88,85,30,53,72,baseline_4,baseline,/annotation/baseline/4.png,,,,,,,,,,,,,,,,,,,,,,1763701552,1.0,
167bcacke8,treatment,1,baseline,5,0,,,,7.0,4.329,167bcacke8,18-25,male,bachelor,city,none,completed,Synthetic Generator 2.0,1920x1080,675596,10,88,85,30,53,72,baseline_5,baseline,/annotation/baseline/5.png,,,,,,,,,,,,,,,,,,,,,,1763701557,0.0,
167bcacke8,treatment,1,experiment,1,0,,,,,12.558,167bcacke8,18-25,male,bachelor,city,none,completed,Synthetic Generator 2.0,1920x1080,675596,10,88,85,30,53,72,experiment_1,experiment,/annotation/experiment/1.png,0.0,False,nincsen tünet,,6.0,6.0,,,,,,0.9797038125689124,0.0,,,,,,,,,1763701571,,0.0
167bcacke8,treatment,1,experiment,2,0,,,,,5.727,167bcacke8,18-25,male,bachelor,city,none,completed,Synthetic Generator 2.0,1920x1080,675596,10,88,85,30,53,72,experiment_2,experiment,/annotation/experiment/2.png,1.0,True,tünet,,4.0,4.0,,,,,,0.9418934226509301,0.0,,,,,,,,,1763701578,,0.0
167bcacke8,treatment,1,experiment,3,1,,,,,7.028,167bcacke8,18-25,male,bachelor,city,none,completed,Synthetic Generator 2.0,1920x1080,675596,10,88,85,30,53,72,experiment_3,experiment,/annotation/experiment/3.png,1.0,False,tünet,0.6672890368406509,5.0,6.0,,,,,,0.9794357222029431,1.0,21.0,4.0,100.0,100.0,49.0,90.0,100.0,100.0,1763701586,,1.0
167bcacke8,treatment,1,experiment,4,1,,,,,13.92,167bcacke8,18-25,male,bachelor,city,none,completed,Synthetic Generator 2.0,1920x1080,675596,10,88,85,30,53,72,experiment_4,experiment,/annotation/experiment/4.png,1.0,False,tünet,0.27272478173131287,5.0,6.0,,,,,,0.8945197993063294,1.0,87.0,24.0,100.0,100.0,31.0,87.0,100.0,100.0,1763701601,,1.0
167bcacke8,treatment,1,experiment,5,1,,,,,6.847,167bcacke8,18-25,male,bachelor,city,none,completed,Synthetic Generator 2.0,1920x1080,675596,10,88,85,30,53,72,experiment_5,experiment,/annotation/experiment/5.png,1.0,False,tünet,0.444457669579326,2.0,4.0,,,,,,0.17767597646597916,0.0,,,,,40.0,46.0,100.0,100.0,1763701608,,1.0
167bcacke8,treatment,1,posttest,1,0,,,,6.0,4.069,167bcacke8,18-25,male,bachelor,city,none,completed,Synthetic Generator 2.0,1920x1080,675596,10,88,85,30,53,72,posttest_1,posttest,/annotation/post_experiment/1.png,,,,,,,,,,,,,,,,,,,,,,1763701614,0.0,
167bcacke8,treatment,1,posttest,2,1,,,,5.0,1.767,167bcacke8,18-25,male,bachelor,city,none,completed,Synthetic Generator 2.0,1920x1080,675596,10,88,85,30,53,72,posttest_2,posttest,/annotation/post_experiment/2.png,,,,,,,,,,,,,,,,,,,,,,1763701616,1.0,
167bcacke8,treatment,1,posttest,3,1,,,,7.0,4.327,167bcacke8,18-25,male,bachelor,city,none,completed,Synthetic Generator 2.0,1920x1080,675596,10,88,85,30,53,72,posttest_3,posttest,/annotation/post_experiment/3.png,,,,,,,,,,,,,,,,,,,,,,1763701622,1.0,
167bcacke8,treatment,1,posttest,4,1,,,,5.0,4.171,167bcacke8,18-25,male,bachelor,city,none,completed,Synthetic Generator 2.0,1920x1080,675596,10,88,85,30,53,72,posttest_4,posttest,/annotation/post_experiment/4.png,,,,,,,,,,,,,,,,,,,,,,1763701627,1.0,
167bcacke8,treatment,1,posttest,5,1,,,,6.0,2.926,167bcacke8,18-25,male,bachelor,city,none,completed,Synthetic Generator 2.0,1920x1080,675596,10,88,85,30,53,72,posttest_5,posttest,/annotation/post_experiment/5.png,,,,,,,,,,,,,,,,,,,,,,1763701631,1.0,
0i5wtxfe7d,control,0,baseline,1,0,,,,5.0,1.872,0i5wtxfe7d,36-45,female,phd,city,none,completed,Synthetic Generator 2.0,1920x1080,183193,4,52,75,44,81,73,baseline_1,baseline,/annotation/baseline/1.png,,,,,,,,,,,,,,,,,,,,,,1763659159,0.0,
0i5wtxfe7d,control,0,baseline,2,1,,,,4.0,3.559,0i5wtxfe7d,36-45,female,phd,city,none,completed,Synthetic Generator 2.0,1920x1080,183193,4,52,75,44,81,73,baseline_2,baseline,/annotation/baseline/2.png,,,,,,,,,,,,,,,,,,,,,,1763659164,1.0,
0i5wtxfe7d,control,0,baseline,3,1,,,,7.0,3.848,0i5wtxfe7d,36-45,female,phd,city,none,completed,Synthetic Generator 2.0,1920x1080,183193,4,52,75,44,81,73,baseline_3,baseline,/annotation/baseline/3.png,,,,,,,,,,,,,,,,,,,,,,1763659169,1.0,
0i5wtxfe7d,control,0,baseline,4,1,,,,5.0,4.286,0i5wtxfe7d,36-45,female,phd,city,none,completed,Synthetic Generator 2.0,1920x1080,183193,4,52,75,44,81,73,baseline_4,baseline,/annotation/baseline/4.png,,,,,,,,,,,,,,,,,,,,,,1763659174,1.0,
0i5wtxfe7d,control,0,baseline,5,0,,,,3.0,4.252,0i5wtxfe7d,36-45,female,phd,city,none,completed,Synthetic Generator 2.0,1920x1080,183193,4,52,75,44,81,73,baseline_5,baseline,/annotation/baseline/5.png,,,,,,,,,,,,,,,,,,,,,,1763659179,0.0,
0i5wtxfe7d,control,0,experiment,1,0,,,,1.0,2.238,0i5wtxfe7d,36-45,female,phd,city,none,completed,Synthetic Generator 2.0,1920x1080,183193,4,52,75,44,81,73,experiment_1,experiment,/annotation/experiment/1.png,,,,,,,,,,,,,,,,,,,,,,1763659182,0.0,
0i5wtxfe7d,control,0,experiment,2,1,,,,7.0,4.728,0i5wtxfe7d,36-45,female,phd,city,none,completed,Synthetic Generator 2.0,1920x1080,183193,4,52,75,44,81,73,experiment_2,experiment,/annotation/experiment/2.png,,,,,,,,,,,,,,,,,,,,,,1763659188,1.0,
0i5wtxfe7d,control,0,experiment,3,1,,,,6.0,2.877,0i5wtxfe7d,36-45,female,phd,city,none,completed,Synthetic Generator 2.0,1920x1080,183193,4,52,75,44,81,73,experiment_3,experiment,/annotation/experiment/3.png,,,,,,,,,,,,,,,,,,,,,,1763659192,1.0,
0i5wtxfe7d,control,0,experiment,4,1,,,,3.0,1.891,0i5wtxfe7d,36-45,female,phd,city,none,completed,Synthetic Generator 2.0,1920x1080,183193,4,52,75,44,81,73,experiment_4,experiment,/annotation/experiment/4.png,,,,,,,,,,,,,,,,,,,,,,1763659195,1.0,
0i5wtxfe7d,control,0,experiment,5,0,,,,5.0,2.387,0i5wtxfe7d,36-45,female,phd,city,none,completed,Synthetic Generator 2.0,1920x1080,183193,4,52,75,44,81,73,experiment_5,experiment,/annotation/experiment/5.png,,,,,,,,,,,,,,,,,,,,,,1763659198,0.0,
0i5wtxfe7d,control,0,posttest,1,0,,,,4.0,2.162,0i5wtxfe7d,36-45,female,phd,city,none,completed,Synthetic Generator 2.0,1920x1080,183193,4,52,75,44,81,73,posttest_1,posttest,/annotation/post_experiment/1.png,,,,,,,,,,,,,,,,,,,,,,1763659202,0.0,
0i5wtxfe7d,control,0,posttest,2,0,,,,2.0,1.355,0i5wtxfe7d,36-45,female,phd,city,none,completed,Synthetic Generator 2.0,1920x1080,183193,4,52,75,44,81,73,posttest_2,posttest,/annotation/post_experiment/2.png,,,,,,,,,,,,,,,,,,,,,,1763659204,0.0,
0i5wtxfe7d,control,0,posttest,3,1,,,,4.0,1.367,0i5wtxfe7d,36-45,female,phd,city,none,completed,Synthetic Generator 2.0,1920x1080,183193,4,52,75,44,81,73,posttest_3,posttest,/annotation/post_experiment/3.png,,,,,,,,,,,,,,,,,,,,,,1763659206,1.0,
0i5wtxfe7d,control,0,posttest,4,0,,,,4.0,2.302,0i5wtxfe7d,36-45,female,phd,city,none,completed,Synthetic Generator 2.0,1920x1080,183193,4,52,75,44,81,73,posttest_4,posttest,/annotation/post_experiment/4.png,,,,,,,,,,,,,,,,,,,,,,1763659210,0.0,
0i5wtxfe7d,control,0,posttest,5,0,,,,6.0,3.84,0i5wtxfe7d,36-45,female,phd,city,none,completed,Synthetic Generator 2.0,1920x1080,183193,4,52,75,44,81,73,posttest_5,posttest,/annotation/post_experiment/5.png,,,,,,,,,,,,,,,,,,,,,,1763659214,0.0,
0fuefn2xsa,control,0,baseline,1,1,,,,1.0,3.285,0fuefn2xsa,18-25,male,bachelor,city,none,completed,Synthetic Generator 2.0,1920x1080,672797,5,57,67,57,62,76,baseline_1,baseline,/annotation/baseline/1.png,,,,,,,,,,,,,,,,,,,,,,1763644538,1.0,
0fuefn2xsa,control,0,baseline,2,0,,,,2.0,3.292,0fuefn2xsa,18-25,male,bachelor,city,none,completed,Synthetic Generator 2.0,1920x1080,672797,5,57,67,57,62,76,baseline_2,baseline,/annotation/baseline/2.png,,,,,,,,,,,,,,,,,,,,,,1763644542,0.0,
0fuefn2xsa,control,0,baseline,3,1,,,,7.0,4.425,0fuefn2xsa,18-25,male,bachelor,city,none,completed,Synthetic Generator 2.0,1920x1080,672797,5,57,67,57,62,76,baseline_3,baseline,/annotation/baseline/3.png,,,,,,,,,,,,,,,,,,,,,,1763644547,1.0,
0fuefn2xsa,control,0,baseline,4,0,,,,2.0,3.954,0fuefn2xsa,18-25,male,bachelor,city,none,completed,Synthetic Generator 2.0,1920x1080,672797,5,57,67,57,62,76,baseline_4,baseline,/annotation/baseline/4.png,,,,,,,,,,,,,,,,,,,,,,1763644552,0.0,
0fuefn2xsa,control,0,baseline,5,0,,,,6.0,3.925,0fuefn2xsa,18-25,male,bachelor,city,none,completed,Synthetic Generator 2.0,1920x1080,672797,5,57,67,57,62,76,baseline_5,baseline,/annotation/baseline/5.png,,,,,,,,,,,,,,,,,,,,,,1763644557,0.0,
0fuefn2xsa,control,0,experiment,1,0,,,,5.0,2.192,0fuefn2xsa,18-25,male,bachelor,city,none,completed,Synthetic Generator 2.0,1920x1080,672797,5,57,67,57,62,76,experiment_1,experiment,/annotation/experiment/1.png,,,,,,,,,,,,,,,,,,,,,,1763644561,0.0,
0fuefn2xsa,control,0,experiment,2,0,,,,2.0,2.526,0fuefn2xsa,18-25,male,bachelor,city,none,completed,Synthetic Generator 2.0,1920x1080,672797,5,57,67,57,62,76,experiment_2,experiment,/annotation/experiment/2.png,,,,,,,,,,,,,,,,,,,,,,1763644564,0.0,
0fuefn2xsa,control,0,experiment,3,1,,,,3.0,3.187,0fuefn2xsa,18-25,male,bachelor,city,none,completed,Synthetic Generator 2.0,1920x1080,672797,5,57,67,57,62,76,experiment_3,experiment,/annotation/experiment/3.png,,,,,,,,,,,,,,,,,,,,,,1763644568,1.0,
0fuefn2xsa,control,0,experiment,4,1,,,,6.0,3.4,0fuefn2xsa,18-25,male,bachelor,city,none,completed,Synthetic Generator 2.0,1920x1080,672797,5,57,67,57,62,76,experiment_4,experiment,/annotation/experiment/4.png,,,,,,,,,,,,,,,,,,,,,,1763644573,1.0,
0fuefn2xsa,control,0,experiment,5,1,,,,5.0,4.878,0fuefn2xsa,18-25,male,bachelor,city,none,completed,Synthetic Generator 2.0,1920x1080,672797,5,57,67,57,62,76,experiment_5,experiment,/annotation/experiment/5.png,,,,,,,,,,,,,,,,,,,,,,1763644579,1.0,
0fuefn2xsa,control,0,posttest,1,0,,,,4.0,3.994,0fuefn2xsa,18-25,male,bachelor,city,none,completed,Synthetic Generator 2.0,1920x1080,672797,5,57,67,57,62,76,posttest_1,posttest,/annotation/post_experiment/1.png,,,,,,,,,,,,,,,,,,,,,,1763644583,0.0,
0fuefn2xsa,control,0,posttest,2,0,,,,5.0,3.252,0fuefn2xsa,18-25,male,bachelor,city,none,completed,Synthetic Generator 2.0,1920x1080,672797,5,57,67,57,62,76,posttest_2,posttest,/annotation/post_experiment/2.png,,,,,,,,,,,,,,,,,,,,,,1763644588,0.0,
0fuefn2xsa,control,0,posttest,3,0,,,,3.0,1.923,0fuefn2xsa,18-25,male,bachelor,city,none,completed,Synthetic Generator 2.0,1920x1080,672797,5,57,67,57,62,76,posttest_3,posttest,/annotation/post_experiment/3.png,,,,,,,,,,,,,,,,,,,,,,1763644591,0.0,
0fuefn2xsa,control,0,posttest,4,0,,,,5.0,3.696,0fuefn2xsa,18-25,male,bachelor,city,none,completed,Synthetic Generator 2.0,1920x1080,672797,5,57,67,57,62,76,posttest_4,posttest,/annotation/post_experiment/4.png,,,,,,,,,,,,,,,,,,,,,,1763644595,0.0,
0fuefn2xsa,control,0,posttest,5,1,,,,1.0,2.864,0fuefn2xsa,18-25,male,bachelor,city,none,completed,Synthetic Generator 2.0,1920x1080,672797,5,57,67,57,62,76,posttest_5,posttest,/annotation/post_experiment/5.png,,,,,,,,,,,,,,,,,,,,,,1763644599,1.0,
03bu75k4vh,control,0,baseline,1,0,,,,1.0,3.51,03bu75k4vh,36-45,female,high-school,county-seat,none,completed,Synthetic Generator 2.0,1920x1080,228152,8,40,76,31,56,66,baseline_1,baseline,/annotation/baseline/1.png,,,,,,,,,,,,,,,,,,,,,,1763716120,0.0,
03bu75k4vh,control,0,baseline,2,1,,,,5.0,4.224,03bu75k4vh,36-45,female,high-school,county-seat,none,completed,Synthetic Generator 2.0,1920x1080,228152,8,40,76,31,56,66,baseline_2,baseline,/annotation/baseline/2.png,,,,,,,,,,,,,,,,,,,,,,1763716125,1.0,
03bu75k4vh,control,0,baseline,3,0,,,,1.0,4.338,03bu75k4vh,36-45,female,high-school,county-seat,none,completed,Synthetic Generator 2.0,1920x1080,228152,8,40,76,31,56,66,baseline_3,baseline,/annotation/baseline/3.png,,,,,,,,,,,,,,,,,,,,,,1763716131,0.0,
03bu75k4vh,control,0,baseline,4,1,,,,7.0,2.823,03bu75k4vh,36-45,female,high-school,county-seat,none,completed,Synthetic Generator 2.0,1920x1080,228152,8,40,76,31,56,66,baseline_4,baseline,/annotation/baseline/4.png,,,,,,,,,,,,,,,,,,,,,,1763716134,1.0,
03bu75k4vh,control,0,baseline,5,0,,,,6.0,4.05,03bu75k4vh,36-45,female,high-school,county-seat,none,completed,Synthetic Generator 2.0,1920x1080,228152,8,40,76,31,56,66,baseline_5,baseline,/annotation/baseline/5.png,,,,,,,,,,,,,,,,,,,,,,1763716139,0.0,
03bu75k4vh,control,0,experiment,1,1,,,,2.0,4.614,03bu75k4vh,36-45,female,high-school,county-seat,none,completed,Synthetic Generator 2.0,1920x1080,228152,8,40,76,31,56,66,experiment_1,experiment,/annotation/experiment/1.png,,,,,,,,,,,,,,,,,,,,,,1763716145,1.0,
03bu75k4vh,control,0,experiment,2,0,,,,7.0,3.266,03bu75k4vh,36-45,female,high-school,county-seat,none,completed,Synthetic Generator 2.0,1920x1080,228152,8,40,76,31,56,66,experiment_2,experiment,/annotation/experiment/2.png,,,,,,,,,,,,,,,,,,,,,,1763716149,0.0,
03bu75k4vh,control,0,experiment,3,0,,,,1.0,2.918,03bu75k4vh,36-45,female,high-school,county-seat,none,completed,Synthetic Generator 2.0,1920x1080,228152,8,40,76,31,56,66,experiment_3,experiment,/annotation/experiment/3.png,,,,,,,,,,,,,,,,,,,,,,1763716153,0.0,
03bu75k4vh,control,0,experiment,4,1,,,,1.0,1.77,03bu75k4vh,36-45,female,high-school,county-seat,none,completed,Synthetic Generator 2.0,1920x1080,228152,8,40,76,31,56,66,experiment_4,experiment,/annotation/experiment/4.png,,,,,,,,,,,,,,,,,,,,,,1763716156,1.0,
03bu75k4vh,control,0,experiment,5,0,,,,1.0,2.629,03bu75k4vh,36-45,female,high-school,county-seat,none,completed,Synthetic Generator 2.0,1920x1080,228152,8,40,76,31,56,66,experiment_5,experiment,/annotation/experiment/5.png,,,,,,,,,,,,,,,,,,,,,,1763716160,0.0,
03bu75k4vh,control,0,posttest,1,0,,,,3.0,3.628,03bu75k4vh,36-45,female,high-school,county-seat,none,completed,Synthetic Generator 2.0,1920x1080,228152,8,40,76,31,56,66,posttest_1,posttest,/annotation/post_experiment/1.png,,,,,,,,,,,,,,,,,,,,,,1763716164,0.0,
03bu75k4vh,control,0,posttest,2,0,,,,3.0,3.905,03bu75k4vh,36-45,female,high-school,county-seat,none,completed,Synthetic Generator 2.0,1920x1080,228152,8,40,76,31,56,66,posttest_2,posttest,/annotation/post_experiment/2.png,,,,,,,,,,,,,,,,,,,,,,1763716169,0.0,
03bu75k4vh,control,0,posttest,3,0,,,,3.0,4.478,03bu75k4vh,36-45,female,high-school,county-seat,none,completed,Synthetic Generator 2.0,1920x1080,228152,8,40,76,31,56,66,posttest_3,posttest,/annotation/post_experiment/3.png,,,,,,,,,,,,,,,,,,,,,,1763716175,0.0,
03bu75k4vh,control,0,posttest,4,1,,,,5.0,3.988,03bu75k4vh,36-45,female,high-school,county-seat,none,completed,Synthetic Generator 2.0,1920x1080,228152,8,40,76,31,56,66,posttest_4,posttest,/annotation/post_experiment/4.png,,,,,,,,,,,,,,,,,,,,,,1763716180,1.0,
03bu75k4vh,control,0,posttest,5,0,,,,7.0,4.853,03bu75k4vh,36-45,female,high-school,county-seat,none,completed,Synthetic Generator 2.0,1920x1080,228152,8,40,76,31,56,66,posttest_5,posttest,/annotation/post_experiment/5.png,,,,,,,,,,,,,,,,,,,,,,1763716185,0.0,
1xbw5ql3l1,treatment,1,baseline,1,1,,,,2.0,3.29,1xbw5ql3l1,36-45,male,high-school,village,none,completed,Synthetic Generator 2.0,1920x1080,553159,10,60,76,32,84,44,baseline_1,baseline,/annotation/baseline/1.png,,,,,,,,,,,,,,,,,,,,,,1763643604,1.0,
1xbw5ql3l1,treatment,1,baseline,2,1,,,,7.0,3.567,1xbw5ql3l1,36-45,male,high-school,village,none,completed,Synthetic Generator 2.0,1920x1080,553159,10,60,76,32,84,44,baseline_2,baseline,/annotation/baseline/2.png,,,,,,,,,,,,,,,,,,,,,,1763643608,1.0,
1xbw5ql3l1,treatment,1,baseline,3,0,,,,4.0,3.552,1xbw5ql3l1,36-45,male,high-school,village,none,completed,Synthetic Generator 2.0,1920x1080,553159,10,60,76,32,84,44,baseline_3,baseline,/annotation/baseline/3.png,,,,,,,,,,,,,,,,,,,,,,1763643613,0.0,
1xbw5ql3l1,treatment,1,baseline,4,0,,,,5.0,1.502,1xbw5ql3l1,36-45,male,high-school,village,none,completed,Synthetic Generator 2.0,1920x1080,553159,10,60,76,32,84,44,baseline_4,baseline,/annotation/baseline/4.png,,,,,,,,,,,,,,,,,,,,,,1763643615,0.0,
1xbw5ql3l1,treatment,1,baseline,5,0,,,,4.0,2.961,1xbw5ql3l1,36-45,male,high-school,village,none,completed,Synthetic Generator 2.0,1920x1080,553159,10,60,76,32,84,44,baseline_5,baseline,/annotation/baseline/5.png,,,,,,,,,,,,,,,,,,,,,,1763643619,0.0,
1xbw5ql3l1,treatment,1,experiment,1,0,,,,,14.219,1xbw5ql3l1,36-45,male,high-school,village,none,completed,Synthetic Generator 2.0,1920x1080,553159,10,60,76,32,84,44,experiment_1,experiment,/annotation/experiment/1.png,0.0,False,nincsen tünet,,5.0,5.0,,,,,,0.8957432005667949,0.0,,,,,,,,,1763643635,,0.0
1xbw5ql3l1,treatment,1,experiment,2,0,,,,,14.568,1xbw5ql3l1,36-45,male,high-school,village,none,completed,Synthetic Generator 2.0,1920x1080,553159,10,60,76,32,84,44,experiment_2,experiment,/annotation/experiment/2.png,1.0,True,tünet,,4.0,4.0,,,,,,0.9454497548823424,0.0,,,,,,,,,1763643650,,0.0
1xbw5ql3l1,treatment,1,experiment,3,1,,,,,14.705,1xbw5ql3l1,36-45,male,high-school,village,none,completed,Synthetic Generator 2.0,1920x1080,553159,10,60,76,32,84,44,experiment_3,experiment,/annotation/experiment/3.png,1.0,False,tünet,0.08574878117043754,6.0,7.0,,,,,,0.9301828618066035,1.0,53.0,90.0,100.0,100.0,9.0,0.0,100.0,100.0,1763643666,,1.0
1xbw5ql3l1,treatment,1,experiment,4,1,,,,,14.965,1xbw5ql3l1,36-45,male,high-school,village,none,completed,Synthetic Generator 2.0,1920x1080,553159,10,60,76,32,84,44,experiment_4,experiment,/annotation/experiment/4.png,1.0,False,tünet,0.08164390138158766,7.0,7.0,,,,,,0.9228537007027486,1.0,25.0,51.0,100.0,100.0,37.0,92.0,100.0,100.0,1763643682,,1.0
1xbw5ql3l1,treatment,1,experiment,5,1,,,,,8.84,1xbw5ql3l1,36-45,male,high-school,village,none,completed,Synthetic Generator 2.0,1920x1080,553159,10,60,76,32,84,44,experiment_5,experiment,/annotation/experiment/5.png,1.0,False,tünet,0.5014027013267596,2.0,2.0,,,,,,0.9171003076265126,1.0,86.0,46.0,100.0,100.0,67.0,16.0,100.0,100.0,1763643692,,1.0
1xbw5ql3l1,treatment,1,posttest,1,1,,,,5.0,4.59,1xbw5ql3l1,36-45,male,high-school,village,none,completed,Synthetic Generator 2.0,1920x1080,553159,10,60,76,32,84,44,posttest_1,posttest,/annotation/post_experiment/1.png,,,,,,,,,,,,,,,,,,,,,,1763643697,1.0,
1xbw5ql3l1,treatment,1,posttest,2,0,,,,6.0,4.56,1xbw5ql3l1,36-45,male,high-school,village,none,completed,Synthetic Generator 2.0,1920x1080,553159,10,60,76,32,84,44,posttest_2,posttest,/annotation/post_experiment/2.png,,,,,,,,,,,,,,,,,,,,,,1763643703,0.0,
1xbw5ql3l1,treatment,1,posttest,3,1,,,,5.0,1.356,1xbw5ql3l1,36-45,male,high-school,village,none,completed,Synthetic Generator 2.0,1920x1080,553159,10,60,76,32,84,44,posttest_3,posttest,/annotation/post_experiment/3.png,,,,,,,,,,,,,,,,,,,,,,1763643705,1.0,
1xbw5ql3l1,treatment,1,posttest,4,0,,,,7.0,3.89,1xbw5ql3l1,36-45,male,high-school,village,none,completed,Synthetic Generator 2.0,1920x1080,553159,10,60,76,32,84,44,posttest_4,posttest,/annotation/post_experiment/4.png,,,,,,,,,,,,,,,,,,,,,,1763643710,0.0,
1xbw5ql3l1,treatment,1,posttest,5,1,,,,7.0,4.533,1xbw5ql3l1,36-45,male,high-school,village,none,completed,Synthetic Generator 2.0,1920x1080,553159,10,60,76,32,84,44,posttest_5,posttest,/annotation/post_experiment/5.png,,,,,,,,,,,,,,,,,,,,,,1763643716,1.0,
0eco6b0bfo,control,0,baseline,1,0,,,,1.0,4.926,0eco6b0bfo,36-45,female,masters,budapest,none,completed,Synthetic Generator 2.0,1920x1080,416946,4,73,52,53,57,77,baseline_1,baseline,/annotation/baseline/1.png,,,,,,,,,,,,,,,,,,,,,,1763715906,0.0,
0eco6b0bfo,control,0,baseline,2,0,,,,4.0,3.919,0eco6b0bfo,36-45,female,masters,budapest,none,completed,Synthetic Generator 2.0,1920x1080,416946,4,73,52,53,57,77,baseline_2,baseline,/annotation/baseline/2.png,,,,,,,,,,,,,,,,,,,,,,1763715911,0.0,
0eco6b0bfo,control,0,baseline,3,0,,,,6.0,2.203,0eco6b0bfo,36-45,female,masters,budapest,none,completed,Synthetic Generator 2.0,1920x1080,416946,4,73,52,53,57,77,baseline_3,baseline,/annotation/baseline/3.png,,,,,,,,,,,,,,,,,,,,,,1763715914,0.0,
0eco6b0bfo,control,0,baseline,4,1,,,,6.0,1.979,0eco6b0bfo,36-45,female,masters,budapest,none,completed,Synthetic Generator 2.0,1920x1080,416946,4,73,52,53,57,77,baseline_4,baseline,/annotation/baseline/4.png,,,,,,,,,,,,,,,,,,,,,,1763715917,1.0,
0eco6b0bfo,control,0,baseline,5,0,,,,5.0,2.353,0eco6b0bfo,36-45,female,masters,budapest,none,completed,Synthetic Generator 2.0,1920x1080,416946,4,73,52,53,57,77,baseline_5,baseline,/annotation/baseline/5.png,,,,,,,,,,,,,,,,,,,,,,1763715921,0.0,
0eco6b0bfo,control,0,experiment,1,0,,,,1.0,1.397,0eco6b0bfo,36-45,female,masters,budapest,none,completed,Synthetic Generator 2.0,1920x1080,416946,4,73,52,53,57,77,experiment_1,experiment,/annotation/experiment/1.png,,,,,,,,,,,,,,,,,,,,,,1763715923,0.0,
0eco6b0bfo,control,0,experiment,2,1,,,,1.0,4.282,0eco6b0bfo,36-45,female,masters,budapest,none,completed,Synthetic Generator 2.0,1920x1080,416946,4,73,52,53,57,77,experiment_2,experiment,/annotation/experiment/2.png,,,,,,,,,,,,,,,,,,,,,,1763715928,1.0,
0eco6b0bfo,control,0,experiment,3,1,,,,1.0,4.59,0eco6b0bfo,36-45,female,masters,budapest,none,completed,Synthetic Generator 2.0,1920x1080,416946,4,73,52,53,57,77,experiment_3,experiment,/annotation/experiment/3.png,,,,,,,,,,,,,,,,,,,,,,1763715934,1.0,
0eco6b0bfo,control,0,experiment,4,0,,,,1.0,3.062,0eco6b0bfo,36-45,female,masters,budapest,none,completed,Synthetic Generator 2.0,1920x1080,416946,4,73,52,53,57,77,experiment_4,experiment,/annotation/experiment/4.png,,,,,,,,,,,,,,,,,,,,,,1763715938,0.0,
0eco6b0bfo,control,0,experiment,5,0,,,,2.0,3.992,0eco6b0bfo,36-45,female,masters,budapest,none,completed,Synthetic Generator 2.0,1920x1080,416946,4,73,52,53,57,77,experiment_5,experiment,/annotation/experiment/5.png,,,,,,,,,,,,,,,,,,,,,,1763715943,0.0,
0eco6b0bfo,control,0,posttest,1,0,,,,1.0,2.378,0eco6b0bfo,36-45,female,masters,budapest,none,completed,Synthetic Generator 2.0,1920x1080,416946,4,73,52,53,57,77,posttest_1,posttest,/annotation/post_experiment/1.png,,,,,,,,,,,,,,,,,,,,,,1763715947,0.0,
0eco6b0bfo,control,0,posttest,2,1,,,,7.0,4.603,0eco6b0bfo,36-45,female,masters,budapest,none,completed,Synthetic Generator 2.0,1920x1080,416946,4,73,52,53,57,77,posttest_2,posttest,/annotation/post_experiment/2.png,,,,,,,,,,,,,,,,,,,,,,1763715952,1.0,
0eco6b0bfo,control,0,posttest,3,1,,,,7.0,1.893,0eco6b0bfo,36-45,female,masters,budapest,none,completed,Synthetic Generator 2.0,1920x1080,416946,4,73,52,53,57,77,posttest_3,posttest,/annotation/post_experiment/3.png,,,,,,,,,,,,,,,,,,,,,,1763715955,1.0,
0eco6b0bfo,control,0,posttest,4,0,,,,5.0,3.827,0eco6b0bfo,36-45,female,masters,budapest,none,completed,Synthetic Generator 2.0,1920x1080,416946,4,73,52,53,57,77,posttest_4,posttest,/annotation/post_experiment/4.png,,,,,,,,,,,,,,,,,,,,,,1763715960,0.0,
0eco6b0bfo,control,0,posttest,5,1,,,,1.0,4.587,0eco6b0bfo,36-45,female,masters,budapest,none,completed,Synthetic Generator 2.0,1920x1080,416946,4,73,52,53,57,77,posttest_5,posttest,/annotation/post_experiment/5.png,,,,,,,,,,,,,,,,,,,,,,1763715965,1.0,
13xvhq46n3,treatment,1,baseline,1,1,,,,3.0,2.721,13xvhq46n3,36-45,male,high-school,budapest,none,completed,Synthetic Generator 2.0,1920x1080,115403,6,72,61,43,82,32,baseline_1,baseline,/annotation/baseline/1.png,,,,,,,,,,,,,,,,,,,,,,1763728749,1.0,
13xvhq46n3,treatment,1,baseline,2,0,,,,5.0,3.025,13xvhq46n3,36-45,male,high-school,budapest,none,completed,Synthetic Generator 2.0,1920x1080,115403,6,72,61,43,82,32,baseline_2,baseline,/annotation/baseline/2.png,,,,,,,,,,,,,,,,,,,,,,1763728753,0.0,
13xvhq46n3,treatment,1,baseline,3,0,,,,5.0,1.503,13xvhq46n3,36-45,male,high-school,budapest,none,completed,Synthetic Generator 2.0,1920x1080,115403,6,72,61,43,82,32,baseline_3,baseline,/annotation/baseline/3.png,,,,,,,,,,,,,,,,,,,,,,1763728756,0.0,
13xvhq46n3,treatment,1,baseline,4,1,,,,5.0,3.043,13xvhq46n3,36-45,male,high-school,budapest,none,completed,Synthetic Generator 2.0,1920x1080,115403,6,72,61,43,82,32,baseline_4,baseline,/annotation/baseline/4.png,,,,,,,,,,,,,,,,,,,,,,1763728760,1.0,
13xvhq46n3,treatment,1,baseline,5,1,,,,6.0,2.229,13xvhq46n3,36-45,male,high-school,budapest,none,completed,Synthetic Generator 2.0,1920x1080,115403,6,72,61,43,82,32,baseline_5,baseline,/annotation/baseline/5.png,,,,,,,,,,,,,,,,,,,,,,1763728763,1.0,
13xvhq46n3,treatment,1,experiment,1,0,,,,,8.654,13xvhq46n3,36-45,male,high-school,budapest,none,completed,Synthetic Generator 2.0,1920x1080,115403,6,72,61,43,82,32,experiment_1,experiment,/annotation/experiment/1.png,1.0,True,tünet,,6.0,7.0,,,,,,0.9266839850268529,0.0,,,,,,,,,1763728773,,0.0
13xvhq46n3,treatment,1,experiment,2,0,,,,,14.251,13xvhq46n3,36-45,male,high-school,budapest,none,completed,Synthetic Generator 2.0,1920x1080,115403,6,72,61,43,82,32,experiment_2,experiment,/annotation/experiment/2.png,0.0,False,nincsen tünet,,7.0,7.0,,,,,,0.8534811462955478,0.0,,,,,,,,,1763728788,,0.0
13xvhq46n3,treatment,1,experiment,3,0,,,,,7.349,13xvhq46n3,36-45,male,high-school,budapest,none,completed,Synthetic Generator 2.0,1920x1080,115403,6,72,61,43,82,32,experiment_3,experiment,/annotation/experiment/3.png,1.0,True,tünet,,3.0,4.0,,,,,,0.2691243748347769,0.0,,,,,,,,,1763728796,,0.0
13xvhq46n3,treatment,1,experiment,4,1,,,,,12.091,13xvhq46n3,36-45,male,high-school,budapest,none,completed,Synthetic Generator 2.0,1920x1080,115403,6,72,61,43,82,32,experiment_4,experiment,/annotation/experiment/4.png,1.0,False,tünet,0.07416074597683353,2.0,2.0,,,,,,0.9898449070339381,1.0,59.0,18.0,100.0,100.0,74.0,59.0,100.0,100.0,1763728809,,1.0
13xvhq46n3,treatment,1,experiment,5,1,,,,,6.405,13xvhq46n3,36-45,male,high-school,budapest,none,completed,Synthetic Generator 2.0,1920x1080,115403,6,72,61,43,82,32,experiment_5,experiment,/annotation/experiment/5.png,1.0,False,tünet,0.18302632130242366,4.0,5.0,,,,,,0.9300836136007165,1.0,22.0,9.0,100.0,100.0,16.0,15.0,100.0,100.0,1763728817,,1.0
13xvhq46n3,treatment,1,posttest,1,0,,,,6.0,1.716,13xvhq46n3,36-45,male,high-school,budapest,none,completed,Synthetic Generator 2.0,1920x1080,115403,6,72,61,43,82,32,posttest_1,posttest,/annotation/post_experiment/1.png,,,,,,,,,,,,,,,,,,,,,,1763728819,0.0,
13xvhq46n3,treatment,1,posttest,2,0,,,,3.0,1.899,13xvhq46n3,36-45,male,high-school,budapest,none,completed,Synthetic Generator 2.0,1920x1080,115403,6,72,61,43,82,32,posttest_2,posttest,/annotation/post_experiment/2.png,,,,,,,,,,,,,,,,,,,,,,1763728822,0.0,
13xvhq46n3,treatment,1,posttest,3,0,,,,6.0,1.241,13xvhq46n3,36-45,male,high-school,budapest,none,completed,Synthetic Generator 2.0,1920x1080,115403,6,72,61,43,82,32,posttest_3,posttest,/annotation/post_experiment/3.png,,,,,,,,,,,,,,,,,,,,,,1763728825,0.0,
13xvhq46n3,treatment,1,posttest,4,0,,,,6.0,3.938,13xvhq46n3,36-45,male,high-school,budapest,none,completed,Synthetic Generator 2.0,1920x1080,115403,6,72,61,43,82,32,posttest_4,posttest,/annotation/post_experiment/4.png,,,,,,,,,,,,,,,,,,,,,,1763728830,0.0,
13xvhq46n3,treatment,1,posttest,5,0,,,,3.0,4.262,13xvhq46n3,36-45,male,high-school,budapest,none,completed,Synthetic Generator 2.0,1920x1080,115403,6,72,61,43,82,32,posttest_5,posttest,/annotation/post_experiment/5.png,,,,,,,,,,,,,,,,,,,,,,1763728835,0.0,
0h1c0n0btp,control,0,baseline,1,0,,,,2.0,1.974,0h1c0n0btp,18-25,female,high-school,village,none,completed,Synthetic Generator 2.0,1920x1080,413232,5,79,60,50,78,41,baseline_1,baseline,/annotation/baseline/1.png,,,,,,,,,,,,,,,,,,,,,,1763687187,0.0,
0h1c0n0btp,control,0,baseline,2,0,,,,7.0,3.852,0h1c0n0btp,18-25,female,high-school,village,none,completed,Synthetic Generator 2.0,1920x1080,413232,5,79,60,50,78,41,baseline_2,baseline,/annotation/baseline/2.png,,,,,,,,,,,,,,,,,,,,,,1763687192,0.0,
0h1c0n0btp,control,0,baseline,3,1,,,,3.0,3.677,0h1c0n0btp,18-25,female,high-school,village,none,completed,Synthetic Generator 2.0,1920x1080,413232,5,79,60,50,78,41,baseline_3,baseline,/annotation/baseline/3.png,,,,,,,,,,,,,,,,,,,,,,1763687197,1.0,
0h1c0n0btp,control,0,baseline,4,1,,,,6.0,3.002,0h1c0n0btp,18-25,female,high-school,village,none,completed,Synthetic Generator 2.0,1920x1080,413232,5,79,60,50,78,41,baseline_4,baseline,/annotation/baseline/4.png,,,,,,,,,,,,,,,,,,,,,,1763687201,1.0,
0h1c0n0btp,control,0,baseline,5,0,,,,6.0,1.147,0h1c0n0btp,18-25,female,high-school,village,none,completed,Synthetic Generator 2.0,1920x1080,413232,5,79,60,50,78,41,baseline_5,baseline,/annotation/baseline/5.png,,,,,,,,,,,,,,,,,,,,,,1763687203,0.0,
0h1c0n0btp,control,0,experiment,1,0,,,,3.0,1.071,0h1c0n0btp,18-25,female,high-school,village,none,completed,Synthetic Generator 2.0,1920x1080,413232,5,79,60,50,78,41,experiment_1,experiment,/annotation/experiment/1.png,,,,,,,,,,,,,,,,,,,,,,1763687205,0.0,
0h1c0n0btp,control,0,experiment,2,0,,,,2.0,4.632,0h1c0n0btp,18-25,female,high-school,village,none,completed,Synthetic Generator 2.0,1920x1080,413232,5,79,60,50,78,41,experiment_2,experiment,/annotation/experiment/2.png,,,,,,,,,,,,,,,,,,,,,,1763687211,0.0,
0h1c0n0btp,control,0,experiment,3,1,,,,6.0,3.331,0h1c0n0btp,18-25,female,high-school,village,none,completed,Synthetic Generator 2.0,1920x1080,413232,5,79,60,50,78,41,experiment_3,experiment,/annotation/experiment/3.png,,,,,,,,,,,,,,,,,,,,,,1763687215,1.0,
0h1c0n0btp,control,0,experiment,4,1,,,,2.0,4.872,0h1c0n0btp,18-25,female,high-school,village,none,completed,Synthetic Generator 2.0,1920x1080,413232,5,79,60,50,78,41,experiment_4,experiment,/annotation/experiment/4.png,,,,,,,,,,,,,,,,,,,,,,1763687221,1.0,
0h1c0n0btp,control,0,experiment,5,1,,,,5.0,2.833,0h1c0n0btp,18-25,female,high-school,village,none,completed,Synthetic Generator 2.0,1920x1080,413232,5,79,60,50,78,41,experiment_5,experiment,/annotation/experiment/5.png,,,,,,,,,,,,,,,,,,,,,,1763687225,1.0,
0h1c0n0btp,control,0,posttest,1,0,,,,4.0,1.714,0h1c0n0btp,18-25,female,high-school,village,none,completed,Synthetic Generator 2.0,1920x1080,413232,5,79,60,50,78,41,posttest_1,posttest,/annotation/post_experiment/1.png,,,,,,,,,,,,,,,,,,,,,,1763687228,0.0,
0h1c0n0btp,control,0,posttest,2,0,,,,4.0,4.858,0h1c0n0btp,18-25,female,high-school,village,none,completed,Synthetic Generator 2.0,1920x1080,413232,5,79,60,50,78,41,posttest_2,posttest,/annotation/post_experiment/2.png,,,,,,,,,,,,,,,,,,,,,,1763687233,0.0,
0h1c0n0btp,control,0,posttest,3,0,,,,3.0,2.708,0h1c0n0btp,18-25,female,high-school,village,none,completed,Synthetic Generator 2.0,1920x1080,413232,5,79,60,50,78,41,posttest_3,posttest,/annotation/post_experiment/3.png,,,,,,,,,,,,,,,,,,,,,,1763687237,0.0,
0h1c0n0btp,control,0,posttest,4,1,,,,3.0,2.503,0h1c0n0btp,18-25,female,high-school,village,none,completed,Synthetic Generator 2.0,1920x1080,413232,5,79,60,50,78,41,posttest_4,posttest,/annotation/post_experiment/4.png,,,,,,,,,,,,,,,,,,,,,,1763687241,1.0,
0h1c0n0btp,control,0,posttest,5,1,,,,7.0,1.942,0h1c0n0btp,18-25,female,high-school,village,none,completed,Synthetic Generator 2.0,1920x1080,413232,5,79,60,50,78,41,posttest_5,posttest,/annotation/post_experiment/5.png,,,,,,,,,,,,,,,,,,,,,,1763687244,1.0,
1k37ggp3df,treatment,1,baseline,1,0,,,,3.0,4.197,1k37ggp3df,36-45,female,masters,county-seat,none,completed,Synthetic Generator 2.0,1920x1080,615031,8,60,63,22,57,47,baseline_1,baseline,/annotation/baseline/1.png,,,,,,,,,,,,,,,,,,,,,,1763657072,0.0,
1k37ggp3df,treatment,1,baseline,2,1,,,,5.0,4.84,1k37ggp3df,36-45,female,masters,county-seat,none,completed,Synthetic Generator 2.0,1920x1080,615031,8,60,63,22,57,47,baseline_2,baseline,/annotation/baseline/2.png,,,,,,,,,,,,,,,,,,,,,,1763657077,1.0,
1k37ggp3df,treatment,1,baseline,3,0,,,,7.0,2.137,1k37ggp3df,36-45,female,masters,county-seat,none,completed,Synthetic Generator 2.0,1920x1080,615031,8,60,63,22,57,47,baseline_3,baseline,/annotation/baseline/3.png,,,,,,,,,,,,,,,,,,,,,,1763657081,0.0,
1k37ggp3df,treatment,1,baseline,4,1,,,,6.0,3.137,1k37ggp3df,36-45,female,masters,county-seat,none,completed,Synthetic Generator 2.0,1920x1080,615031,8,60,63,22,57,47,baseline_4,baseline,/annotation/baseline/4.png,,,,,,,,,,,,,,,,,,,,,,1763657085,1.0,
1k37ggp3df,treatment,1,baseline,5,1,,,,2.0,1.564,1k37ggp3df,36-45,female,masters,county-seat,none,completed,Synthetic Generator 2.0,1920x1080,615031,8,60,63,22,57,47,baseline_5,baseline,/annotation/baseline/5.png,,,,,,,,,,,,,,,,,,,,,,1763657087,1.0,
1k37ggp3df,treatment,1,experiment,1,0,,,,,8.184,1k37ggp3df,36-45,female,masters,county-seat,none,completed,Synthetic Generator 2.0,1920x1080,615031,8,60,63,22,57,47,experiment_1,experiment,/annotation/experiment/1.png,0.0,False,nincsen tünet,,3.0,5.0,,,,,,0.8528687719466411,0.0,,,,,,,,,1763657097,,0.0
1k37ggp3df,treatment,1,experiment,2,0,,,,,9.435,1k37ggp3df,36-45,female,masters,county-seat,none,completed,Synthetic Generator 2.0,1920x1080,615031,8,60,63,22,57,47,experiment_2,experiment,/annotation/experiment/2.png,0.0,False,nincsen tünet,,2.0,2.0,,,,,,0.9225351856426829,0.0,,,,,,,,,1763657107,,0.0
1k37ggp3df,treatment,1,experiment,3,1,,,,,10.824,1k37ggp3df,36-45,female,masters,county-seat,none,completed,Synthetic Generator 2.0,1920x1080,615031,8,60,63,22,57,47,experiment_3,experiment,/annotation/experiment/3.png,1.0,False,tünet,0.26633010699300563,6.0,6.0,,,,,,0.9563728750853211,1.0,95.0,98.0,100.0,100.0,75.0,41.0,100.0,100.0,1763657119,,1.0
1k37ggp3df,treatment,1,experiment,4,1,,,,,10.769,1k37ggp3df,36-45,female,masters,county-seat,none,completed,Synthetic Generator 2.0,1920x1080,615031,8,60,63,22,57,47,experiment_4,experiment,/annotation/experiment/4.png,1.0,False,tünet,0.8114627832911924,6.0,7.0,,,,,,0.97909283030638,1.0,11.0,2.0,100.0,100.0,7.0,53.0,100.0,100.0,1763657131,,1.0
1k37ggp3df,treatment,1,experiment,5,1,,,,,10.352,1k37ggp3df,36-45,female,masters,county-seat,none,completed,Synthetic Generator 2.0,1920x1080,615031,8,60,63,22,57,47,experiment_5,experiment,/annotation/experiment/5.png,1.0,False,tünet,0.575316302413133,6.0,7.0,,,,,,0.9764068276788493,1.0,53.0,65.0,100.0,100.0,31.0,35.0,100.0,100.0,1763657142,,1.0
1k37ggp3df,treatment,1,posttest,1,1,,,,7.0,1.041,1k37ggp3df,36-45,female,masters,county-seat,none,completed,Synthetic Generator 2.0,1920x1080,615031,8,60,63,22,57,47,posttest_1,posttest,/annotation/post_experiment/1.png,,,,,,,,,,,,,,,,,,,,,,1763657144,1.0,
1k37ggp3df,treatment,1,posttest,2,0,,,,7.0,2.957,1k37ggp3df,36-45,female,masters,county-seat,none,completed,Synthetic Generator 2.0,1920x1080,615031,8,60,63,22,57,47,posttest_2,posttest,/annotation/post_experiment/2.png,,,,,,,,,,,,,,,,,,,,,,1763657148,0.0,
1k37ggp3df,treatment,1,posttest,3,0,,,,5.0,3.196,1k37ggp3df,36-45,female,masters,county-seat,none,completed,Synthetic Generator 2.0,1920x1080,615031,8,60,63,22,57,47,posttest_3,posttest,/annotation/post_experiment/3.png,,,,,,,,,,,,,,,,,,,,,,1763657152,0.0,
1k37ggp3df,treatment,1,posttest,4,1,,,,7.0,1.614,1k37ggp3df,36-45,female,masters,county-seat,none,completed,Synthetic Generator 2.0,1920x1080,615031,8,60,63,22,57,47,posttest_4,posttest,/annotation/post_experiment/4.png,,,,,,,,,,,,,,,,,,,,,,1763657155,1.0,
1k37ggp3df,treatment,1,posttest,5,0,,,,7.0,4.22,1k37ggp3df,36-45,female,masters,county-seat,none,completed,Synthetic Generator 2.0,1920x1080,615031,8,60,63,22,57,47,posttest_5,posttest,/annotation/post_experiment/5.png,,,,,,,,,,,,,,,,,,,,,,1763657160,0.0,
1oznh4s4rk,treatment,1,baseline,1,0,,,,3.0,1.838,1oznh4s4rk,36-45,female,elementary,county-seat,none,completed,Synthetic Generator 2.0,1920x1080,104228,6,89,60,25,61,54,baseline_1,baseline,/annotation/baseline/1.png,,,,,,,,,,,,,,,,,,,,,,1763645962,0.0,
1oznh4s4rk,treatment,1,baseline,2,1,,,,1.0,2.875,1oznh4s4rk,36-45,female,elementary,county-seat,none,completed,Synthetic Generator 2.0,1920x1080,104228,6,89,60,25,61,54,baseline_2,baseline,/annotation/baseline/2.png,,,,,,,,,,,,,,,,,,,,,,1763645966,1.0,
1oznh4s4rk,treatment,1,baseline,3,0,,,,4.0,2.551,1oznh4s4rk,36-45,female,elementary,county-seat,none,completed,Synthetic Generator 2.0,1920x1080,104228,6,89,60,25,61,54,baseline_3,baseline,/annotation/baseline/3.png,,,,,,,,,,,,,,,,,,,,,,1763645970,0.0,
1oznh4s4rk,treatment,1,baseline,4,1,,,,1.0,1.019,1oznh4s4rk,36-45,female,elementary,county-seat,none,completed,Synthetic Generator 2.0,1920x1080,104228,6,89,60,25,61,54,baseline_4,baseline,/annotation/baseline/4.png,,,,,,,,,,,,,,,,,,,,,,1763645972,1.0,
1oznh4s4rk,treatment,1,baseline,5,1,,,,5.0,2.312,1oznh4s4rk,36-45,female,elementary,county-seat,none,completed,Synthetic Generator 2.0,1920x1080,104228,6,89,60,25,61,54,baseline_5,baseline,/annotation/baseline/5.png,,,,,,,,,,,,,,,,,,,,,,1763645975,1.0,
1oznh4s4rk,treatment,1,experiment,1,0,,,,,10.632,1oznh4s4rk,36-45,female,elementary,county-seat,none,completed,Synthetic Generator 2.0,1920x1080,104228,6,89,60,25,61,54,experiment_1,experiment,/annotation/experiment/1.png,0.0,False,nincsen tünet,,5.0,5.0,,,,,,0.24015055782113628,1.0,65.0,44.0,100.0,100.0,,,,,1763645987,,0.0
1oznh4s4rk,treatment,1,experiment,2,0,,,,,13.085,1oznh4s4rk,36-45,female,elementary,county-seat,none,completed,Synthetic Generator 2.0,1920x1080,104228,6,89,60,25,61,54,experiment_2,experiment,/annotation/experiment/2.png,0.0,False,nincsen tünet,,4.0,5.0,,,,,,0.930572909972517,0.0,,,,,,,,,1763646001,,0.0
1oznh4s4rk,treatment,1,experiment,3,0,,,,,9.271,1oznh4s4rk,36-45,female,elementary,county-seat,none,completed,Synthetic Generator 2.0,1920x1080,104228,6,89,60,25,61,54,experiment_3,experiment,/annotation/experiment/3.png,0.0,False,nincsen tünet,,5.0,5.0,,,,,,0.23132218065763305,0.0,,,,,,,,,1763646011,,0.0
1oznh4s4rk,treatment,1,experiment,4,1,,,,,10.973,1oznh4s4rk,36-45,female,elementary,county-seat,none,completed,Synthetic Generator 2.0,1920x1080,104228,6,89,60,25,61,54,experiment_4,experiment,/annotation/experiment/4.png,1.0,False,tünet,0.6856434049813019,2.0,4.0,,,,,,0.9349622491458267,1.0,9.0,93.0,100.0,100.0,8.0,17.0,100.0,100.0,1763646023,,1.0
1oznh4s4rk,treatment,1,experiment,5,1,,,,,10.825,1oznh4s4rk,36-45,female,elementary,county-seat,none,completed,Synthetic Generator 2.0,1920x1080,104228,6,89,60,25,61,54,experiment_5,experiment,/annotation/experiment/5.png,1.0,False,tünet,0.4210616474838682,6.0,7.0,,,,,,0.8577295866231046,1.0,54.0,71.0,100.0,100.0,40.0,25.0,100.0,100.0,1763646035,,1.0
1oznh4s4rk,treatment,1,posttest,1,1,,,,5.0,4.948,1oznh4s4rk,36-45,female,elementary,county-seat,none,completed,Synthetic Generator 2.0,1920x1080,104228,6,89,60,25,61,54,posttest_1,posttest,/annotation/post_experiment/1.png,,,,,,,,,,,,,,,,,,,,,,1763646041,1.0,
1oznh4s4rk,treatment,1,posttest,2,1,,,,6.0,2.031,1oznh4s4rk,36-45,female,elementary,county-seat,none,completed,Synthetic Generator 2.0,1920x1080,104228,6,89,60,25,61,54,posttest_2,posttest,/annotation/post_experiment/2.png,,,,,,,,,,,,,,,,,,,,,,1763646044,1.0,
1oznh4s4rk,treatment,1,posttest,3,0,,,,5.0,4.894,1oznh4s4rk,36-45,female,elementary,county-seat,none,completed,Synthetic Generator 2.0,1920x1080,104228,6,89,60,25,61,54,posttest_3,posttest,/annotation/post_experiment/3.png,,,,,,,,,,,,,,,,,,,,,,1763646050,0.0,
1oznh4s4rk,treatment,1,posttest,4,1,,,,6.0,4.688,1oznh4s4rk,36-45,female,elementary,county-seat,none,completed,Synthetic Generator 2.0,1920x1080,104228,6,89,60,25,61,54,posttest_4,posttest,/annotation/post_experiment/4.png,,,,,,,,,,,,,,,,,,,,,,1763646055,1.0,
1oznh4s4rk,treatment,1,posttest,5,0,,,,7.0,4.693,1oznh4s4rk,36-45,female,elementary,county-seat,none,completed,Synthetic Generator 2.0,1920x1080,104228,6,89,60,25,61,54,posttest_5,posttest,/annotation/post_experiment/5.png,,,,,,,,,,,,,,,,,,,,,,1763646061,0.0,
10gmxxijib,treatment,1,baseline,1,0,,,,3.0,1.226,10gmxxijib,26-35,female,elementary,city,none,completed,Synthetic Generator 2.0,1920x1080,240900,10,64,91,33,22,40,baseline_1,baseline,/annotation/baseline/1.png,,,,,,,,,,,,,,,,,,,,,,1763633368,0.0,
10gmxxijib,treatment,1,baseline,2,1,,,,4.0,1.153,10gmxxijib,26-35,female,elementary,city,none,completed,Synthetic Generator 2.0,1920x1080,240900,10,64,91,33,22,40,baseline_2,baseline,/annotation/baseline/2.png,,,,,,,,,,,,,,,,,,,,,,1763633370,1.0,
10gmxxijib,treatment,1,baseline,3,1,,,,4.0,1.329,10gmxxijib,26-35,female,elementary,city,none,completed,Synthetic Generator 2.0,1920x1080,240900,10,64,91,33,22,40,baseline_3,baseline,/annotation/baseline/3.png,,,,,,,,,,,,,,,,,,,,,,1763633372,1.0,
10gmxxijib,treatment,1,baseline,4,1,,,,1.0,4.692,10gmxxijib,26-35,female,elementary,city,none,completed,Synthetic Generator 2.0,1920x1080,240900,10,64,91,33,22,40,baseline_4,baseline,/annotation/baseline/4.png,,,,,,,,,,,,,,,,,,,,,,1763633378,1.0,
10gmxxijib,treatment,1,baseline,5,0,,,,7.0,4.466,10gmxxijib,26-35,female,elementary,city,none,completed,Synthetic Generator 2.0,1920x1080,240900,10,64,91,33,22,40,baseline_5,baseline,/annotation/baseline/5.png,,,,,,,,,,,,,,,,,,,,,,1763633383,0.0,
10gmxxijib,treatment,1,experiment,1,0,,,,,14.37,10gmxxijib,26-35,female,elementary,city,none,completed,Synthetic Generator 2.0,1920x1080,240900,10,64,91,33,22,40,experiment_1,experiment,/annotation/experiment/1.png,0.0,False,nincsen tünet,,7.0,7.0,,,,,,0.9894106359941723,0.0,,,,,,,,,1763633399,,0.0
10gmxxijib,treatment,1,experiment,2,1,,,,,12.28,10gmxxijib,26-35,female,elementary,city,none,completed,Synthetic Generator 2.0,1920x1080,240900,10,64,91,33,22,40,experiment_2,experiment,/annotation/experiment/2.png,1.0,False,tünet,0.4057215706470818,6.0,6.0,,,,,,0.933261488721856,0.0,,,,,24.0,90.0,100.0,100.0,1763633412,,1.0
10gmxxijib,treatment,1,experiment,3,0,,,,,12.725,10gmxxijib,26-35,female,elementary,city,none,completed,Synthetic Generator 2.0,1920x1080,240900,10,64,91,33,22,40,experiment_3,experiment,/annotation/experiment/3.png,0.0,False,nincsen tünet,,7.0,7.0,,,,,,0.8552077244839561,1.0,69.0,58.0,100.0,100.0,,,,,1763633426,,0.0
10gmxxijib,treatment,1,experiment,4,1,,,,,14.899,10gmxxijib,26-35,female,elementary,city,none,completed,Synthetic Generator 2.0,1920x1080,240900,10,64,91,33,22,40,experiment_4,experiment,/annotation/experiment/4.png,1.0,False,tünet,0.49832612383029207,5.0,5.0,,,,,,0.95587581296067,1.0,15.0,78.0,100.0,100.0,19.0,95.0,100.0,100.0,1763633442,,1.0
10gmxxijib,treatment,1,experiment,5,1,,,,,10.922,10gmxxijib,26-35,female,elementary,city,none,completed,Synthetic Generator 2.0,1920x1080,240900,10,64,91,33,22,40,experiment_5,experiment,/annotation/experiment/5.png,1.0,False,tünet,0.22119863461695596,1.0,2.0,,,,,,0.8529650848204052,1.0,44.0,95.0,100.0,100.0,97.0,59.0,100.0,100.0,1763633454,,1.0
10gmxxijib,treatment,1,posttest,1,0,,,,7.0,4.567,10gmxxijib,26-35,female,elementary,city,none,completed,Synthetic Generator 2.0,1920x1080,240900,10,64,91,33,22,40,posttest_1,posttest,/annotation/post_experiment/1.png,,,,,,,,,,,,,,,,,,,,,,1763633459,0.0,
10gmxxijib,treatment,1,posttest,2,0,,,,5.0,4.832,10gmxxijib,26-35,female,elementary,city,none,completed,Synthetic Generator 2.0,1920x1080,240900,10,64,91,33,22,40,posttest_2,posttest,/annotation/post_experiment/2.png,,,,,,,,,,,,,,,,,,,,,,1763633465,0.0,
10gmxxijib,treatment,1,posttest,3,1,,,,3.0,3.311,10gmxxijib,26-35,female,elementary,city,none,completed,Synthetic Generator 2.0,1920x1080,240900,10,64,91,33,22,40,posttest_3,posttest,/annotation/post_experiment/3.png,,,,,,,,,,,,,,,,,,,,,,1763633469,1.0,
10gmxxijib,treatment,1,posttest,4,1,,,,6.0,3.798,10gmxxijib,26-35,female,elementary,city,none,completed,Synthetic Generator 2.0,1920x1080,240900,10,64,91,33,22,40,posttest_4,posttest,/annotation/post_experiment/4.png,,,,,,,,,,,,,,,,,,,,,,1763633474,1.0,
10gmxxijib,treatment,1,posttest,5,0,,,,2.0,4.754,10gmxxijib,26-35,female,elementary,city,none,completed,Synthetic Generator 2.0,1920x1080,240900,10,64,91,33,22,40,posttest_5,posttest,/annotation/post_experiment/5.png,,,,,,,,,,,,,,,,,,,,,,1763633480,0.0,
0a1lnqqglu,control,0,baseline,1,0,,,,4.0,4.794,0a1lnqqglu,26-35,male,phd,city,none,completed,Synthetic Generator 2.0,1920x1080,571931,7,57,57,56,42,47,baseline_1,baseline,/annotation/baseline/1.png,,,,,,,,,,,,,,,,,,,,,,1763683825,0.0,
0a1lnqqglu,control,0,baseline,2,1,,,,4.0,3.744,0a1lnqqglu,26-35,male,phd,city,none,completed,Synthetic Generator 2.0,1920x1080,571931,7,57,57,56,42,47,baseline_2,baseline,/annotation/baseline/2.png,,,,,,,,,,,,,,,,,,,,,,1763683830,1.0,
0a1lnqqglu,control,0,baseline,3,1,,,,6.0,4.885,0a1lnqqglu,26-35,male,phd,city,none,completed,Synthetic Generator 2.0,1920x1080,571931,7,57,57,56,42,47,baseline_3,baseline,/annotation/baseline/3.png,,,,,,,,,,,,,,,,,,,,,,1763683836,1.0,
0a1lnqqglu,control,0,baseline,4,1,,,,2.0,3.228,0a1lnqqglu,26-35,male,phd,city,none,completed,Synthetic Generator 2.0,1920x1080,571931,7,57,57,56,42,47,baseline_4,baseline,/annotation/baseline/4.png,,,,,,,,,,,,,,,,,,,,,,1763683840,1.0,
0a1lnqqglu,control,0,baseline,5,0,,,,4.0,3.506,0a1lnqqglu,26-35,male,phd,city,none,completed,Synthetic Generator 2.0,1920x1080,571931,7,57,57,56,42,47,baseline_5,baseline,/annotation/baseline/5.png,,,,,,,,,,,,,,,,,,,,,,1763683845,0.0,
0a1lnqqglu,control,0,experiment,1,1,,,,1.0,4.839,0a1lnqqglu,26-35,male,phd,city,none,completed,Synthetic Generator 2.0,1920x1080,571931,7,57,57,56,42,47,experiment_1,experiment,/annotation/experiment/1.png,,,,,,,,,,,,,,,,,,,,,,1763683850,1.0,
0a1lnqqglu,control,0,experiment,2,0,,,,7.0,3.555,0a1lnqqglu,26-35,male,phd,city,none,completed,Synthetic Generator 2.0,1920x1080,571931,7,57,57,56,42,47,experiment_2,experiment,/annotation/experiment/2.png,,,,,,,,,,,,,,,,,,,,,,1763683855,0.0,
0a1lnqqglu,control,0,experiment,3,1,,,,7.0,3.892,0a1lnqqglu,26-35,male,phd,city,none,completed,Synthetic Generator 2.0,1920x1080,571931,7,57,57,56,42,47,experiment_3,experiment,/annotation/experiment/3.png,,,,,,,,,,,,,,,,,,,,,,1763683860,1.0,
0a1lnqqglu,control,0,experiment,4,1,,,,2.0,2.698,0a1lnqqglu,26-35,male,phd,city,none,completed,Synthetic Generator 2.0,1920x1080,571931,7,57,57,56,42,47,experiment_4,experiment,/annotation/experiment/4.png,,,,,,,,,,,,,,,,,,,,,,1763683864,1.0,
0a1lnqqglu,control,0,experiment,5,0,,,,5.0,4.677,0a1lnqqglu,26-35,male,phd,city,none,completed,Synthetic Generator 2.0,1920x1080,571931,7,57,57,56,42,47,experiment_5,experiment,/annotation/experiment/5.png,,,,,,,,,,,,,,,,,,,,,,1763683869,0.0,
0a1lnqqglu,control,0,posttest,1,0,,,,7.0,4.885,0a1lnqqglu,26-35,male,phd,city,none,completed,Synthetic Generator 2.0,1920x1080,571931,7,57,57,56,42,47,posttest_1,posttest,/annotation/post_experiment/1.png,,,,,,,,,,,,,,,,,,,,,,1763683875,0.0,
0a1lnqqglu,control,0,posttest,2,0,,,,4.0,4.469,0a1lnqqglu,26-35,male,phd,city,none,completed,Synthetic Generator 2.0,1920x1080,571931,7,57,57,56,42,47,posttest_2,posttest,/annotation/post_experiment/2.png,,,,,,,,,,,,,,,,,,,,,,1763683881,0.0,
0a1lnqqglu,control,0,posttest,3,0,,,,4.0,1.744,0a1lnqqglu,26-35,male,phd,city,none,completed,Synthetic Generator 2.0,1920x1080,571931,7,57,57,56,42,47,posttest_3,posttest,/annotation/post_experiment/3.png,,,,,,,,,,,,,,,,,,,,,,1763683883,0.0,
0a1lnqqglu,control,0,posttest,4,1,,,,2.0,4.246,0a1lnqqglu,26-35,male,phd,city,none,completed,Synthetic Generator 2.0,1920x1080,571931,7,57,57,56,42,47,posttest_4,posttest,/annotation/post_experiment/4.png,,,,,,,,,,,,,,,,,,,,,,1763683889,1.0,
0a1lnqqglu,control,0,posttest,5,0,,,,6.0,4.83,0a1lnqqglu,26-35,male,phd,city,none,completed,Synthetic Generator 2.0,1920x1080,571931,7,57,57,56,42,47,posttest_5,posttest,/annotation/post_experiment/5.png,,,,,,,,,,,,,,,,,,,,,,1763683894,0.0,
0t9ag3fdu2,control,0,baseline,1,0,,,,3.0,4.224,0t9ag3fdu2,18-25,female,high-school,village,none,completed,Synthetic Generator 2.0,1920x1080,716479,8,52,67,30,87,83,baseline_1,baseline,/annotation/baseline/1.png,,,,,,,,,,,,,,,,,,,,,,1763717339,0.0,
0t9ag3fdu2,control,0,baseline,2,0,,,,7.0,4.268,0t9ag3fdu2,18-25,female,high-school,village,none,completed,Synthetic Generator 2.0,1920x1080,716479,8,52,67,30,87,83,baseline_2,baseline,/annotation/baseline/2.png,,,,,,,,,,,,,,,,,,,,,,1763717344,0.0,
0t9ag3fdu2,control,0,baseline,3,1,,,,1.0,2.893,0t9ag3fdu2,18-25,female,high-school,village,none,completed,Synthetic Generator 2.0,1920x1080,716479,8,52,67,30,87,83,baseline_3,baseline,/annotation/baseline/3.png,,,,,,,,,,,,,,,,,,,,,,1763717348,1.0,
0t9ag3fdu2,control,0,baseline,4,0,,,,4.0,1.636,0t9ag3fdu2,18-25,female,high-school,village,none,completed,Synthetic Generator 2.0,1920x1080,716479,8,52,67,30,87,83,baseline_4,baseline,/annotation/baseline/4.png,,,,,,,,,,,,,,,,,,,,,,1763717350,0.0,
0t9ag3fdu2,control,0,baseline,5,1,,,,3.0,1.008,0t9ag3fdu2,18-25,female,high-school,village,none,completed,Synthetic Generator 2.0,1920x1080,716479,8,52,67,30,87,83,baseline_5,baseline,/annotation/baseline/5.png,,,,,,,,,,,,,,,,,,,,,,1763717352,1.0,
0t9ag3fdu2,control,0,experiment,1,0,,,,7.0,3.128,0t9ag3fdu2,18-25,female,high-school,village,none,completed,Synthetic Generator 2.0,1920x1080,716479,8,52,67,30,87,83,experiment_1,experiment,/annotation/experiment/1.png,,,,,,,,,,,,,,,,,,,,,,1763717357,0.0,
0t9ag3fdu2,control,0,experiment,2,0,,,,1.0,3.548,0t9ag3fdu2,18-25,female,high-school,village,none,completed,Synthetic Generator 2.0,1920x1080,716479,8,52,67,30,87,83,experiment_2,experiment,/annotation/experiment/2.png,,,,,,,,,,,,,,,,,,,,,,1763717361,0.0,
0t9ag3fdu2,control,0,experiment,3,0,,,,4.0,1.352,0t9ag3fdu2,18-25,female,high-school,village,none,completed,Synthetic Generator 2.0,1920x1080,716479,8,52,67,30,87,83,experiment_3,experiment,/annotation/experiment/3.png,,,,,,,,,,,,,,,,,,,,,,1763717363,0.0,
0t9ag3fdu2,control,0,experiment,4,1,,,,3.0,4.977,0t9ag3fdu2,18-25,female,high-school,village,none,completed,Synthetic Generator 2.0,1920x1080,716479,8,52,67,30,87,83,experiment_4,experiment,/annotation/experiment/4.png,,,,,,,,,,,,,,,,,,,,,,1763717369,1.0,
0t9ag3fdu2,control,0,experiment,5,1,,,,6.0,2.992,0t9ag3fdu2,18-25,female,high-school,village,none,completed,Synthetic Generator 2.0,1920x1080,716479,8,52,67,30,87,83,experiment_5,experiment,/annotation/experiment/5.png,,,,,,,,,,,,,,,,,,,,,,1763717373,1.0,
0t9ag3fdu2,control,0,posttest,1,1,,,,4.0,3.062,0t9ag3fdu2,18-25,female,high-school,village,none,completed,Synthetic Generator 2.0,1920x1080,716479,8,52,67,30,87,83,posttest_1,posttest,/annotation/post_experiment/1.png,,,,,,,,,,,,,,,,,,,,,,1763717378,1.0,
0t9ag3fdu2,control,0,posttest,2,0,,,,4.0,3.204,0t9ag3fdu2,18-25,female,high-school,village,none,completed,Synthetic Generator 2.0,1920x1080,716479,8,52,67,30,87,83,posttest_2,posttest,/annotation/post_experiment/2.png,,,,,,,,,,,,,,,,,,,,,,1763717382,0.0,
0t9ag3fdu2,control,0,posttest,3,1,,,,5.0,4.995,0t9ag3fdu2,18-25,female,high-school,village,none,completed,Synthetic Generator 2.0,1920x1080,716479,8,52,67,30,87,83,posttest_3,posttest,/annotation/post_experiment/3.png,,,,,,,,,,,,,,,,,,,,,,1763717388,1.0,
0t9ag3fdu2,control,0,posttest,4,0,,,,4.0,3.069,0t9ag3fdu2,18-25,female,high-school,village,none,completed,Synthetic Generator 2.0,1920x1080,716479,8,52,67,30,87,83,posttest_4,posttest,/annotation/post_experiment/4.png,,,,,,,,,,,,,,,,,,,,,,1763717392,0.0,
0t9ag3fdu2,control,0,posttest,5,1,,,,7.0,3.844,0t9ag3fdu2,18-25,female,high-school,village,none,completed,Synthetic Generator 2.0,1920x1080,716479,8,52,67,30,87,83,posttest_5,posttest,/annotation/post_experiment/5.png,,,,,,,,,,,,,,,,,,,,,,1763717397,1.0,
0hikfevwqr,control,0,baseline,1,1,,,,7.0,3.908,0hikfevwqr,36-45,female,phd,county-seat,none,completed,Synthetic Generator 2.0,1920x1080,113452,3,58,79,31,26,80,baseline_1,baseline,/annotation/baseline/1.png,,,,,,,,,,,,,,,,,,,,,,1763724772,1.0,
0hikfevwqr,control,0,baseline,2,0,,,,4.0,1.593,0hikfevwqr,36-45,female,phd,county-seat,none,completed,Synthetic Generator 2.0,1920x1080,113452,3,58,79,31,26,80,baseline_2,baseline,/annotation/baseline/2.png,,,,,,,,,,,,,,,,,,,,,,1763724775,0.0,
0hikfevwqr,control,0,baseline,3,1,,,,2.0,1.881,0hikfevwqr,36-45,female,phd,county-seat,none,completed,Synthetic Generator 2.0,1920x1080,113452,3,58,79,31,26,80,baseline_3,baseline,/annotation/baseline/3.png,,,,,,,,,,,,,,,,,,,,,,1763724778,1.0,
0hikfevwqr,control,0,baseline,4,1,,,,2.0,2.339,0hikfevwqr,36-45,female,phd,county-seat,none,completed,Synthetic Generator 2.0,1920x1080,113452,3,58,79,31,26,80,baseline_4,baseline,/annotation/baseline/4.png,,,,,,,,,,,,,,,,,,,,,,1763724781,1.0,
0hikfevwqr,control,0,baseline,5,1,,,,7.0,1.306,0hikfevwqr,36-45,female,phd,county-seat,none,completed,Synthetic Generator 2.0,1920x1080,113452,3,58,79,31,26,80,baseline_5,baseline,/annotation/baseline/5.png,,,,,,,,,,,,,,,,,,,,,,1763724783,1.0,
0hikfevwqr,control,0,experiment,1,1,,,,7.0,3.482,0hikfevwqr,36-45,female,phd,county-seat,none,completed,Synthetic Generator 2.0,1920x1080,113452,3,58,79,31,26,80,experiment_1,experiment,/annotation/experiment/1.png,,,,,,,,,,,,,,,,,,,,,,1763724788,1.0,
0hikfevwqr,control,0,experiment,2,1,,,,3.0,2.971,0hikfevwqr,36-45,female,phd,county-seat,none,completed,Synthetic Generator 2.0,1920x1080,113452,3,58,79,31,26,80,experiment_2,experiment,/annotation/experiment/2.png,,,,,,,,,,,,,,,,,,,,,,1763724792,1.0,
0hikfevwqr,control,0,experiment,3,1,,,,5.0,4.603,0hikfevwqr,36-45,female,phd,county-seat,none,completed,Synthetic Generator 2.0,1920x1080,113452,3,58,79,31,26,80,experiment_3,experiment,/annotation/experiment/3.png,,,,,,,,,,,,,,,,,,,,,,1763724798,1.0,
0hikfevwqr,control,0,experiment,4,1,,,,2.0,4.547,0hikfevwqr,36-45,female,phd,county-seat,none,completed,Synthetic Generator 2.0,1920x1080,113452,3,58,79,31,26,80,experiment_4,experiment,/annotation/experiment/4.png,,,,,,,,,,,,,,,,,,,,,,1763724803,1.0,
0hikfevwqr,control,0,experiment,5,1,,,,5.0,1.358,0hikfevwqr,36-45,female,phd,county-seat,none,completed,Synthetic Generator 2.0,1920x1080,113452,3,58,79,31,26,80,experiment_5,experiment,/annotation/experiment/5.png,,,,,,,,,,,,,,,,,,,,,,1763724805,1.0,
0hikfevwqr,control,0,posttest,1,1,,,,3.0,2.486,0hikfevwqr,36-45,female,phd,county-seat,none,completed,Synthetic Generator 2.0,1920x1080,113452,3,58,79,31,26,80,posttest_1,posttest,/annotation/post_experiment/1.png,,,,,,,,,,,,,,,,,,,,,,1763724809,1.0,
0hikfevwqr,control,0,posttest,2,0,,,,1.0,3.265,0hikfevwqr,36-45,female,phd,county-seat,none,completed,Synthetic Generator 2.0,1920x1080,113452,3,58,79,31,26,80,posttest_2,posttest,/annotation/post_experiment/2.png,,,,,,,,,,,,,,,,,,,,,,1763724813,0.0,
0hikfevwqr,control,0,posttest,3,1,,,,7.0,2.436,0hikfevwqr,36-45,female,phd,county-seat,none,completed,Synthetic Generator 2.0,1920x1080,113452,3,58,79,31,26,80,posttest_3,posttest,/annotation/post_experiment/3.png,,,,,,,,,,,,,,,,,,,,,,1763724817,1.0,
0hikfevwqr,control,0,posttest,4,1,,,,2.0,2.443,0hikfevwqr,36-45,female,phd,county-seat,none,completed,Synthetic Generator 2.0,1920x1080,113452,3,58,79,31,26,80,posttest_4,posttest,/annotation/post_experiment/4.png,,,,,,,,,,,,,,,,,,,,,,1763724820,1.0,
0hikfevwqr,control,0,posttest,5,0,,,,4.0,4.441,0hikfevwqr,36-45,female,phd,county-seat,none,completed,Synthetic Generator 2.0,1920x1080,113452,3,58,79,31,26,80,posttest_5,posttest,/annotation/post_experiment/5.png,,,,,,,,,,,,,,,,,,,,,,1763724825,0.0,
08sbnb5bd3,control,0,baseline,1,0,,,,2.0,3.564,08sbnb5bd3,26-35,female,elementary,city,none,completed,Synthetic Generator 2.0,1920x1080,898074,8,58,47,42,58,65,baseline_1,baseline,/annotation/baseline/1.png,,,,,,,,,,,,,,,,,,,,,,1763729121,0.0,
08sbnb5bd3,control,0,baseline,2,0,,,,7.0,3.053,08sbnb5bd3,26-35,female,elementary,city,none,completed,Synthetic Generator 2.0,1920x1080,898074,8,58,47,42,58,65,baseline_2,baseline,/annotation/baseline/2.png,,,,,,,,,,,,,,,,,,,,,,1763729125,0.0,
08sbnb5bd3,control,0,baseline,3,1,,,,5.0,2.323,08sbnb5bd3,26-35,female,elementary,city,none,completed,Synthetic Generator 2.0,1920x1080,898074,8,58,47,42,58,65,baseline_3,baseline,/annotation/baseline/3.png,,,,,,,,,,,,,,,,,,,,,,1763729128,1.0,
08sbnb5bd3,control,0,baseline,4,1,,,,4.0,2.329,08sbnb5bd3,26-35,female,elementary,city,none,completed,Synthetic Generator 2.0,1920x1080,898074,8,58,47,42,58,65,baseline_4,baseline,/annotation/baseline/4.png,,,,,,,,,,,,,,,,,,,,,,1763729132,1.0,
08sbnb5bd3,control,0,baseline,5,1,,,,5.0,4.212,08sbnb5bd3,26-35,female,elementary,city,none,completed,Synthetic Generator 2.0,1920x1080,898074,8,58,47,42,58,65,baseline_5,baseline,/annotation/baseline/5.png,,,,,,,,,,,,,,,,,,,,,,1763729137,1.0,
08sbnb5bd3,control,0,experiment,1,0,,,,3.0,1.708,08sbnb5bd3,26-35,female,elementary,city,none,completed,Synthetic Generator 2.0,1920x1080,898074,8,58,47,42,58,65,experiment_1,experiment,/annotation/experiment/1.png,,,,,,,,,,,,,,,,,,,,,,1763729140,0.0,
08sbnb5bd3,control,0,experiment,2,0,,,,4.0,3.832,08sbnb5bd3,26-35,female,elementary,city,none,completed,Synthetic Generator 2.0,1920x1080,898074,8,58,47,42,58,65,experiment_2,experiment,/annotation/experiment/2.png,,,,,,,,,,,,,,,,,,,,,,1763729144,0.0,
08sbnb5bd3,control,0,experiment,3,0,,,,4.0,2.51,08sbnb5bd3,26-35,female,elementary,city,none,completed,Synthetic Generator 2.0,1920x1080,898074,8,58,47,42,58,65,experiment_3,experiment,/annotation/experiment/3.png,,,,,,,,,,,,,,,,,,,,,,1763729148,0.0,
08sbnb5bd3,control,0,experiment,4,1,,,,7.0,3.53,08sbnb5bd3,26-35,female,elementary,city,none,completed,Synthetic Generator 2.0,1920x1080,898074,8,58,47,42,58,65,experiment_4,experiment,/annotation/experiment/4.png,,,,,,,,,,,,,,,,,,,,,,1763729153,1.0,
08sbnb5bd3,control,0,experiment,5,1,,,,1.0,2.734,08sbnb5bd3,26-35,female,elementary,city,none,completed,Synthetic Generator 2.0,1920x1080,898074,8,58,47,42,58,65,experiment_5,experiment,/annotation/experiment/5.png,,,,,,,,,,,,,,,,,,,,,,1763729156,1.0,
08sbnb5bd3,control,0,posttest,1,0,,,,3.0,1.736,08sbnb5bd3,26-35,female,elementary,city,none,completed,Synthetic Generator 2.0,1920x1080,898074,8,58,47,42,58,65,posttest_1,posttest,/annotation/post_experiment/1.png,,,,,,,,,,,,,,,,,,,,,,1763729159,0.0,
08sbnb5bd3,control,0,posttest,2,1,,,,7.0,1.235,08sbnb5bd3,26-35,female,elementary,city,none,completed,Synthetic Generator 2.0,1920x1080,898074,8,58,47,42,58,65,posttest_2,posttest,/annotation/post_experiment/2.png,,,,,,,,,,,,,,,,,,,,,,1763729161,1.0,
08sbnb5bd3,control,0,posttest,3,1,,,,1.0,4.12,08sbnb5bd3,26-35,female,elementary,city,none,completed,Synthetic Generator 2.0,1920x1080,898074,8,58,47,42,58,65,posttest_3,posttest,/annotation/post_experiment/3.png,,,,,,,,,,,,,,,,,,,,,,1763729166,1.0,
08sbnb5bd3,control,0,posttest,4,1,,,,2.0,4.714,08sbnb5bd3,26-35,female,elementary,city,none,completed,Synthetic Generator 2.0,1920x1080,898074,8,58,47,42,58,65,posttest_4,posttest,/annotation/post_experiment/4.png,,,,,,,,,,,,,,,,,,,,,,1763729172,1.0,
08sbnb5bd3,control,0,posttest,5,1,,,,6.0,1.17,08sbnb5bd3,26-35,female,elementary,city,none,completed,Synthetic Generator 2.0,1920x1080,898074,8,58,47,42,58,65,posttest_5,posttest,/annotation/post_experiment/5.png,,,,,,,,,,,,,,,,,,,,,,1763729174,1.0,
0mdbuyqt6c,control,0,baseline,1,1,,,,5.0,4.013,0mdbuyqt6c,26-35,female,phd,budapest,none,completed,Synthetic Generator 2.0,1920x1080,321798,7,70,74,47,42,66,baseline_1,baseline,/annotation/baseline/1.png,,,,,,,,,,,,,,,,,,,,,,1763693146,1.0,
0mdbuyqt6c,control,0,baseline,2,0,,,,7.0,3.129,0mdbuyqt6c,26-35,female,phd,budapest,none,completed,Synthetic Generator 2.0,1920x1080,321798,7,70,74,47,42,66,baseline_2,baseline,/annotation/baseline/2.png,,,,,,,,,,,,,,,,,,,,,,1763693151,0.0,
0mdbuyqt6c,control,0,baseline,3,0,,,,1.0,2.187,0mdbuyqt6c,26-35,female,phd,budapest,none,completed,Synthetic Generator 2.0,1920x1080,321798,7,70,74,47,42,66,baseline_3,baseline,/annotation/baseline/3.png,,,,,,,,,,,,,,,,,,,,,,1763693154,0.0,
0mdbuyqt6c,control,0,baseline,4,1,,,,1.0,2.716,0mdbuyqt6c,26-35,female,phd,budapest,none,completed,Synthetic Generator 2.0,1920x1080,321798,7,70,74,47,42,66,baseline_4,baseline,/annotation/baseline/4.png,,,,,,,,,,,,,,,,,,,,,,1763693157,1.0,
0mdbuyqt6c,control,0,baseline,5,0,,,,5.0,1.608,0mdbuyqt6c,26-35,female,phd,budapest,none,completed,Synthetic Generator 2.0,1920x1080,321798,7,70,74,47,42,66,baseline_5,baseline,/annotation/baseline/5.png,,,,,,,,,,,,,,,,,,,,,,1763693160,0.0,
0mdbuyqt6c,control,0,experiment,1,0,,,,7.0,4.198,0mdbuyqt6c,26-35,female,phd,budapest,none,completed,Synthetic Generator 2.0,1920x1080,321798,7,70,74,47,42,66,experiment_1,experiment,/annotation/experiment/1.png,,,,,,,,,,,,,,,,,,,,,,1763693165,0.0,
0mdbuyqt6c,control,0,experiment,2,0,,,,6.0,1.51,0mdbuyqt6c,26-35,female,phd,budapest,none,completed,Synthetic Generator 2.0,1920x1080,321798,7,70,74,47,42,66,experiment_2,experiment,/annotation/experiment/2.png,,,,,,,,,,,,,,,,,,,,,,1763693168,0.0,
0mdbuyqt6c,control,0,experiment,3,1,,,,3.0,4.784,0mdbuyqt6c,26-35,female,phd,budapest,none,completed,Synthetic Generator 2.0,1920x1080,321798,7,70,74,47,42,66,experiment_3,experiment,/annotation/experiment/3.png,,,,,,,,,,,,,,,,,,,,,,1763693174,1.0,
0mdbuyqt6c,control,0,experiment,4,1,,,,3.0,4.897,0mdbuyqt6c,26-35,female,phd,budapest,none,completed,Synthetic Generator 2.0,1920x1080,321798,7,70,74,47,42,66,experiment_4,experiment,/annotation/experiment/4.png,,,,,,,,,,,,,,,,,,,,,,1763693179,1.0,
0mdbuyqt6c,control,0,experiment,5,0,,,,2.0,2.863,0mdbuyqt6c,26-35,female,phd,budapest,none,completed,Synthetic Generator 2.0,1920x1080,321798,7,70,74,47,42,66,experiment_5,experiment,/annotation/experiment/5.png,,,,,,,,,,,,,,,,,,,,,,1763693183,0.0,
0mdbuyqt6c,control,0,posttest,1,1,,,,4.0,1.518,0mdbuyqt6c,26-35,female,phd,budapest,none,completed,Synthetic Generator 2.0,1920x1080,321798,7,70,74,47,42,66,posttest_1,posttest,/annotation/post_experiment/1.png,,,,,,,,,,,,,,,,,,,,,,1763693186,1.0,
0mdbuyqt6c,control,0,posttest,2,1,,,,6.0,4.807,0mdbuyqt6c,26-35,female,phd,budapest,none,completed,Synthetic Generator 2.0,1920x1080,321798,7,70,74,47,42,66,posttest_2,posttest,/annotation/post_experiment/2.png,,,,,,,,,,,,,,,,,,,,,,1763693192,1.0,
0mdbuyqt6c,control,0,posttest,3,0,,,,4.0,1.899,0mdbuyqt6c,26-35,female,phd,budapest,none,completed,Synthetic Generator 2.0,1920x1080,321798,7,70,74,47,42,66,posttest_3,posttest,/annotation/post_experiment/3.png,,,,,,,,,,,,,,,,,,,,,,1763693195,0.0,
0mdbuyqt6c,control,0,posttest,4,1,,,,3.0,4.302,0mdbuyqt6c,26-35,female,phd,budapest,none,completed,Synthetic Generator 2.0,1920x1080,321798,7,70,74,47,42,66,posttest_4,posttest,/annotation/post_experiment/4.png,,,,,,,,,,,,,,,,,,,,,,1763693200,1.0,
0mdbuyqt6c,control,0,posttest,5,0,,,,1.0,4.591,0mdbuyqt6c,26-35,female,phd,budapest,none,completed,Synthetic Generator 2.0,1920x1080,321798,7,70,74,47,42,66,posttest_5,posttest,/annotation/post_experiment/5.png,,,,,,,,,,,,,,,,,,,,,,1763693205,0.0,
1t4cgks1rd,treatment,1,baseline,1,0,,,,3.0,3.781,1t4cgks1rd,36-45,male,high-school,county-seat,none,completed,Synthetic Generator 2.0,1920x1080,872661,10,62,90,42,75,43,baseline_1,baseline,/annotation/baseline/1.png,,,,,,,,,,,,,,,,,,,,,,1763638089,0.0,
1t4cgks1rd,treatment,1,baseline,2,0,,,,4.0,2.426,1t4cgks1rd,36-45,male,high-school,county-seat,none,completed,Synthetic Generator 2.0,1920x1080,872661,10,62,90,42,75,43,baseline_2,baseline,/annotation/baseline/2.png,,,,,,,,,,,,,,,,,,,,,,1763638093,0.0,
1t4cgks1rd,treatment,1,baseline,3,0,,,,2.0,2.578,1t4cgks1rd,36-45,male,high-school,county-seat,none,completed,Synthetic Generator 2.0,1920x1080,872661,10,62,90,42,75,43,baseline_3,baseline,/annotation/baseline/3.png,,,,,,,,,,,,,,,,,,,,,,1763638096,0.0,
1t4cgks1rd,treatment,1,baseline,4,1,,,,6.0,1.468,1t4cgks1rd,36-45,male,high-school,county-seat,none,completed,Synthetic Generator 2.0,1920x1080,872661,10,62,90,42,75,43,baseline_4,baseline,/annotation/baseline/4.png,,,,,,,,,,,,,,,,,,,,,,1763638099,1.0,
1t4cgks1rd,treatment,1,baseline,5,1,,,,4.0,1.776,1t4cgks1rd,36-45,male,high-school,county-seat,none,completed,Synthetic Generator 2.0,1920x1080,872661,10,62,90,42,75,43,baseline_5,baseline,/annotation/baseline/5.png,,,,,,,,,,,,,,,,,,,,,,1763638101,1.0,
1t4cgks1rd,treatment,1,experiment,1,0,,,,,13.885,1t4cgks1rd,36-45,male,high-school,county-seat,none,completed,Synthetic Generator 2.0,1920x1080,872661,10,62,90,42,75,43,experiment_1,experiment,/annotation/experiment/1.png,0.0,False,nincsen tünet,,6.0,7.0,,,,,,0.9268035787760934,0.0,,,,,,,,,1763638116,,0.0
1t4cgks1rd,treatment,1,experiment,2,0,,,,,12.617,1t4cgks1rd,36-45,male,high-school,county-seat,none,completed,Synthetic Generator 2.0,1920x1080,872661,10,62,90,42,75,43,experiment_2,experiment,/annotation/experiment/2.png,0.0,False,nincsen tünet,,5.0,7.0,,,,,,0.8903582009522522,0.0,,,,,,,,,1763638130,,0.0
1t4cgks1rd,treatment,1,experiment,3,0,,,,,5.763,1t4cgks1rd,36-45,male,high-school,county-seat,none,completed,Synthetic Generator 2.0,1920x1080,872661,10,62,90,42,75,43,experiment_3,experiment,/annotation/experiment/3.png,1.0,True,tünet,,5.0,7.0,,,,,,0.2191902082181208,0.0,,,,,,,,,1763638137,,0.0
1t4cgks1rd,treatment,1,experiment,4,1,,,,,9.144,1t4cgks1rd,36-45,male,high-school,county-seat,none,completed,Synthetic Generator 2.0,1920x1080,872661,10,62,90,42,75,43,experiment_4,experiment,/annotation/experiment/4.png,1.0,False,tünet,0.017239833606260548,2.0,3.0,,,,,,0.9639802510052297,1.0,4.0,4.0,100.0,100.0,71.0,22.0,100.0,100.0,1763638147,,1.0
1t4cgks1rd,treatment,1,experiment,5,1,,,,,5.359,1t4cgks1rd,36-45,male,high-school,county-seat,none,completed,Synthetic Generator 2.0,1920x1080,872661,10,62,90,42,75,43,experiment_5,experiment,/annotation/experiment/5.png,1.0,False,tünet,0.6885189320831903,6.0,7.0,,,,,,0.9004212908344406,1.0,73.0,49.0,100.0,100.0,79.0,75.0,100.0,100.0,1763638153,,1.0
1t4cgks1rd,treatment,1,posttest,1,0,,,,6.0,3.823,1t4cgks1rd,36-45,male,high-school,county-seat,none,completed,Synthetic Generator 2.0,1920x1080,872661,10,62,90,42,75,43,posttest_1,posttest,/annotation/post_experiment/1.png,,,,,,,,,,,,,,,,,,,,,,1763638158,0.0,
1t4cgks1rd,treatment,1,posttest,2,0,,,,5.0,4.308,1t4cgks1rd,36-45,male,high-school,county-seat,none,completed,Synthetic Generator 2.0,1920x1080,872661,10,62,90,42,75,43,posttest_2,posttest,/annotation/post_experiment/2.png,,,,,,,,,,,,,,,,,,,,,,1763638163,0.0,
1t4cgks1rd,treatment,1,posttest,3,1,,,,7.0,3.933,1t4cgks1rd,36-45,male,high-school,county-seat,none,completed,Synthetic Generator 2.0,1920x1080,872661,10,62,90,42,75,43,posttest_3,posttest,/annotation/post_experiment/3.png,,,,,,,,,,,,,,,,,,,,,,1763638168,1.0,
1t4cgks1rd,treatment,1,posttest,4,0,,,,6.0,2.176,1t4cgks1rd,36-45,male,high-school,county-seat,none,completed,Synthetic Generator 2.0,1920x1080,872661,10,62,90,42,75,43,posttest_4,posttest,/annotation/post_experiment/4.png,,,,,,,,,,,,,,,,,,,,,,1763638171,0.0,
1t4cgks1rd,treatment,1,posttest,5,1,,,,5.0,4.467,1t4cgks1rd,36-45,male,high-school,county-seat,none,completed,Synthetic Generator 2.0,1920x1080,872661,10,62,90,42,75,43,posttest_5,posttest,/annotation/post_experiment/5.png,,,,,,,,,,,,,,,,,,,,,,1763638177,1.0,
1iku77kq97,treatment,1,baseline,1,1,,,,1.0,1.487,1iku77kq97,18-25,female,bachelor,village,none,completed,Synthetic Generator 2.0,1920x1080,735065,7,71,91,21,33,46,baseline_1,baseline,/annotation/baseline/1.png,,,,,,,,,,,,,,,,,,,,,,1763684668,1.0,
1iku77kq97,treatment,1,baseline,2,0,,,,4.0,2.02,1iku77kq97,18-25,female,bachelor,village,none,completed,Synthetic Generator 2.0,1920x1080,735065,7,71,91,21,33,46,baseline_2,baseline,/annotation/baseline/2.png,,,,,,,,,,,,,,,,,,,,,,1763684671,0.0,
1iku77kq97,treatment,1,baseline,3,1,,,,4.0,3.506,1iku77kq97,18-25,female,bachelor,village,none,completed,Synthetic Generator 2.0,1920x1080,735065,7,71,91,21,33,46,baseline_3,baseline,/annotation/baseline/3.png,,,,,,,,,,,,,,,,,,,,,,1763684675,1.0,
1iku77kq97,treatment,1,baseline,4,0,,,,6.0,4.947,1iku77kq97,18-25,female,bachelor,village,none,completed,Synthetic Generator 2.0,1920x1080,735065,7,71,91,21,33,46,baseline_4,baseline,/annotation/baseline/4.png,,,,,,,,,,,,,,,,,,,,,,1763684681,0.0,
1iku77kq97,treatment,1,baseline,5,0,,,,5.0,2.177,1iku77kq97,18-25,female,bachelor,village,none,completed,Synthetic Generator 2.0,1920x1080,735065,7,71,91,21,33,46,baseline_5,baseline,/annotation/baseline/5.png,,,,,,,,,,,,,,,,,,,,,,1763684685,0.0,
1iku77kq97,treatment,1,experiment,1,0,,,,,7.979,1iku77kq97,18-25,female,bachelor,village,none,completed,Synthetic Generator 2.0,1920x1080,735065,7,71,91,21,33,46,experiment_1,experiment,/annotation/experiment/1.png,0.0,False,nincsen tünet,,4.0,5.0,,,,,,0.884073448964445,0.0,,,,,,,,,1763684694,,0.0
1iku77kq97,treatment,1,experiment,2,0,,,,,11.444,1iku77kq97,18-25,female,bachelor,village,none,completed,Synthetic Generator 2.0,1920x1080,735065,7,71,91,21,33,46,experiment_2,experiment,/annotation/experiment/2.png,1.0,True,tünet,,2.0,3.0,,,,,,0.9353306351309353,0.0,,,,,,,,,1763684706,,0.0
1iku77kq97,treatment,1,experiment,3,1,,,,,7.976,1iku77kq97,18-25,female,bachelor,village,none,completed,Synthetic Generator 2.0,1920x1080,735065,7,71,91,21,33,46,experiment_3,experiment,/annotation/experiment/3.png,1.0,False,tünet,0.08833623437193533,6.0,6.0,,,,,,0.9012758768874622,1.0,8.0,6.0,100.0,100.0,66.0,91.0,100.0,100.0,1763684715,,1.0
1iku77kq97,treatment,1,experiment,4,1,,,,,10.392,1iku77kq97,18-25,female,bachelor,village,none,completed,Synthetic Generator 2.0,1920x1080,735065,7,71,91,21,33,46,experiment_4,experiment,/annotation/experiment/4.png,1.0,False,tünet,0.354770292483573,4.0,4.0,,,,,,0.9180737388655827,1.0,54.0,75.0,100.0,100.0,75.0,55.0,100.0,100.0,1763684726,,1.0
1iku77kq97,treatment,1,experiment,5,1,,,,,14.401,1iku77kq97,18-25,female,bachelor,village,none,completed,Synthetic Generator 2.0,1920x1080,735065,7,71,91,21,33,46,experiment_5,experiment,/annotation/experiment/5.png,1.0,False,tünet,0.8254709989551137,2.0,3.0,,,,,,0.9354802821721581,1.0,24.0,62.0,100.0,100.0,67.0,31.0,100.0,100.0,1763684742,,1.0
1iku77kq97,treatment,1,posttest,1,0,,,,4.0,4.084,1iku77kq97,18-25,female,bachelor,village,none,completed,Synthetic Generator 2.0,1920x1080,735065,7,71,91,21,33,46,posttest_1,posttest,/annotation/post_experiment/1.png,,,,,,,,,,,,,,,,,,,,,,1763684747,0.0,
1iku77kq97,treatment,1,posttest,2,1,,,,6.0,1.519,1iku77kq97,18-25,female,bachelor,village,none,completed,Synthetic Generator 2.0,1920x1080,735065,7,71,91,21,33,46,posttest_2,posttest,/annotation/post_experiment/2.png,,,,,,,,,,,,,,,,,,,,,,1763684749,1.0,
1iku77kq97,treatment,1,posttest,3,1,,,,1.0,1.313,1iku77kq97,18-25,female,bachelor,village,none,completed,Synthetic Generator 2.0,1920x1080,735065,7,71,91,21,33,46,posttest_3,posttest,/annotation/post_experiment/3.png,,,,,,,,,,,,,,,,,,,,,,1763684752,1.0,
1iku77kq97,treatment,1,posttest,4,1,,,,6.0,4.154,1iku77kq97,18-25,female,bachelor,village,none,completed,Synthetic Generator 2.0,1920x1080,735065,7,71,91,21,33,46,posttest_4,posttest,/annotation/post_experiment/4.png,,,,,,,,,,,,,,,,,,,,,,1763684757,1.0,
1iku77kq97,treatment,1,posttest,5,0,,,,5.0,4.65,1iku77kq97,18-25,female,bachelor,village,none,completed,Synthetic Generator 2.0,1920x1080,735065,7,71,91,21,33,46,posttest_5,posttest,/annotation/post_experiment/5.png,,,,,,,,,,,,,,,,,,,,,,1763684762,0.0,
1zs4xm8f1x,treatment,1,baseline,1,0,,,,7.0,3.557,1zs4xm8f1x,18-25,female,bachelor,city,none,completed,Synthetic Generator 2.0,1920x1080,142110,6,88,88,53,87,32,baseline_1,baseline,/annotation/baseline/1.png,,,,,,,,,,,,,,,,,,,,,,1763634193,0.0,
1zs4xm8f1x,treatment,1,baseline,2,0,,,,2.0,3.163,1zs4xm8f1x,18-25,female,bachelor,city,none,completed,Synthetic Generator 2.0,1920x1080,142110,6,88,88,53,87,32,baseline_2,baseline,/annotation/baseline/2.png,,,,,,,,,,,,,,,,,,,,,,1763634197,0.0,
1zs4xm8f1x,treatment,1,baseline,3,0,,,,1.0,1.209,1zs4xm8f1x,18-25,female,bachelor,city,none,completed,Synthetic Generator 2.0,1920x1080,142110,6,88,88,53,87,32,baseline_3,baseline,/annotation/baseline/3.png,,,,,,,,,,,,,,,,,,,,,,1763634199,0.0,
1zs4xm8f1x,treatment,1,baseline,4,1,,,,4.0,2.285,1zs4xm8f1x,18-25,female,bachelor,city,none,completed,Synthetic Generator 2.0,1920x1080,142110,6,88,88,53,87,32,baseline_4,baseline,/annotation/baseline/4.png,,,,,,,,,,,,,,,,,,,,,,1763634203,1.0,
1zs4xm8f1x,treatment,1,baseline,5,1,,,,7.0,2.078,1zs4xm8f1x,18-25,female,bachelor,city,none,completed,Synthetic Generator 2.0,1920x1080,142110,6,88,88,53,87,32,baseline_5,baseline,/annotation/baseline/5.png,,,,,,,,,,,,,,,,,,,,,,1763634206,1.0,
1zs4xm8f1x,treatment,1,experiment,1,0,,,,,9.792,1zs4xm8f1x,18-25,female,bachelor,city,none,completed,Synthetic Generator 2.0,1920x1080,142110,6,88,88,53,87,32,experiment_1,experiment,/annotation/experiment/1.png,0.0,False,nincsen tünet,,3.0,3.0,,,,,,0.8832733084121234,0.0,,,,,,,,,1763634217,,0.0
1zs4xm8f1x,treatment,1,experiment,2,0,,,,,7.547,1zs4xm8f1x,18-25,female,bachelor,city,none,completed,Synthetic Generator 2.0,1920x1080,142110,6,88,88,53,87,32,experiment_2,experiment,/annotation/experiment/2.png,0.0,False,nincsen tünet,,7.0,7.0,,,,,,0.8775473086355856,0.0,,,,,,,,,1763634225,,0.0
1zs4xm8f1x,treatment,1,experiment,3,1,,,,,7.3,1zs4xm8f1x,18-25,female,bachelor,city,none,completed,Synthetic Generator 2.0,1920x1080,142110,6,88,88,53,87,32,experiment_3,experiment,/annotation/experiment/3.png,1.0,False,tünet,0.1806878627186579,5.0,6.0,,,,,,0.8926634232966203,1.0,36.0,30.0,100.0,100.0,22.0,91.0,100.0,100.0,1763634233,,1.0
1zs4xm8f1x,treatment,1,experiment,4,1,,,,,5.762,1zs4xm8f1x,18-25,female,bachelor,city,none,completed,Synthetic Generator 2.0,1920x1080,142110,6,88,88,53,87,32,experiment_4,experiment,/annotation/experiment/4.png,1.0,False,tünet,0.40317156854235275,1.0,2.0,,,,,,0.8963960492024503,1.0,4.0,64.0,100.0,100.0,52.0,20.0,100.0,100.0,1763634240,,1.0
1zs4xm8f1x,treatment,1,experiment,5,1,,,,,10.826,1zs4xm8f1x,18-25,female,bachelor,city,none,completed,Synthetic Generator 2.0,1920x1080,142110,6,88,88,53,87,32,experiment_5,experiment,/annotation/experiment/5.png,1.0,False,tünet,0.06204455853434726,3.0,4.0,,,,,,0.9499386680839954,1.0,26.0,94.0,100.0,100.0,52.0,93.0,100.0,100.0,1763634252,,1.0
1zs4xm8f1x,treatment,1,posttest,1,0,,,,7.0,1.867,1zs4xm8f1x,18-25,female,bachelor,city,none,completed,Synthetic Generator 2.0,1920x1080,142110,6,88,88,53,87,32,posttest_1,posttest,/annotation/post_experiment/1.png,,,,,,,,,,,,,,,,,,,,,,1763634255,0.0,
1zs4xm8f1x,treatment,1,posttest,2,0,,,,6.0,1.528,1zs4xm8f1x,18-25,female,bachelor,city,none,completed,Synthetic Generator 2.0,1920x1080,142110,6,88,88,53,87,32,posttest_2,posttest,/annotation/post_experiment/2.png,,,,,,,,,,,,,,,,,,,,,,1763634257,0.0,
1zs4xm8f1x,treatment,1,posttest,3,1,,,,5.0,3.349,1zs4xm8f1x,18-25,female,bachelor,city,none,completed,Synthetic Generator 2.0,1920x1080,142110,6,88,88,53,87,32,posttest_3,posttest,/annotation/post_experiment/3.png,,,,,,,,,,,,,,,,,,,,,,1763634262,1.0,
1zs4xm8f1x,treatment,1,posttest,4,1,,,,2.0,4.299,1zs4xm8f1x,18-25,female,bachelor,city,none,completed,Synthetic Generator 2.0,1920x1080,142110,6,88,88,53,87,32,posttest_4,posttest,/annotation/post_experiment/4.png,,,,,,,,,,,,,,,,,,,,,,1763634267,1.0,
1zs4xm8f1x,treatment,1,posttest,5,1,,,,2.0,4.579,1zs4xm8f1x,18-25,female,bachelor,city,none,completed,Synthetic Generator 2.0,1920x1080,142110,6,88,88,53,87,32,posttest_5,posttest,/annotation/post_experiment/5.png,,,,,,,,,,,,,,,,,,,,,,1763634273,1.0,
1j2ybkykhy,treatment,1,baseline,1,1,,,,5.0,2.614,1j2ybkykhy,18-25,female,masters,village,none,completed,Synthetic Generator 2.0,1920x1080,318503,8,95,79,23,39,31,baseline_1,baseline,/annotation/baseline/1.png,,,,,,,,,,,,,,,,,,,,,,1763726973,1.0,
1j2ybkykhy,treatment,1,baseline,2,1,,,,6.0,4.797,1j2ybkykhy,18-25,female,masters,village,none,completed,Synthetic Generator 2.0,1920x1080,318503,8,95,79,23,39,31,baseline_2,baseline,/annotation/baseline/2.png,,,,,,,,,,,,,,,,,,,,,,1763726979,1.0,
1j2ybkykhy,treatment,1,baseline,3,0,,,,7.0,4.967,1j2ybkykhy,18-25,female,masters,village,none,completed,Synthetic Generator 2.0,1920x1080,318503,8,95,79,23,39,31,baseline_3,baseline,/annotation/baseline/3.png,,,,,,,,,,,,,,,,,,,,,,1763726985,0.0,
1j2ybkykhy,treatment,1,baseline,4,1,,,,5.0,3.592,1j2ybkykhy,18-25,female,masters,village,none,completed,Synthetic Generator 2.0,1920x1080,318503,8,95,79,23,39,31,baseline_4,baseline,/annotation/baseline/4.png,,,,,,,,,,,,,,,,,,,,,,1763726989,1.0,
1j2ybkykhy,treatment,1,baseline,5,1,,,,7.0,2.866,1j2ybkykhy,18-25,female,masters,village,none,completed,Synthetic Generator 2.0,1920x1080,318503,8,95,79,23,39,31,baseline_5,baseline,/annotation/baseline/5.png,,,,,,,,,,,,,,,,,,,,,,1763726993,1.0,
1j2ybkykhy,treatment,1,experiment,1,0,,,,,8.477,1j2ybkykhy,18-25,female,masters,village,none,completed,Synthetic Generator 2.0,1920x1080,318503,8,95,79,23,39,31,experiment_1,experiment,/annotation/experiment/1.png,1.0,True,tünet,,6.0,6.0,,,,,,0.9629950450834641,0.0,,,,,,,,,1763727003,,0.0
1j2ybkykhy,treatment,1,experiment,2,1,,,,,11.334,1j2ybkykhy,18-25,female,masters,village,none,completed,Synthetic Generator 2.0,1920x1080,318503,8,95,79,23,39,31,experiment_2,experiment,/annotation/experiment/2.png,0.0,True,nincsen tünet,0.8690769414082113,6.0,7.0,,,,,,0.19367716359553772,1.0,52.0,51.0,100.0,100.0,17.0,61.0,100.0,100.0,1763727015,,1.0
1j2ybkykhy,treatment,1,experiment,3,1,,,,,11.779,1j2ybkykhy,18-25,female,masters,village,none,completed,Synthetic Generator 2.0,1920x1080,318503,8,95,79,23,39,31,experiment_3,experiment,/annotation/experiment/3.png,1.0,False,tünet,0.2510606297912716,6.0,6.0,,,,,,0.9662183154829869,1.0,2.0,65.0,100.0,100.0,9.0,88.0,100.0,100.0,1763727028,,1.0
1j2ybkykhy,treatment,1,experiment,4,1,,,,,12.771,1j2ybkykhy,18-25,female,masters,village,none,completed,Synthetic Generator 2.0,1920x1080,318503,8,95,79,23,39,31,experiment_4,experiment,/annotation/experiment/4.png,1.0,False,tünet,0.3235897585305117,3.0,3.0,,,,,,0.9177598251475086,1.0,44.0,63.0,100.0,100.0,53.0,11.0,100.0,100.0,1763727042,,1.0
1j2ybkykhy,treatment,1,experiment,5,1,,,,,8.566,1j2ybkykhy,18-25,female,masters,village,none,completed,Synthetic Generator 2.0,1920x1080,318503,8,95,79,23,39,31,experiment_5,experiment,/annotation/experiment/5.png,1.0,False,tünet,0.6293518887371281,3.0,4.0,,,,,,0.9432794871723091,1.0,94.0,64.0,100.0,100.0,85.0,14.0,100.0,100.0,1763727051,,1.0
1j2ybkykhy,treatment,1,posttest,1,0,,,,5.0,1.486,1j2ybkykhy,18-25,female,masters,village,none,completed,Synthetic Generator 2.0,1920x1080,318503,8,95,79,23,39,31,posttest_1,posttest,/annotation/post_experiment/1.png,,,,,,,,,,,,,,,,,,,,,,1763727054,0.0,
1j2ybkykhy,treatment,1,posttest,2,1,,,,3.0,1.6,1j2ybkykhy,18-25,female,masters,village,none,completed,Synthetic Generator 2.0,1920x1080,318503,8,95,79,23,39,31,posttest_2,posttest,/annotation/post_experiment/2.png,,,,,,,,,,,,,,,,,,,,,,1763727056,1.0,
1j2ybkykhy,treatment,1,posttest,3,0,,,,3.0,2.149,1j2ybkykhy,18-25,female,masters,village,none,completed,Synthetic Generator 2.0,1920x1080,318503,8,95,79,23,39,31,posttest_3,posttest,/annotation/post_experiment/3.png,,,,,,,,,,,,,,,,,,,,,,1763727059,0.0,
1j2ybkykhy,treatment,1,posttest,4,1,,,,6.0,2.956,1j2ybkykhy,18-25,female,masters,village,none,completed,Synthetic Generator 2.0,1920x1080,318503,8,95,79,23,39,31,posttest_4,posttest,/annotation/post_experiment/4.png,,,,,,,,,,,,,,,,,,,,,,1763727063,1.0,
1j2ybkykhy,treatment,1,posttest,5,1,,,,5.0,3.471,1j2ybkykhy,18-25,female,masters,village,none,completed,Synthetic Generator 2.0,1920x1080,318503,8,95,79,23,39,31,posttest_5,posttest,/annotation/post_experiment/5.png,,,,,,,,,,,,,,,,,,,,,,1763727068,1.0,
14jylc1x1a,treatment,1,baseline,1,0,,,,2.0,3.261,14jylc1x1a,36-45,female,bachelor,budapest,none,completed,Synthetic Generator 2.0,1920x1080,626846,6,68,64,41,44,69,baseline_1,baseline,/annotation/baseline/1.png,,,,,,,,,,,,,,,,,,,,,,1763686100,0.0,
14jylc1x1a,treatment,1,baseline,2,1,,,,5.0,1.109,14jylc1x1a,36-45,female,bachelor,budapest,none,completed,Synthetic Generator 2.0,1920x1080,626846,6,68,64,41,44,69,baseline_2,baseline,/annotation/baseline/2.png,,,,,,,,,,,,,,,,,,,,,,1763686102,1.0,
14jylc1x1a,treatment,1,baseline,3,1,,,,6.0,4.079,14jylc1x1a,36-45,female,bachelor,budapest,none,completed,Synthetic Generator 2.0,1920x1080,626846,6,68,64,41,44,69,baseline_3,baseline,/annotation/baseline/3.png,,,,,,,,,,,,,,,,,,,,,,1763686107,1.0,
14jylc1x1a,treatment,1,baseline,4,1,,,,3.0,2.114,14jylc1x1a,36-45,female,bachelor,budapest,none,completed,Synthetic Generator 2.0,1920x1080,626846,6,68,64,41,44,69,baseline_4,baseline,/annotation/baseline/4.png,,,,,,,,,,,,,,,,,,,,,,1763686110,1.0,
14jylc1x1a,treatment,1,baseline,5,0,,,,6.0,2.248,14jylc1x1a,36-45,female,bachelor,budapest,none,completed,Synthetic Generator 2.0,1920x1080,626846,6,68,64,41,44,69,baseline_5,baseline,/annotation/baseline/5.png,,,,,,,,,,,,,,,,,,,,,,1763686113,0.0,
14jylc1x1a,treatment,1,experiment,1,0,,,,,10.432,14jylc1x1a,36-45,female,bachelor,budapest,none,completed,Synthetic Generator 2.0,1920x1080,626846,6,68,64,41,44,69,experiment_1,experiment,/annotation/experiment/1.png,0.0,False,nincsen tünet,,7.0,7.0,,,,,,0.8713926718677274,0.0,,,,,,,,,1763686125,,0.0
14jylc1x1a,treatment,1,experiment,2,0,,,,,6.382,14jylc1x1a,36-45,female,bachelor,budapest,none,completed,Synthetic Generator 2.0,1920x1080,626846,6,68,64,41,44,69,experiment_2,experiment,/annotation/experiment/2.png,0.0,False,nincsen tünet,,1.0,2.0,,,,,,0.9806780278656059,0.0,,,,,,,,,1763686132,,0.0
14jylc1x1a,treatment,1,experiment,3,1,,,,,7.227,14jylc1x1a,36-45,female,bachelor,budapest,none,completed,Synthetic Generator 2.0,1920x1080,626846,6,68,64,41,44,69,experiment_3,experiment,/annotation/experiment/3.png,1.0,False,tünet,0.5895905514037848,5.0,6.0,,,,,,0.9817486669569659,1.0,5.0,31.0,100.0,100.0,20.0,98.0,100.0,100.0,1763686140,,1.0
14jylc1x1a,treatment,1,experiment,4,1,,,,,12.702,14jylc1x1a,36-45,female,bachelor,budapest,none,completed,Synthetic Generator 2.0,1920x1080,626846,6,68,64,41,44,69,experiment_4,experiment,/annotation/experiment/4.png,1.0,False,tünet,0.30669214244360316,7.0,7.0,,,,,,0.8933900005553956,1.0,48.0,90.0,100.0,100.0,11.0,88.0,100.0,100.0,1763686154,,1.0
14jylc1x1a,treatment,1,experiment,5,0,,,,,13.121,14jylc1x1a,36-45,female,bachelor,budapest,none,completed,Synthetic Generator 2.0,1920x1080,626846,6,68,64,41,44,69,experiment_5,experiment,/annotation/experiment/5.png,0.0,False,nincsen tünet,,4.0,6.0,,,,,,0.12419248002472183,0.0,,,,,,,,,1763686168,,0.0
14jylc1x1a,treatment,1,posttest,1,0,,,,7.0,3.737,14jylc1x1a,36-45,female,bachelor,budapest,none,completed,Synthetic Generator 2.0,1920x1080,626846,6,68,64,41,44,69,posttest_1,posttest,/annotation/post_experiment/1.png,,,,,,,,,,,,,,,,,,,,,,1763686173,0.0,
14jylc1x1a,treatment,1,posttest,2,1,,,,5.0,2.592,14jylc1x1a,36-45,female,bachelor,budapest,none,completed,Synthetic Generator 2.0,1920x1080,626846,6,68,64,41,44,69,posttest_2,posttest,/annotation/post_experiment/2.png,,,,,,,,,,,,,,,,,,,,,,1763686176,1.0,
14jylc1x1a,treatment,1,posttest,3,1,,,,2.0,2.272,14jylc1x1a,36-45,female,bachelor,budapest,none,completed,Synthetic Generator 2.0,1920x1080,626846,6,68,64,41,44,69,posttest_3,posttest,/annotation/post_experiment/3.png,,,,,,,,,,,,,,,,,,,,,,1763686180,1.0,
14jylc1x1a,treatment,1,posttest,4,1,,,,4.0,3.705,14jylc1x1a,36-45,female,bachelor,budapest,none,completed,Synthetic Generator 2.0,1920x1080,626846,6,68,64,41,44,69,posttest_4,posttest,/annotation/post_experiment/4.png,,,,,,,,,,,,,,,,,,,,,,1763686184,1.0,
14jylc1x1a,treatment,1,posttest,5,0,,,,1.0,2.123,14jylc1x1a,36-45,female,bachelor,budapest,none,completed,Synthetic Generator 2.0,1920x1080,626846,6,68,64,41,44,69,posttest_5,posttest,/annotation/post_experiment/5.png,,,,,,,,,,,,,,,,,,,,,,1763686188,0.0,
0opw3zjpfg,control,0,baseline,1,1,,,,6.0,1.382,0opw3zjpfg,18-25,male,elementary,village,none,completed,Synthetic Generator 2.0,1920x1080,737361,4,80,76,64,79,73,baseline_1,baseline,/annotation/baseline/1.png,,,,,,,,,,,,,,,,,,,,,,1763686850,1.0,
0opw3zjpfg,control,0,baseline,2,0,,,,2.0,4.761,0opw3zjpfg,18-25,male,elementary,village,none,completed,Synthetic Generator 2.0,1920x1080,737361,4,80,76,64,79,73,baseline_2,baseline,/annotation/baseline/2.png,,,,,,,,,,,,,,,,,,,,,,1763686856,0.0,
0opw3zjpfg,control,0,baseline,3,0,,,,1.0,1.078,0opw3zjpfg,18-25,male,elementary,village,none,completed,Synthetic Generator 2.0,1920x1080,737361,4,80,76,64,79,73,baseline_3,baseline,/annotation/baseline/3.png,,,,,,,,,,,,,,,,,,,,,,1763686858,0.0,
0opw3zjpfg,control,0,baseline,4,1,,,,3.0,2.761,0opw3zjpfg,18-25,male,elementary,village,none,completed,Synthetic Generator 2.0,1920x1080,737361,4,80,76,64,79,73,baseline_4,baseline,/annotation/baseline/4.png,,,,,,,,,,,,,,,,,,,,,,1763686861,1.0,
0opw3zjpfg,control,0,baseline,5,0,,,,2.0,4.368,0opw3zjpfg,18-25,male,elementary,village,none,completed,Synthetic Generator 2.0,1920x1080,737361,4,80,76,64,79,73,baseline_5,baseline,/annotation/baseline/5.png,,,,,,,,,,,,,,,,,,,,,,1763686867,0.0,
0opw3zjpfg,control,0,experiment,1,0,,,,6.0,1.643,0opw3zjpfg,18-25,male,elementary,village,none,completed,Synthetic Generator 2.0,1920x1080,737361,4,80,76,64,79,73,experiment_1,experiment,/annotation/experiment/1.png,,,,,,,,,,,,,,,,,,,,,,1763686869,0.0,
0opw3zjpfg,control,0,experiment,2,1,,,,4.0,1.458,0opw3zjpfg,18-25,male,elementary,village,none,completed,Synthetic Generator 2.0,1920x1080,737361,4,80,76,64,79,73,experiment_2,experiment,/annotation/experiment/2.png,,,,,,,,,,,,,,,,,,,,,,1763686872,1.0,
0opw3zjpfg,control,0,experiment,3,0,,,,4.0,4.836,0opw3zjpfg,18-25,male,elementary,village,none,completed,Synthetic Generator 2.0,1920x1080,737361,4,80,76,64,79,73,experiment_3,experiment,/annotation/experiment/3.png,,,,,,,,,,,,,,,,,,,,,,1763686878,0.0,
0opw3zjpfg,control,0,experiment,4,0,,,,2.0,2.257,0opw3zjpfg,18-25,male,elementary,village,none,completed,Synthetic Generator 2.0,1920x1080,737361,4,80,76,64,79,73,experiment_4,experiment,/annotation/experiment/4.png,,,,,,,,,,,,,,,,,,,,,,1763686881,0.0,
0opw3zjpfg,control,0,experiment,5,1,,,,7.0,1.908,0opw3zjpfg,18-25,male,elementary,village,none,completed,Synthetic Generator 2.0,1920x1080,737361,4,80,76,64,79,73,experiment_5,experiment,/annotation/experiment/5.png,,,,,,,,,,,,,,,,,,,,,,1763686884,1.0,
0opw3zjpfg,control,0,posttest,1,1,,,,6.0,2.555,0opw3zjpfg,18-25,male,elementary,village,none,completed,Synthetic Generator 2.0,1920x1080,737361,4,80,76,64,79,73,posttest_1,posttest,/annotation/post_experiment/1.png,,,,,,,,,,,,,,,,,,,,,,1763686887,1.0,
0opw3zjpfg,control,0,posttest,2,0,,,,5.0,2.75,0opw3zjpfg,18-25,male,elementary,village,none,completed,Synthetic Generator 2.0,1920x1080,737361,4,80,76,64,79,73,posttest_2,posttest,/annotation/post_experiment/2.png,,,,,,,,,,,,,,,,,,,,,,1763686891,0.0,
0opw3zjpfg,control,0,posttest,3,1,,,,2.0,2.574,0opw3zjpfg,18-25,male,elementary,village,none,completed,Synthetic Generator 2.0,1920x1080,737361,4,80,76,64,79,73,posttest_3,posttest,/annotation/post_experiment/3.png,,,,,,,,,,,,,,,,,,,,,,1763686895,1.0,
0opw3zjpfg,control,0,posttest,4,1,,,,4.0,4.594,0opw3zjpfg,18-25,male,elementary,village,none,completed,Synthetic Generator 2.0,1920x1080,737361,4,80,76,64,79,73,posttest_4,posttest,/annotation/post_experiment/4.png,,,,,,,,,,,,,,,,,,,,,,1763686900,1.0,
0opw3zjpfg,control,0,posttest,5,0,,,,4.0,2.409,0opw3zjpfg,18-25,male,elementary,village,none,completed,Synthetic Generator 2.0,1920x1080,737361,4,80,76,64,79,73,posttest_5,posttest,/annotation/post_experiment/5.png,,,,,,,,,,,,,,,,,,,,,,1763686904,0.0,
1czhc5iard,treatment,1,baseline,1,1,,,,4.0,4.986,1czhc5iard,26-35,male,phd,village,none,completed,Synthetic Generator 2.0,1920x1080,922064,8,77,88,26,73,90,baseline_1,baseline,/annotation/baseline/1.png,,,,,,,,,,,,,,,,,,,,,,1763652809,1.0,
1czhc5iard,treatment,1,baseline,2,1,,,,4.0,2.359,1czhc5iard,26-35,male,phd,village,none,completed,Synthetic Generator 2.0,1920x1080,922064,8,77,88,26,73,90,baseline_2,baseline,/annotation/baseline/2.png,,,,,,,,,,,,,,,,,,,,,,1763652813,1.0,
1czhc5iard,treatment,1,baseline,3,0,,,,1.0,4.211,1czhc5iard,26-35,male,phd,village,none,completed,Synthetic Generator 2.0,1920x1080,922064,8,77,88,26,73,90,baseline_3,baseline,/annotation/baseline/3.png,,,,,,,,,,,,,,,,,,,,,,1763652818,0.0,
1czhc5iard,treatment,1,baseline,4,1,,,,3.0,4.379,1czhc5iard,26-35,male,phd,village,none,completed,Synthetic Generator 2.0,1920x1080,922064,8,77,88,26,73,90,baseline_4,baseline,/annotation/baseline/4.png,,,,,,,,,,,,,,,,,,,,,,1763652823,1.0,
1czhc5iard,treatment,1,baseline,5,0,,,,6.0,1.478,1czhc5iard,26-35,male,phd,village,none,completed,Synthetic Generator 2.0,1920x1080,922064,8,77,88,26,73,90,baseline_5,baseline,/annotation/baseline/5.png,,,,,,,,,,,,,,,,,,,,,,1763652826,0.0,
1czhc5iard,treatment,1,experiment,1,0,,,,,13.113,1czhc5iard,26-35,male,phd,village,none,completed,Synthetic Generator 2.0,1920x1080,922064,8,77,88,26,73,90,experiment_1,experiment,/annotation/experiment/1.png,0.0,False,nincsen tünet,,3.0,3.0,,,,,,0.9543571849198702,0.0,,,,,,,,,1763652840,,0.0
1czhc5iard,treatment,1,experiment,2,0,,,,,12.073,1czhc5iard,26-35,male,phd,village,none,completed,Synthetic Generator 2.0,1920x1080,922064,8,77,88,26,73,90,experiment_2,experiment,/annotation/experiment/2.png,0.0,False,nincsen tünet,,1.0,1.0,,,,,,0.8814865646611364,0.0,,,,,,,,,1763652853,,0.0
1czhc5iard,treatment,1,experiment,3,1,,,,,13.355,1czhc5iard,26-35,male,phd,village,none,completed,Synthetic Generator 2.0,1920x1080,922064,8,77,88,26,73,90,experiment_3,experiment,/annotation/experiment/3.png,1.0,False,tünet,0.2009422802960844,5.0,7.0,,,,,,0.9205070891876144,1.0,11.0,25.0,100.0,100.0,92.0,94.0,100.0,100.0,1763652867,,1.0
1czhc5iard,treatment,1,experiment,4,1,,,,,5.758,1czhc5iard,26-35,male,phd,village,none,completed,Synthetic Generator 2.0,1920x1080,922064,8,77,88,26,73,90,experiment_4,experiment,/annotation/experiment/4.png,1.0,False,tünet,0.13785688293502854,6.0,6.0,,,,,,0.8669564403497687,1.0,77.0,18.0,100.0,100.0,45.0,65.0,100.0,100.0,1763652874,,1.0
1czhc5iard,treatment,1,experiment,5,1,,,,,10.314,1czhc5iard,26-35,male,phd,village,none,completed,Synthetic Generator 2.0,1920x1080,922064,8,77,88,26,73,90,experiment_5,experiment,/annotation/experiment/5.png,1.0,False,tünet,0.12940506582880115,2.0,4.0,,,,,,0.8917325675812457,1.0,15.0,45.0,100.0,100.0,4.0,56.0,100.0,100.0,1763652885,,1.0
1czhc5iard,treatment,1,posttest,1,0,,,,6.0,1.817,1czhc5iard,26-35,male,phd,village,none,completed,Synthetic Generator 2.0,1920x1080,922064,8,77,88,26,73,90,posttest_1,posttest,/annotation/post_experiment/1.png,,,,,,,,,,,,,,,,,,,,,,1763652888,0.0,
1czhc5iard,treatment,1,posttest,2,1,,,,5.0,4.649,1czhc5iard,26-35,male,phd,village,none,completed,Synthetic Generator 2.0,1920x1080,922064,8,77,88,26,73,90,posttest_2,posttest,/annotation/post_experiment/2.png,,,,,,,,,,,,,,,,,,,,,,1763652894,1.0,
1czhc5iard,treatment,1,posttest,3,1,,,,7.0,3.666,1czhc5iard,26-35,male,phd,village,none,completed,Synthetic Generator 2.0,1920x1080,922064,8,77,88,26,73,90,posttest_3,posttest,/annotation/post_experiment/3.png,,,,,,,,,,,,,,,,,,,,,,1763652899,1.0,
1czhc5iard,treatment,1,posttest,4,1,,,,7.0,4.129,1czhc5iard,26-35,male,phd,village,none,completed,Synthetic Generator 2.0,1920x1080,922064,8,77,88,26,73,90,posttest_4,posttest,/annotation/post_experiment/4.png,,,,,,,,,,,,,,,,,,,,,,1763652904,1.0,
1czhc5iard,treatment,1,posttest,5,0,,,,6.0,4.425,1czhc5iard,26-35,male,phd,village,none,completed,Synthetic Generator 2.0,1920x1080,922064,8,77,88,26,73,90,posttest_5,posttest,/annotation/post_experiment/5.png,,,,,,,,,,,,,,,,,,,,,,1763652909,0.0,
1l48el3vg7,treatment,1,baseline,1,0,,,,2.0,2.003,1l48el3vg7,36-45,female,masters,budapest,none,completed,Synthetic Generator 2.0,1920x1080,129372,9,93,94,44,42,30,baseline_1,baseline,/annotation/baseline/1.png,,,,,,,,,,,,,,,,,,,,,,1763707566,0.0,
1l48el3vg7,treatment,1,baseline,2,0,,,,4.0,3.106,1l48el3vg7,36-45,female,masters,budapest,none,completed,Synthetic Generator 2.0,1920x1080,129372,9,93,94,44,42,30,baseline_2,baseline,/annotation/baseline/2.png,,,,,,,,,,,,,,,,,,,,,,1763707571,0.0,
1l48el3vg7,treatment,1,baseline,3,0,,,,4.0,3.324,1l48el3vg7,36-45,female,masters,budapest,none,completed,Synthetic Generator 2.0,1920x1080,129372,9,93,94,44,42,30,baseline_3,baseline,/annotation/baseline/3.png,,,,,,,,,,,,,,,,,,,,,,1763707575,0.0,
1l48el3vg7,treatment,1,baseline,4,1,,,,2.0,2.963,1l48el3vg7,36-45,female,masters,budapest,none,completed,Synthetic Generator 2.0,1920x1080,129372,9,93,94,44,42,30,baseline_4,baseline,/annotation/baseline/4.png,,,,,,,,,,,,,,,,,,,,,,1763707579,1.0,
1l48el3vg7,treatment,1,baseline,5,1,,,,7.0,1.847,1l48el3vg7,36-45,female,masters,budapest,none,completed,Synthetic Generator 2.0,1920x1080,129372,9,93,94,44,42,30,baseline_5,baseline,/annotation/baseline/5.png,,,,,,,,,,,,,,,,,,,,,,1763707582,1.0,
1l48el3vg7,treatment,1,experiment,1,0,,,,,11.513,1l48el3vg7,36-45,female,masters,budapest,none,completed,Synthetic Generator 2.0,1920x1080,129372,9,93,94,44,42,30,experiment_1,experiment,/annotation/experiment/1.png,0.0,False,nincsen tünet,,1.0,3.0,,,,,,0.9650312579992876,0.0,,,,,,,,,1763707594,,0.0
1l48el3vg7,treatment,1,experiment,2,0,,,,,11.282,1l48el3vg7,36-45,female,masters,budapest,none,completed,Synthetic Generator 2.0,1920x1080,129372,9,93,94,44,42,30,experiment_2,experiment,/annotation/experiment/2.png,0.0,False,nincsen tünet,,1.0,3.0,,,,,,0.9333350602085438,0.0,,,,,,,,,1763707606,,0.0
1l48el3vg7,treatment,1,experiment,3,1,,,,,9.646,1l48el3vg7,36-45,female,masters,budapest,none,completed,Synthetic Generator 2.0,1920x1080,129372,9,93,94,44,42,30,experiment_3,experiment,/annotation/experiment/3.png,1.0,False,tünet,0.7477065077114451,1.0,1.0,,,,,,0.9372933527132327,1.0,37.0,3.0,100.0,100.0,25.0,58.0,100.0,100.0,1763707617,,1.0
1l48el3vg7,treatment,1,experiment,4,0,,,,,6.991,1l48el3vg7,36-45,female,masters,budapest,none,completed,Synthetic Generator 2.0,1920x1080,129372,9,93,94,44,42,30,experiment_4,experiment,/annotation/experiment/4.png,0.0,False,nincsen tünet,,6.0,7.0,,,,,,0.8828709503894474,1.0,20.0,48.0,100.0,100.0,,,,,1763707625,,0.0
1l48el3vg7,treatment,1,experiment,5,1,,,,,6.029,1l48el3vg7,36-45,female,masters,budapest,none,completed,Synthetic Generator 2.0,1920x1080,129372,9,93,94,44,42,30,experiment_5,experiment,/annotation/experiment/5.png,1.0,False,tünet,0.6964883031537044,7.0,7.0,,,,,,0.9322014483578479,1.0,24.0,22.0,100.0,100.0,52.0,74.0,100.0,100.0,1763707632,,1.0
1l48el3vg7,treatment,1,posttest,1,0,,,,4.0,4.41,1l48el3vg7,36-45,female,masters,budapest,none,completed,Synthetic Generator 2.0,1920x1080,129372,9,93,94,44,42,30,posttest_1,posttest,/annotation/post_experiment/1.png,,,,,,,,,,,,,,,,,,,,,,1763707638,0.0,
1l48el3vg7,treatment,1,posttest,2,0,,,,5.0,1.471,1l48el3vg7,36-45,female,masters,budapest,none,completed,Synthetic Generator 2.0,1920x1080,129372,9,93,94,44,42,30,posttest_2,posttest,/annotation/post_experiment/2.png,,,,,,,,,,,,,,,,,,,,,,1763707640,0.0,
1l48el3vg7,treatment,1,posttest,3,1,,,,6.0,2.512,1l48el3vg7,36-45,female,masters,budapest,none,completed,Synthetic Generator 2.0,1920x1080,129372,9,93,94,44,42,30,posttest_3,posttest,/annotation/post_experiment/3.png,,,,,,,,,,,,,,,,,,,,,,1763707644,1.0,
1l48el3vg7,treatment,1,posttest,4,1,,,,5.0,2.389,1l48el3vg7,36-45,female,masters,budapest,none,completed,Synthetic Generator 2.0,1920x1080,129372,9,93,94,44,42,30,posttest_4,posttest,/annotation/post_experiment/4.png,,,,,,,,,,,,,,,,,,,,,,1763707647,1.0,
1l48el3vg7,treatment,1,posttest,5,1,,,,6.0,2.417,1l48el3vg7,36-45,female,masters,budapest,none,completed,Synthetic Generator 2.0,1920x1080,129372,9,93,94,44,42,30,posttest_5,posttest,/annotation/post_experiment/5.png,,,,,,,,,,,,,,,,,,,,,,1763707650,1.0,
0x8gqkhc1d,control,0,baseline,1,1,,,,1.0,2.054,0x8gqkhc1d,18-25,male,elementary,city,none,completed,Synthetic Generator 2.0,1920x1080,360874,8,56,68,58,80,36,baseline_1,baseline,/annotation/baseline/1.png,,,,,,,,,,,,,,,,,,,,,,1763696077,1.0,
0x8gqkhc1d,control,0,baseline,2,0,,,,2.0,4.48,0x8gqkhc1d,18-25,male,elementary,city,none,completed,Synthetic Generator 2.0,1920x1080,360874,8,56,68,58,80,36,baseline_2,baseline,/annotation/baseline/2.png,,,,,,,,,,,,,,,,,,,,,,1763696083,0.0,
0x8gqkhc1d,control,0,baseline,3,1,,,,4.0,4.536,0x8gqkhc1d,18-25,male,elementary,city,none,completed,Synthetic Generator 2.0,1920x1080,360874,8,56,68,58,80,36,baseline_3,baseline,/annotation/baseline/3.png,,,,,,,,,,,,,,,,,,,,,,1763696089,1.0,
0x8gqkhc1d,control,0,baseline,4,1,,,,5.0,3.174,0x8gqkhc1d,18-25,male,elementary,city,none,completed,Synthetic Generator 2.0,1920x1080,360874,8,56,68,58,80,36,baseline_4,baseline,/annotation/baseline/4.png,,,,,,,,,,,,,,,,,,,,,,1763696093,1.0,
0x8gqkhc1d,control,0,baseline,5,1,,,,4.0,3.592,0x8gqkhc1d,18-25,male,elementary,city,none,completed,Synthetic Generator 2.0,1920x1080,360874,8,56,68,58,80,36,baseline_5,baseline,/annotation/baseline/5.png,,,,,,,,,,,,,,,,,,,,,,1763696097,1.0,
0x8gqkhc1d,control,0,experiment,1,0,,,,1.0,4.803,0x8gqkhc1d,18-25,male,elementary,city,none,completed,Synthetic Generator 2.0,1920x1080,360874,8,56,68,58,80,36,experiment_1,experiment,/annotation/experiment/1.png,,,,,,,,,,,,,,,,,,,,,,1763696103,0.0,
0x8gqkhc1d,control,0,experiment,2,0,,,,5.0,4.293,0x8gqkhc1d,18-25,male,elementary,city,none,completed,Synthetic Generator 2.0,1920x1080,360874,8,56,68,58,80,36,experiment_2,experiment,/annotation/experiment/2.png,,,,,,,,,,,,,,,,,,,,,,1763696108,0.0,
0x8gqkhc1d,control,0,experiment,3,0,,,,6.0,4.764,0x8gqkhc1d,18-25,male,elementary,city,none,completed,Synthetic Generator 2.0,1920x1080,360874,8,56,68,58,80,36,experiment_3,experiment,/annotation/experiment/3.png,,,,,,,,,,,,,,,,,,,,,,1763696114,0.0,
0x8gqkhc1d,control,0,experiment,4,0,,,,4.0,1.735,0x8gqkhc1d,18-25,male,elementary,city,none,completed,Synthetic Generator 2.0,1920x1080,360874,8,56,68,58,80,36,experiment_4,experiment,/annotation/experiment/4.png,,,,,,,,,,,,,,,,,,,,,,1763696117,0.0,
0x8gqkhc1d,control,0,experiment,5,0,,,,2.0,2.252,0x8gqkhc1d,18-25,male,elementary,city,none,completed,Synthetic Generator 2.0,1920x1080,360874,8,56,68,58,80,36,experiment_5,experiment,/annotation/experiment/5.png,,,,,,,,,,,,,,,,,,,,,,1763696120,0.0,
0x8gqkhc1d,control,0,posttest,1,1,,,,2.0,4.145,0x8gqkhc1d,18-25,male,elementary,city,none,completed,Synthetic Generator 2.0,1920x1080,360874,8,56,68,58,80,36,posttest_1,posttest,/annotation/post_experiment/1.png,,,,,,,,,,,,,,,,,,,,,,1763696125,1.0,
0x8gqkhc1d,control,0,posttest,2,0,,,,1.0,1.807,0x8gqkhc1d,18-25,male,elementary,city,none,completed,Synthetic Generator 2.0,1920x1080,360874,8,56,68,58,80,36,posttest_2,posttest,/annotation/post_experiment/2.png,,,,,,,,,,,,,,,,,,,,,,1763696128,0.0,
0x8gqkhc1d,control,0,posttest,3,0,,,,1.0,3.878,0x8gqkhc1d,18-25,male,elementary,city,none,completed,Synthetic Generator 2.0,1920x1080,360874,8,56,68,58,80,36,posttest_3,posttest,/annotation/post_experiment/3.png,,,,,,,,,,,,,,,,,,,,,,1763696133,0.0,
0x8gqkhc1d,control,0,posttest,4,0,,,,7.0,4.844,0x8gqkhc1d,18-25,male,elementary,city,none,completed,Synthetic Generator 2.0,1920x1080,360874,8,56,68,58,80,36,posttest_4,posttest,/annotation/post_experiment/4.png,,,,,,,,,,,,,,,,,,,,,,1763696139,0.0,
0x8gqkhc1d,control,0,posttest,5,0,,,,4.0,3.933,0x8gqkhc1d,18-25,male,elementary,city,none,completed,Synthetic Generator 2.0,1920x1080,360874,8,56,68,58,80,36,posttest_5,posttest,/annotation/post_experiment/5.png,,,,,,,,,,,,,,,,,,,,,,1763696144,0.0,
1q3hn7zl7w,treatment,1,baseline,1,0,,,,2.0,3.092,1q3hn7zl7w,26-35,male,bachelor,city,none,completed,Synthetic Generator 2.0,1920x1080,500661,9,77,75,46,28,62,baseline_1,baseline,/annotation/baseline/1.png,,,,,,,,,,,,,,,,,,,,,,1763656230,0.0,
1q3hn7zl7w,treatment,1,baseline,2,0,,,,3.0,1.068,1q3hn7zl7w,26-35,male,bachelor,city,none,completed,Synthetic Generator 2.0,1920x1080,500661,9,77,75,46,28,62,baseline_2,baseline,/annotation/baseline/2.png,,,,,,,,,,,,,,,,,,,,,,1763656232,0.0,
1q3hn7zl7w,treatment,1,baseline,3,0,,,,4.0,4.615,1q3hn7zl7w,26-35,male,bachelor,city,none,completed,Synthetic Generator 2.0,1920x1080,500661,9,77,75,46,28,62,baseline_3,baseline,/annotation/baseline/3.png,,,,,,,,,,,,,,,,,,,,,,1763656237,0.0,
1q3hn7zl7w,treatment,1,baseline,4,0,,,,3.0,1.255,1q3hn7zl7w,26-35,male,bachelor,city,none,completed,Synthetic Generator 2.0,1920x1080,500661,9,77,75,46,28,62,baseline_4,baseline,/annotation/baseline/4.png,,,,,,,,,,,,,,,,,,,,,,1763656239,0.0,
1q3hn7zl7w,treatment,1,baseline,5,1,,,,1.0,1.909,1q3hn7zl7w,26-35,male,bachelor,city,none,completed,Synthetic Generator 2.0,1920x1080,500661,9,77,75,46,28,62,baseline_5,baseline,/annotation/baseline/5.png,,,,,,,,,,,,,,,,,,,,,,1763656242,1.0,
1q3hn7zl7w,treatment,1,experiment,1,1,,,,,9.197,1q3hn7zl7w,26-35,male,bachelor,city,none,completed,Synthetic Generator 2.0,1920x1080,500661,9,77,75,46,28,62,experiment_1,experiment,/annotation/experiment/1.png,0.0,True,nincsen tünet,0.35188202995403695,3.0,3.0,,,,,,0.20882733750610466,1.0,79.0,60.0,100.0,100.0,85.0,20.0,100.0,100.0,1763656253,,1.0
1q3hn7zl7w,treatment,1,experiment,2,0,,,,,13.734,1q3hn7zl7w,26-35,male,bachelor,city,none,completed,Synthetic Generator 2.0,1920x1080,500661,9,77,75,46,28,62,experiment_2,experiment,/annotation/experiment/2.png,0.0,False,nincsen tünet,,3.0,5.0,,,,,,0.9019239054944459,0.0,,,,,,,,,1763656267,,0.0
1q3hn7zl7w,treatment,1,experiment,3,0,,,,,14.174,1q3hn7zl7w,26-35,male,bachelor,city,none,completed,Synthetic Generator 2.0,1920x1080,500661,9,77,75,46,28,62,experiment_3,experiment,/annotation/experiment/3.png,1.0,True,tünet,,6.0,7.0,,,,,,0.23148575755686926,0.0,,,,,,,,,1763656282,,0.0
1q3hn7zl7w,treatment,1,experiment,4,1,,,,,13.805,1q3hn7zl7w,26-35,male,bachelor,city,none,completed,Synthetic Generator 2.0,1920x1080,500661,9,77,75,46,28,62,experiment_4,experiment,/annotation/experiment/4.png,1.0,False,tünet,0.2120433170345127,5.0,7.0,,,,,,0.9562580553329983,1.0,51.0,17.0,100.0,100.0,70.0,33.0,100.0,100.0,1763656297,,1.0
1q3hn7zl7w,treatment,1,experiment,5,1,,,,,11.973,1q3hn7zl7w,26-35,male,bachelor,city,none,completed,Synthetic Generator 2.0,1920x1080,500661,9,77,75,46,28,62,experiment_5,experiment,/annotation/experiment/5.png,1.0,False,tünet,0.11941447235831519,3.0,5.0,,,,,,0.8641380485634425,1.0,45.0,57.0,100.0,100.0,82.0,17.0,100.0,100.0,1763656310,,1.0
1q3hn7zl7w,treatment,1,posttest,1,1,,,,1.0,2.404,1q3hn7zl7w,26-35,male,bachelor,city,none,completed,Synthetic Generator 2.0,1920x1080,500661,9,77,75,46,28,62,posttest_1,posttest,/annotation/post_experiment/1.png,,,,,,,,,,,,,,,,,,,,,,1763656314,1.0,
1q3hn7zl7w,treatment,1,posttest,2,1,,,,5.0,2.746,1q3hn7zl7w,26-35,male,bachelor,city,none,completed,Synthetic Generator 2.0,1920x1080,500661,9,77,75,46,28,62,posttest_2,posttest,/annotation/post_experiment/2.png,,,,,,,,,,,,,,,,,,,,,,1763656317,1.0,
1q3hn7zl7w,treatment,1,posttest,3,1,,,,5.0,4.355,1q3hn7zl7w,26-35,male,bachelor,city,none,completed,Synthetic Generator 2.0,1920x1080,500661,9,77,75,46,28,62,posttest_3,posttest,/annotation/post_experiment/3.png,,,,,,,,,,,,,,,,,,,,,,1763656323,1.0,
1q3hn7zl7w,treatment,1,posttest,4,0,,,,6.0,3.941,1q3hn7zl7w,26-35,male,bachelor,city,none,completed,Synthetic Generator 2.0,1920x1080,500661,9,77,75,46,28,62,posttest_4,posttest,/annotation/post_experiment/4.png,,,,,,,,,,,,,,,,,,,,,,1763656328,0.0,
1q3hn7zl7w,treatment,1,posttest,5,0,,,,2.0,3.638,1q3hn7zl7w,26-35,male,bachelor,city,none,completed,Synthetic Generator 2.0,1920x1080,500661,9,77,75,46,28,62,posttest_5,posttest,/annotation/post_experiment/5.png,,,,,,,,,,,,,,,,,,,,,,1763656332,0.0,
1nedbo3cbd,treatment,1,baseline,1,0,,,,5.0,1.269,1nedbo3cbd,26-35,male,phd,budapest,none,completed,Synthetic Generator 2.0,1920x1080,877198,8,62,81,18,69,61,baseline_1,baseline,/annotation/baseline/1.png,,,,,,,,,,,,,,,,,,,,,,1763633169,0.0,
1nedbo3cbd,treatment,1,baseline,2,1,,,,2.0,2.111,1nedbo3cbd,26-35,male,phd,budapest,none,completed,Synthetic Generator 2.0,1920x1080,877198,8,62,81,18,69,61,baseline_2,baseline,/annotation/baseline/2.png,,,,,,,,,,,,,,,,,,,,,,1763633172,1.0,
1nedbo3cbd,treatment,1,baseline,3,0,,,,4.0,1.944,1nedbo3cbd,26-35,male,phd,budapest,none,completed,Synthetic Generator 2.0,1920x1080,877198,8,62,81,18,69,61,baseline_3,baseline,/annotation/baseline/3.png,,,,,,,,,,,,,,,,,,,,,,1763633175,0.0,
1nedbo3cbd,treatment,1,baseline,4,1,,,,7.0,1.777,1nedbo3cbd,26-35,male,phd,budapest,none,completed,Synthetic Generator 2.0,1920x1080,877198,8,62,81,18,69,61,baseline_4,baseline,/annotation/baseline/4.png,,,,,,,,,,,,,,,,,,,,,,1763633178,1.0,
1nedbo3cbd,treatment,1,baseline,5,0,,,,6.0,4.245,1nedbo3cbd,26-35,male,phd,budapest,none,completed,Synthetic Generator 2.0,1920x1080,877198,8,62,81,18,69,61,baseline_5,baseline,/annotation/baseline/5.png,,,,,,,,,,,,,,,,,,,,,,1763633183,0.0,
1nedbo3cbd,treatment,1,experiment,1,0,,,,,5.089,1nedbo3cbd,26-35,male,phd,budapest,none,completed,Synthetic Generator 2.0,1920x1080,877198,8,62,81,18,69,61,experiment_1,experiment,/annotation/experiment/1.png,0.0,False,nincsen tünet,,2.0,3.0,,,,,,0.8801049998476888,0.0,,,,,,,,,1763633189,,0.0
1nedbo3cbd,treatment,1,experiment,2,0,,,,,13.965,1nedbo3cbd,26-35,male,phd,budapest,none,completed,Synthetic Generator 2.0,1920x1080,877198,8,62,81,18,69,61,experiment_2,experiment,/annotation/experiment/2.png,0.0,False,nincsen tünet,,6.0,7.0,,,,,,0.9825690856093919,0.0,,,,,,,,,1763633204,,0.0
1nedbo3cbd,treatment,1,experiment,3,1,,,,,13.199,1nedbo3cbd,26-35,male,phd,budapest,none,completed,Synthetic Generator 2.0,1920x1080,877198,8,62,81,18,69,61,experiment_3,experiment,/annotation/experiment/3.png,1.0,False,tünet,0.31244890941458847,3.0,4.0,,,,,,0.9686173023956052,1.0,92.0,1.0,100.0,100.0,79.0,40.0,100.0,100.0,1763633218,,1.0
1nedbo3cbd,treatment,1,experiment,4,1,,,,,12.927,1nedbo3cbd,26-35,male,phd,budapest,none,completed,Synthetic Generator 2.0,1920x1080,877198,8,62,81,18,69,61,experiment_4,experiment,/annotation/experiment/4.png,1.0,False,tünet,0.4834542923650877,6.0,6.0,,,,,,0.9184920693798538,1.0,22.0,16.0,100.0,100.0,25.0,79.0,100.0,100.0,1763633232,,1.0
1nedbo3cbd,treatment,1,experiment,5,1,,,,,14.662,1nedbo3cbd,26-35,male,phd,budapest,none,completed,Synthetic Generator 2.0,1920x1080,877198,8,62,81,18,69,61,experiment_5,experiment,/annotation/experiment/5.png,1.0,False,tünet,0.31869102493450663,6.0,6.0,,,,,,0.9174399210103763,1.0,43.0,16.0,100.0,100.0,36.0,2.0,100.0,100.0,1763633248,,1.0
1nedbo3cbd,treatment,1,posttest,1,1,,,,7.0,2.606,1nedbo3cbd,26-35,male,phd,budapest,none,completed,Synthetic Generator 2.0,1920x1080,877198,8,62,81,18,69,61,posttest_1,posttest,/annotation/post_experiment/1.png,,,,,,,,,,,,,,,,,,,,,,1763633251,1.0,
1nedbo3cbd,treatment,1,posttest,2,0,,,,7.0,4.723,1nedbo3cbd,26-35,male,phd,budapest,none,completed,Synthetic Generator 2.0,1920x1080,877198,8,62,81,18,69,61,posttest_2,posttest,/annotation/post_experiment/2.png,,,,,,,,,,,,,,,,,,,,,,1763633257,0.0,
1nedbo3cbd,treatment,1,posttest,3,1,,,,5.0,4.284,1nedbo3cbd,26-35,male,phd,budapest,none,completed,Synthetic Generator 2.0,1920x1080,877198,8,62,81,18,69,61,posttest_3,posttest,/annotation/post_experiment/3.png,,,,,,,,,,,,,,,,,,,,,,1763633262,1.0,
1nedbo3cbd,treatment,1,posttest,4,0,,,,5.0,1.658,1nedbo3cbd,26-35,male,phd,budapest,none,completed,Synthetic Generator 2.0,1920x1080,877198,8,62,81,18,69,61,posttest_4,posttest,/annotation/post_experiment/4.png,,,,,,,,,,,,,,,,,,,,,,1763633265,0.0,
1nedbo3cbd,treatment,1,posttest,5,0,,,,7.0,1.945,1nedbo3cbd,26-35,male,phd,budapest,none,completed,Synthetic Generator 2.0,1920x1080,877198,8,62,81,18,69,61,posttest_5,posttest,/annotation/post_experiment/5.png,,,,,,,,,,,,,,,,,,,,,,1763633268,0.0,
1775lnauvr,treatment,1,baseline,1,1,,,,3.0,2.835,1775lnauvr,26-35,female,phd,village,none,completed,Synthetic Generator 2.0,1920x1080,834129,9,61,65,18,27,51,baseline_1,baseline,/annotation/baseline/1.png,,,,,,,,,,,,,,,,,,,,,,1763727219,1.0,
1775lnauvr,treatment,1,baseline,2,0,,,,3.0,4.508,1775lnauvr,26-35,female,phd,village,none,completed,Synthetic Generator 2.0,1920x1080,834129,9,61,65,18,27,51,baseline_2,baseline,/annotation/baseline/2.png,,,,,,,,,,,,,,,,,,,,,,1763727225,0.0,
1775lnauvr,treatment,1,baseline,3,1,,,,2.0,2.807,1775lnauvr,26-35,female,phd,village,none,completed,Synthetic Generator 2.0,1920x1080,834129,9,61,65,18,27,51,baseline_3,baseline,/annotation/baseline/3.png,,,,,,,,,,,,,,,,,,,,,,1763727229,1.0,
1775lnauvr,treatment,1,baseline,4,1,,,,1.0,3.83,1775lnauvr,26-35,female,phd,village,none,completed,Synthetic Generator 2.0,1920x1080,834129,9,61,65,18,27,51,baseline_4,baseline,/annotation/baseline/4.png,,,,,,,,,,,,,,,,,,,,,,1763727233,1.0,
1775lnauvr,treatment,1,baseline,5,0,,,,2.0,4.809,1775lnauvr,26-35,female,phd,village,none,completed,Synthetic Generator 2.0,1920x1080,834129,9,61,65,18,27,51,baseline_5,baseline,/annotation/baseline/5.png,,,,,,,,,,,,,,,,,,,,,,1763727239,0.0,
1775lnauvr,treatment,1,experiment,1,0,,,,,10.262,1775lnauvr,26-35,female,phd,village,none,completed,Synthetic Generator 2.0,1920x1080,834129,9,61,65,18,27,51,experiment_1,experiment,/annotation/experiment/1.png,1.0,True,tünet,,1.0,3.0,,,,,,0.9476798816966404,0.0,,,,,,,,,1763727250,,0.0
1775lnauvr,treatment,1,experiment,2,0,,,,,8.074,1775lnauvr,26-35,female,phd,village,none,completed,Synthetic Generator 2.0,1920x1080,834129,9,61,65,18,27,51,experiment_2,experiment,/annotation/experiment/2.png,0.0,False,nincsen tünet,,6.0,7.0,,,,,,0.8803686861624626,0.0,,,,,,,,,1763727260,,0.0
1775lnauvr,treatment,1,experiment,3,0,,,,,6.149,1775lnauvr,26-35,female,phd,village,none,completed,Synthetic Generator 2.0,1920x1080,834129,9,61,65,18,27,51,experiment_3,experiment,/annotation/experiment/3.png,1.0,True,tünet,,3.0,5.0,,,,,,0.28587237996524945,0.0,,,,,,,,,1763727267,,0.0
1775lnauvr,treatment,1,experiment,4,1,,,,,14.202,1775lnauvr,26-35,female,phd,village,none,completed,Synthetic Generator 2.0,1920x1080,834129,9,61,65,18,27,51,experiment_4,experiment,/annotation/experiment/4.png,0.0,True,nincsen tünet,0.4990723681445424,3.0,4.0,,,,,,0.8841383685018938,1.0,84.0,34.0,100.0,100.0,56.0,44.0,100.0,100.0,1763727282,,1.0
1775lnauvr,treatment,1,experiment,5,1,,,,,6.716,1775lnauvr,26-35,female,phd,village,none,completed,Synthetic Generator 2.0,1920x1080,834129,9,61,65,18,27,51,experiment_5,experiment,/annotation/experiment/5.png,0.0,True,nincsen tünet,0.8991088368630676,3.0,5.0,,,,,,0.872680975247823,1.0,34.0,73.0,100.0,100.0,18.0,95.0,100.0,100.0,1763727290,,1.0
1775lnauvr,treatment,1,posttest,1,0,,,,5.0,2.893,1775lnauvr,26-35,female,phd,village,none,completed,Synthetic Generator 2.0,1920x1080,834129,9,61,65,18,27,51,posttest_1,posttest,/annotation/post_experiment/1.png,,,,,,,,,,,,,,,,,,,,,,1763727294,0.0,
1775lnauvr,treatment,1,posttest,2,0,,,,7.0,3.517,1775lnauvr,26-35,female,phd,village,none,completed,Synthetic Generator 2.0,1920x1080,834129,9,61,65,18,27,51,posttest_2,posttest,/annotation/post_experiment/2.png,,,,,,,,,,,,,,,,,,,,,,1763727298,0.0,
1775lnauvr,treatment,1,posttest,3,1,,,,5.0,4.568,1775lnauvr,26-35,female,phd,village,none,completed,Synthetic Generator 2.0,1920x1080,834129,9,61,65,18,27,51,posttest_3,posttest,/annotation/post_experiment/3.png,,,,,,,,,,,,,,,,,,,,,,1763727304,1.0,
1775lnauvr,treatment,1,posttest,4,1,,,,6.0,4.778,1775lnauvr,26-35,female,phd,village,none,completed,Synthetic Generator 2.0,1920x1080,834129,9,61,65,18,27,51,posttest_4,posttest,/annotation/post_experiment/4.png,,,,,,,,,,,,,,,,,,,,,,1763727309,1.0,
1775lnauvr,treatment,1,posttest,5,1,,,,5.0,1.894,1775lnauvr,26-35,female,phd,village,none,completed,Synthetic Generator 2.0,1920x1080,834129,9,61,65,18,27,51,posttest_5,posttest,/annotation/post_experiment/5.png,,,,,,,,,,,,,,,,,,,,,,1763727312,1.0,
0mnvtk8u5j,control,0,baseline,1,0,,,,4.0,3.723,0mnvtk8u5j,18-25,male,phd,county-seat,none,completed,Synthetic Generator 2.0,1920x1080,431657,7,66,41,41,44,43,baseline_1,baseline,/annotation/baseline/1.png,,,,,,,,,,,,,,,,,,,,,,1763671392,0.0,
0mnvtk8u5j,control,0,baseline,2,0,,,,3.0,4.513,0mnvtk8u5j,18-25,male,phd,county-seat,none,completed,Synthetic Generator 2.0,1920x1080,431657,7,66,41,41,44,43,baseline_2,baseline,/annotation/baseline/2.png,,,,,,,,,,,,,,,,,,,,,,1763671398,0.0,
0mnvtk8u5j,control,0,baseline,3,0,,,,7.0,4.563,0mnvtk8u5j,18-25,male,phd,county-seat,none,completed,Synthetic Generator 2.0,1920x1080,431657,7,66,41,41,44,43,baseline_3,baseline,/annotation/baseline/3.png,,,,,,,,,,,,,,,,,,,,,,1763671403,0.0,
0mnvtk8u5j,control,0,baseline,4,1,,,,7.0,3.525,0mnvtk8u5j,18-25,male,phd,county-seat,none,completed,Synthetic Generator 2.0,1920x1080,431657,7,66,41,41,44,43,baseline_4,baseline,/annotation/baseline/4.png,,,,,,,,,,,,,,,,,,,,,,1763671408,1.0,
0mnvtk8u5j,control,0,baseline,5,0,,,,7.0,2.193,0mnvtk8u5j,18-25,male,phd,county-seat,none,completed,Synthetic Generator 2.0,1920x1080,431657,7,66,41,41,44,43,baseline_5,baseline,/annotation/baseline/5.png,,,,,,,,,,,,,,,,,,,,,,1763671411,0.0,
0mnvtk8u5j,control,0,experiment,1,1,,,,7.0,4.705,0mnvtk8u5j,18-25,male,phd,county-seat,none,completed,Synthetic Generator 2.0,1920x1080,431657,7,66,41,41,44,43,experiment_1,experiment,/annotation/experiment/1.png,,,,,,,,,,,,,,,,,,,,,,1763671417,1.0,
0mnvtk8u5j,control,0,experiment,2,1,,,,4.0,3.925,0mnvtk8u5j,18-25,male,phd,county-seat,none,completed,Synthetic Generator 2.0,1920x1080,431657,7,66,41,41,44,43,experiment_2,experiment,/annotation/experiment/2.png,,,,,,,,,,,,,,,,,,,,,,1763671422,1.0,
0mnvtk8u5j,control,0,experiment,3,1,,,,7.0,1.515,0mnvtk8u5j,18-25,male,phd,county-seat,none,completed,Synthetic Generator 2.0,1920x1080,431657,7,66,41,41,44,43,experiment_3,experiment,/annotation/experiment/3.png,,,,,,,,,,,,,,,,,,,,,,1763671424,1.0,
0mnvtk8u5j,control,0,experiment,4,1,,,,2.0,1.177,0mnvtk8u5j,18-25,male,phd,county-seat,none,completed,Synthetic Generator 2.0,1920x1080,431657,7,66,41,41,44,43,experiment_4,experiment,/annotation/experiment/4.png,,,,,,,,,,,,,,,,,,,,,,1763671426,1.0,
0mnvtk8u5j,control,0,experiment,5,1,,,,6.0,4.251,0mnvtk8u5j,18-25,male,phd,county-seat,none,completed,Synthetic Generator 2.0,1920x1080,431657,7,66,41,41,44,43,experiment_5,experiment,/annotation/experiment/5.png,,,,,,,,,,,,,,,,,,,,,,1763671432,1.0,
0mnvtk8u5j,control,0,posttest,1,1,,,,5.0,1.213,0mnvtk8u5j,18-25,male,phd,county-seat,none,completed,Synthetic Generator 2.0,1920x1080,431657,7,66,41,41,44,43,posttest_1,posttest,/annotation/post_experiment/1.png,,,,,,,,,,,,,,,,,,,,,,1763671434,1.0,
0mnvtk8u5j,control,0,posttest,2,1,,,,6.0,1.128,0mnvtk8u5j,18-25,male,phd,county-seat,none,completed,Synthetic Generator 2.0,1920x1080,431657,7,66,41,41,44,43,posttest_2,posttest,/annotation/post_experiment/2.png,,,,,,,,,,,,,,,,,,,,,,1763671436,1.0,
0mnvtk8u5j,control,0,posttest,3,1,,,,6.0,4.689,0mnvtk8u5j,18-25,male,phd,county-seat,none,completed,Synthetic Generator 2.0,1920x1080,431657,7,66,41,41,44,43,posttest_3,posttest,/annotation/post_experiment/3.png,,,,,,,,,,,,,,,,,,,,,,1763671442,1.0,
0mnvtk8u5j,control,0,posttest,4,1,,,,1.0,4.549,0mnvtk8u5j,18-25,male,phd,county-seat,none,completed,Synthetic Generator 2.0,1920x1080,431657,7,66,41,41,44,43,posttest_4,posttest,/annotation/post_experiment/4.png,,,,,,,,,,,,,,,,,,,,,,1763671447,1.0,
0mnvtk8u5j,control,0,posttest,5,0,,,,1.0,3.971,0mnvtk8u5j,18-25,male,phd,county-seat,none,completed,Synthetic Generator 2.0,1920x1080,431657,7,66,41,41,44,43,posttest_5,posttest,/annotation/post_experiment/5.png,,,,,,,,,,,,,,,,,,,,,,1763671452,0.0,
1i8hsepux2,treatment,1,baseline,1,1,,,,4.0,2.191,1i8hsepux2,26-35,male,masters,budapest,none,completed,Synthetic Generator 2.0,1920x1080,385789,6,87,87,54,47,45,baseline_1,baseline,/annotation/baseline/1.png,,,,,,,,,,,,,,,,,,,,,,1763710996,1.0,
1i8hsepux2,treatment,1,baseline,2,1,,,,3.0,4.158,1i8hsepux2,26-35,male,masters,budapest,none,completed,Synthetic Generator 2.0,1920x1080,385789,6,87,87,54,47,45,baseline_2,baseline,/annotation/baseline/2.png,,,,,,,,,,,,,,,,,,,,,,1763711001,1.0,
1i8hsepux2,treatment,1,baseline,3,1,,,,1.0,2.489,1i8hsepux2,26-35,male,masters,budapest,none,completed,Synthetic Generator 2.0,1920x1080,385789,6,87,87,54,47,45,baseline_3,baseline,/annotation/baseline/3.png,,,,,,,,,,,,,,,,,,,,,,1763711004,1.0,
1i8hsepux2,treatment,1,baseline,4,1,,,,4.0,3.668,1i8hsepux2,26-35,male,masters,budapest,none,completed,Synthetic Generator 2.0,1920x1080,385789,6,87,87,54,47,45,baseline_4,baseline,/annotation/baseline/4.png,,,,,,,,,,,,,,,,,,,,,,1763711009,1.0,
1i8hsepux2,treatment,1,baseline,5,0,,,,2.0,1.723,1i8hsepux2,26-35,male,masters,budapest,none,completed,Synthetic Generator 2.0,1920x1080,385789,6,87,87,54,47,45,baseline_5,baseline,/annotation/baseline/5.png,,,,,,,,,,,,,,,,,,,,,,1763711012,0.0,
1i8hsepux2,treatment,1,experiment,1,0,,,,,5.848,1i8hsepux2,26-35,male,masters,budapest,none,completed,Synthetic Generator 2.0,1920x1080,385789,6,87,87,54,47,45,experiment_1,experiment,/annotation/experiment/1.png,0.0,False,nincsen tünet,,2.0,4.0,,,,,,0.8579479097525187,0.0,,,,,,,,,1763711019,,0.0
1i8hsepux2,treatment,1,experiment,2,0,,,,,14.598,1i8hsepux2,26-35,male,masters,budapest,none,completed,Synthetic Generator 2.0,1920x1080,385789,6,87,87,54,47,45,experiment_2,experiment,/annotation/experiment/2.png,0.0,False,nincsen tünet,,2.0,3.0,,,,,,0.8884460072431652,0.0,,,,,,,,,1763711034,,0.0
1i8hsepux2,treatment,1,experiment,3,1,,,,,7.721,1i8hsepux2,26-35,male,masters,budapest,none,completed,Synthetic Generator 2.0,1920x1080,385789,6,87,87,54,47,45,experiment_3,experiment,/annotation/experiment/3.png,1.0,False,tünet,0.4661790189810781,7.0,7.0,,,,,,0.9499255234899032,1.0,41.0,32.0,100.0,100.0,28.0,14.0,100.0,100.0,1763711043,,1.0
1i8hsepux2,treatment,1,experiment,4,1,,,,,7.572,1i8hsepux2,26-35,male,masters,budapest,none,completed,Synthetic Generator 2.0,1920x1080,385789,6,87,87,54,47,45,experiment_4,experiment,/annotation/experiment/4.png,1.0,False,tünet,0.05737973998103096,6.0,7.0,,,,,,0.9545340803014238,1.0,61.0,18.0,100.0,100.0,42.0,80.0,100.0,100.0,1763711051,,1.0
1i8hsepux2,treatment,1,experiment,5,1,,,,,6.994,1i8hsepux2,26-35,male,masters,budapest,none,completed,Synthetic Generator 2.0,1920x1080,385789,6,87,87,54,47,45,experiment_5,experiment,/annotation/experiment/5.png,0.0,True,nincsen tünet,0.06177728465396054,3.0,4.0,,,,,,0.9574001466183705,1.0,89.0,57.0,100.0,100.0,88.0,13.0,100.0,100.0,1763711059,,1.0
1i8hsepux2,treatment,1,posttest,1,0,,,,6.0,2.919,1i8hsepux2,26-35,male,masters,budapest,none,completed,Synthetic Generator 2.0,1920x1080,385789,6,87,87,54,47,45,posttest_1,posttest,/annotation/post_experiment/1.png,,,,,,,,,,,,,,,,,,,,,,1763711063,0.0,
1i8hsepux2,treatment,1,posttest,2,0,,,,6.0,1.958,1i8hsepux2,26-35,male,masters,budapest,none,completed,Synthetic Generator 2.0,1920x1080,385789,6,87,87,54,47,45,posttest_2,posttest,/annotation/post_experiment/2.png,,,,,,,,,,,,,,,,,,,,,,1763711066,0.0,
1i8hsepux2,treatment,1,posttest,3,0,,,,6.0,2.508,1i8hsepux2,26-35,male,masters,budapest,none,completed,Synthetic Generator 2.0,1920x1080,385789,6,87,87,54,47,45,posttest_3,posttest,/annotation/post_experiment/3.png,,,,,,,,,,,,,,,,,,,,,,1763711070,0.0,
1i8hsepux2,treatment,1,posttest,4,0,,,,7.0,4.744,1i8hsepux2,26-35,male,masters,budapest,none,completed,Synthetic Generator 2.0,1920x1080,385789,6,87,87,54,47,45,posttest_4,posttest,/annotation/post_experiment/4.png,,,,,,,,,,,,,,,,,,,,,,1763711076,0.0,
1i8hsepux2,treatment,1,posttest,5,1,,,,6.0,2.516,1i8hsepux2,26-35,male,masters,budapest,none,completed,Synthetic Generator 2.0,1920x1080,385789,6,87,87,54,47,45,posttest_5,posttest,/annotation/post_experiment/5.png,,,,,,,,,,,,,,,,,,,,,,1763711079,1.0,
0820nnenet,control,0,baseline,1,0,,,,1.0,2.667,0820nnenet,18-25,female,masters,village,none,completed,Synthetic Generator 2.0,1920x1080,452855,4,56,51,52,68,82,baseline_1,baseline,/annotation/baseline/1.png,,,,,,,,,,,,,,,,,,,,,,1763634016,0.0,
0820nnenet,control,0,baseline,2,1,,,,7.0,2.37,0820nnenet,18-25,female,masters,village,none,completed,Synthetic Generator 2.0,1920x1080,452855,4,56,51,52,68,82,baseline_2,baseline,/annotation/baseline/2.png,,,,,,,,,,,,,,,,,,,,,,1763634019,1.0,
0820nnenet,control,0,baseline,3,1,,,,1.0,4.643,0820nnenet,18-25,female,masters,village,none,completed,Synthetic Generator 2.0,1920x1080,452855,4,56,51,52,68,82,baseline_3,baseline,/annotation/baseline/3.png,,,,,,,,,,,,,,,,,,,,,,1763634025,1.0,
0820nnenet,control,0,baseline,4,0,,,,6.0,1.353,0820nnenet,18-25,female,masters,village,none,completed,Synthetic Generator 2.0,1920x1080,452855,4,56,51,52,68,82,baseline_4,baseline,/annotation/baseline/4.png,,,,,,,,,,,,,,,,,,,,,,1763634027,0.0,
0820nnenet,control,0,baseline,5,1,,,,1.0,4.996,0820nnenet,18-25,female,masters,village,none,completed,Synthetic Generator 2.0,1920x1080,452855,4,56,51,52,68,82,baseline_5,baseline,/annotation/baseline/5.png,,,,,,,,,,,,,,,,,,,,,,1763634033,1.0,
0820nnenet,control,0,experiment,1,1,,,,4.0,2.766,0820nnenet,18-25,female,masters,village,none,completed,Synthetic Generator 2.0,1920x1080,452855,4,56,51,52,68,82,experiment_1,experiment,/annotation/experiment/1.png,,,,,,,,,,,,,,,,,,,,,,1763634037,1.0,
0820nnenet,control,0,experiment,2,1,,,,6.0,3.824,0820nnenet,18-25,female,masters,village,none,completed,Synthetic Generator 2.0,1920x1080,452855,4,56,51,52,68,82,experiment_2,experiment,/annotation/experiment/2.png,,,,,,,,,,,,,,,,,,,,,,1763634042,1.0,
0820nnenet,control,0,experiment,3,1,,,,3.0,2.129,0820nnenet,18-25,female,masters,village,none,completed,Synthetic Generator 2.0,1920x1080,452855,4,56,51,52,68,82,experiment_3,experiment,/annotation/experiment/3.png,,,,,,,,,,,,,,,,,,,,,,1763634045,1.0,
0820nnenet,control,0,experiment,4,0,,,,3.0,2.105,0820nnenet,18-25,female,masters,village,none,completed,Synthetic Generator 2.0,1920x1080,452855,4,56,51,52,68,82,experiment_4,experiment,/annotation/experiment/4.png,,,,,,,,,,,,,,,,,,,,,,1763634048,0.0,
0820nnenet,control,0,experiment,5,0,,,,6.0,1.547,0820nnenet,18-25,female,masters,village,none,completed,Synthetic Generator 2.0,1920x1080,452855,4,56,51,52,68,82,experiment_5,experiment,/annotation/experiment/5.png,,,,,,,,,,,,,,,,,,,,,,1763634051,0.0,
0820nnenet,control,0,posttest,1,0,,,,1.0,2.666,0820nnenet,18-25,female,masters,village,none,completed,Synthetic Generator 2.0,1920x1080,452855,4,56,51,52,68,82,posttest_1,posttest,/annotation/post_experiment/1.png,,,,,,,,,,,,,,,,,,,,,,1763634055,0.0,
0820nnenet,control,0,posttest,2,0,,,,7.0,1.25,0820nnenet,18-25,female,masters,village,none,completed,Synthetic Generator 2.0,1920x1080,452855,4,56,51,52,68,82,posttest_2,posttest,/annotation/post_experiment/2.png,,,,,,,,,,,,,,,,,,,,,,1763634057,0.0,
0820nnenet,control,0,posttest,3,0,,,,3.0,3.321,0820nnenet,18-25,female,masters,village,none,completed,Synthetic Generator 2.0,1920x1080,452855,4,56,51,52,68,82,posttest_3,posttest,/annotation/post_experiment/3.png,,,,,,,,,,,,,,,,,,,,,,1763634061,0.0,
0820nnenet,control,0,posttest,4,1,,,,1.0,2.37,0820nnenet,18-25,female,masters,village,none,completed,Synthetic Generator 2.0,1920x1080,452855,4,56,51,52,68,82,posttest_4,posttest,/annotation/post_experiment/4.png,,,,,,,,,,,,,,,,,,,,,,1763634064,1.0,
0820nnenet,control,0,posttest,5,1,,,,4.0,3.111,0820nnenet,18-25,female,masters,village,none,completed,Synthetic Generator 2.0,1920x1080,452855,4,56,51,52,68,82,posttest_5,posttest,/annotation/post_experiment/5.png,,,,,,,,,,,,,,,,,,,,,,1763634069,1.0,
1syub6jun0,treatment,1,baseline,1,0,,,,2.0,4.783,1syub6jun0,26-35,female,masters,budapest,none,completed,Synthetic Generator 2.0,1920x1080,132128,10,95,77,34,32,80,baseline_1,baseline,/annotation/baseline/1.png,,,,,,,,,,,,,,,,,,,,,,1763660733,0.0,
1syub6jun0,treatment,1,baseline,2,1,,,,6.0,3.121,1syub6jun0,26-35,female,masters,budapest,none,completed,Synthetic Generator 2.0,1920x1080,132128,10,95,77,34,32,80,baseline_2,baseline,/annotation/baseline/2.png,,,,,,,,,,,,,,,,,,,,,,1763660737,1.0,
1syub6jun0,treatment,1,baseline,3,0,,,,2.0,4.433,1syub6jun0,26-35,female,masters,budapest,none,completed,Synthetic Generator 2.0,1920x1080,132128,10,95,77,34,32,80,baseline_3,baseline,/annotation/baseline/3.png,,,,,,,,,,,,,,,,,,,,,,1763660743,0.0,
1syub6jun0,treatment,1,baseline,4,1,,,,4.0,2.206,1syub6jun0,26-35,female,masters,budapest,none,completed,Synthetic Generator 2.0,1920x1080,132128,10,95,77,34,32,80,baseline_4,baseline,/annotation/baseline/4.png,,,,,,,,,,,,,,,,,,,,,,1763660746,1.0,
1syub6jun0,treatment,1,baseline,5,1,,,,7.0,3.612,1syub6jun0,26-35,female,masters,budapest,none,completed,Synthetic Generator 2.0,1920x1080,132128,10,95,77,34,32,80,baseline_5,baseline,/annotation/baseline/5.png,,,,,,,,,,,,,,,,,,,,,,1763660751,1.0,
1syub6jun0,treatment,1,experiment,1,0,,,,,9.564,1syub6jun0,26-35,female,masters,budapest,none,completed,Synthetic Generator 2.0,1920x1080,132128,10,95,77,34,32,80,experiment_1,experiment,/annotation/experiment/1.png,0.0,False,nincsen tünet,,4.0,4.0,,,,,,0.8830177159793536,0.0,,,,,,,,,1763660761,,0.0
1syub6jun0,treatment,1,experiment,2,0,,,,,12.491,1syub6jun0,26-35,female,masters,budapest,none,completed,Synthetic Generator 2.0,1920x1080,132128,10,95,77,34,32,80,experiment_2,experiment,/annotation/experiment/2.png,0.0,False,nincsen tünet,,7.0,7.0,,,,,,0.9423286002018565,0.0,,,,,,,,,1763660775,,0.0
1syub6jun0,treatment,1,experiment,3,1,,,,,12.265,1syub6jun0,26-35,female,masters,budapest,none,completed,Synthetic Generator 2.0,1920x1080,132128,10,95,77,34,32,80,experiment_3,experiment,/annotation/experiment/3.png,1.0,False,tünet,0.020086558351979544,6.0,6.0,,,,,,0.8978633934432639,1.0,50.0,62.0,100.0,100.0,92.0,47.0,100.0,100.0,1763660788,,1.0
1syub6jun0,treatment,1,experiment,4,1,,,,,5.996,1syub6jun0,26-35,female,masters,budapest,none,completed,Synthetic Generator 2.0,1920x1080,132128,10,95,77,34,32,80,experiment_4,experiment,/annotation/experiment/4.png,1.0,False,tünet,0.6408921647781768,1.0,1.0,,,,,,0.9812948509094792,1.0,78.0,15.0,100.0,100.0,33.0,11.0,100.0,100.0,1763660795,,1.0
1syub6jun0,treatment,1,experiment,5,1,,,,,14.495,1syub6jun0,26-35,female,masters,budapest,none,completed,Synthetic Generator 2.0,1920x1080,132128,10,95,77,34,32,80,experiment_5,experiment,/annotation/experiment/5.png,1.0,False,tünet,0.24585692575855156,3.0,4.0,,,,,,0.8776485979045386,1.0,80.0,21.0,100.0,100.0,1.0,100.0,100.0,100.0,1763660810,,1.0
1syub6jun0,treatment,1,posttest,1,0,,,,7.0,3.356,1syub6jun0,26-35,female,masters,budapest,none,completed,Synthetic Generator 2.0,1920x1080,132128,10,95,77,34,32,80,posttest_1,posttest,/annotation/post_experiment/1.png,,,,,,,,,,,,,,,,,,,,,,1763660815,0.0,
1syub6jun0,treatment,1,posttest,2,1,,,,7.0,3.299,1syub6jun0,26-35,female,masters,budapest,none,completed,Synthetic Generator 2.0,1920x1080,132128,10,95,77,34,32,80,posttest_2,posttest,/annotation/post_experiment/2.png,,,,,,,,,,,,,,,,,,,,,,1763660819,1.0,
1syub6jun0,treatment,1,posttest,3,1,,,,6.0,2.404,1syub6jun0,26-35,female,masters,budapest,none,completed,Synthetic Generator 2.0,1920x1080,132128,10,95,77,34,32,80,posttest_3,posttest,/annotation/post_experiment/3.png,,,,,,,,,,,,,,,,,,,,,,1763660822,1.0,
1syub6jun0,treatment,1,posttest,4,0,,,,5.0,4.193,1syub6jun0,26-35,female,masters,budapest,none,completed,Synthetic Generator 2.0,1920x1080,132128,10,95,77,34,32,80,posttest_4,posttest,/annotation/post_experiment/4.png,,,,,,,,,,,,,,,,,,,,,,1763660828,0.0,
1syub6jun0,treatment,1,posttest,5,1,,,,6.0,3.921,1syub6jun0,26-35,female,masters,budapest,none,completed,Synthetic Generator 2.0,1920x1080,132128,10,95,77,34,32,80,posttest_5,posttest,/annotation/post_experiment/5.png,,,,,,,,,,,,,,,,,,,,,,1763660833,1.0,
0pcsrk4zvl,control,0,baseline,1,1,,,,7.0,4.461,0pcsrk4zvl,36-45,male,elementary,city,none,completed,Synthetic Generator 2.0,1920x1080,370053,2,45,48,47,68,90,baseline_1,baseline,/annotation/baseline/1.png,,,,,,,,,,,,,,,,,,,,,,1763662405,1.0,
0pcsrk4zvl,control,0,baseline,2,0,,,,3.0,4.318,0pcsrk4zvl,36-45,male,elementary,city,none,completed,Synthetic Generator 2.0,1920x1080,370053,2,45,48,47,68,90,baseline_2,baseline,/annotation/baseline/2.png,,,,,,,,,,,,,,,,,,,,,,1763662410,0.0,
0pcsrk4zvl,control,0,baseline,3,0,,,,6.0,3.446,0pcsrk4zvl,36-45,male,elementary,city,none,completed,Synthetic Generator 2.0,1920x1080,370053,2,45,48,47,68,90,baseline_3,baseline,/annotation/baseline/3.png,,,,,,,,,,,,,,,,,,,,,,1763662415,0.0,
0pcsrk4zvl,control,0,baseline,4,1,,,,6.0,1.153,0pcsrk4zvl,36-45,male,elementary,city,none,completed,Synthetic Generator 2.0,1920x1080,370053,2,45,48,47,68,90,baseline_4,baseline,/annotation/baseline/4.png,,,,,,,,,,,,,,,,,,,,,,1763662417,1.0,
0pcsrk4zvl,control,0,baseline,5,1,,,,4.0,3.316,0pcsrk4zvl,36-45,male,elementary,city,none,completed,Synthetic Generator 2.0,1920x1080,370053,2,45,48,47,68,90,baseline_5,baseline,/annotation/baseline/5.png,,,,,,,,,,,,,,,,,,,,,,1763662421,1.0,
0pcsrk4zvl,control,0,experiment,1,1,,,,5.0,1.949,0pcsrk4zvl,36-45,male,elementary,city,none,completed,Synthetic Generator 2.0,1920x1080,370053,2,45,48,47,68,90,experiment_1,experiment,/annotation/experiment/1.png,,,,,,,,,,,,,,,,,,,,,,1763662424,1.0,
0pcsrk4zvl,control,0,experiment,2,0,,,,6.0,2.42,0pcsrk4zvl,36-45,male,elementary,city,none,completed,Synthetic Generator 2.0,1920x1080,370053,2,45,48,47,68,90,experiment_2,experiment,/annotation/experiment/2.png,,,,,,,,,,,,,,,,,,,,,,1763662428,0.0,
0pcsrk4zvl,control,0,experiment,3,1,,,,7.0,3.59,0pcsrk4zvl,36-45,male,elementary,city,none,completed,Synthetic Generator 2.0,1920x1080,370053,2,45,48,47,68,90,experiment_3,experiment,/annotation/experiment/3.png,,,,,,,,,,,,,,,,,,,,,,1763662432,1.0,
0pcsrk4zvl,control,0,experiment,4,1,,,,3.0,4.382,0pcsrk4zvl,36-45,male,elementary,city,none,completed,Synthetic Generator 2.0,1920x1080,370053,2,45,48,47,68,90,experiment_4,experiment,/annotation/experiment/4.png,,,,,,,,,,,,,,,,,,,,,,1763662437,1.0,
0pcsrk4zvl,control,0,experiment,5,1,,,,2.0,3.685,0pcsrk4zvl,36-45,male,elementary,city,none,completed,Synthetic Generator 2.0,1920x1080,370053,2,45,48,47,68,90,experiment_5,experiment,/annotation/experiment/5.png,,,,,,,,,,,,,,,,,,,,,,1763662442,1.0,
0pcsrk4zvl,control,0,posttest,1,1,,,,2.0,3.852,0pcsrk4zvl,36-45,male,elementary,city,none,completed,Synthetic Generator 2.0,1920x1080,370053,2,45,48,47,68,90,posttest_1,posttest,/annotation/post_experiment/1.png,,,,,,,,,,,,,,,,,,,,,,1763662447,1.0,
0pcsrk4zvl,control,0,posttest,2,1,,,,3.0,2.316,0pcsrk4zvl,36-45,male,elementary,city,none,completed,Synthetic Generator 2.0,1920x1080,370053,2,45,48,47,68,90,posttest_2,posttest,/annotation/post_experiment/2.png,,,,,,,,,,,,,,,,,,,,,,1763662450,1.0,
0pcsrk4zvl,control,0,posttest,3,1,,,,3.0,1.143,0pcsrk4zvl,36-45,male,elementary,city,none,completed,Synthetic Generator 2.0,1920x1080,370053,2,45,48,47,68,90,posttest_3,posttest,/annotation/post_experiment/3.png,,,,,,,,,,,,,,,,,,,,,,1763662452,1.0,
0pcsrk4zvl,control,0,posttest,4,1,,,,7.0,1.056,0pcsrk4zvl,36-45,male,elementary,city,none,completed,Synthetic Generator 2.0,1920x1080,370053,2,45,48,47,68,90,posttest_4,posttest,/annotation/post_experiment/4.png,,,,,,,,,,,,,,,,,,,,,,1763662455,1.0,
0pcsrk4zvl,control,0,posttest,5,0,,,,6.0,4.695,0pcsrk4zvl,36-45,male,elementary,city,none,completed,Synthetic Generator 2.0,1920x1080,370053,2,45,48,47,68,90,posttest_5,posttest,/annotation/post_experiment/5.png,,,,,,,,,,,,,,,,,,,,,,1763662460,0.0,
0g0m9gr5lu,control,0,baseline,1,0,,,,4.0,4.042,0g0m9gr5lu,36-45,male,phd,budapest,none,completed,Synthetic Generator 2.0,1920x1080,825959,6,53,42,68,20,59,baseline_1,baseline,/annotation/baseline/1.png,,,,,,,,,,,,,,,,,,,,,,1763655721,0.0,
0g0m9gr5lu,control,0,baseline,2,0,,,,1.0,2.591,0g0m9gr5lu,36-45,male,phd,budapest,none,completed,Synthetic Generator 2.0,1920x1080,825959,6,53,42,68,20,59,baseline_2,baseline,/annotation/baseline/2.png,,,,,,,,,,,,,,,,,,,,,,1763655725,0.0,
0g0m9gr5lu,control,0,baseline,3,0,,,,3.0,1.242,0g0m9gr5lu,36-45,male,phd,budapest,none,completed,Synthetic Generator 2.0,1920x1080,825959,6,53,42,68,20,59,baseline_3,baseline,/annotation/baseline/3.png,,,,,,,,,,,,,,,,,,,,,,1763655727,0.0,
0g0m9gr5lu,control,0,baseline,4,1,,,,3.0,2.087,0g0m9gr5lu,36-45,male,phd,budapest,none,completed,Synthetic Generator 2.0,1920x1080,825959,6,53,42,68,20,59,baseline_4,baseline,/annotation/baseline/4.png,,,,,,,,,,,,,,,,,,,,,,1763655730,1.0,
0g0m9gr5lu,control,0,baseline,5,0,,,,5.0,2.104,0g0m9gr5lu,36-45,male,phd,budapest,none,completed,Synthetic Generator 2.0,1920x1080,825959,6,53,42,68,20,59,baseline_5,baseline,/annotation/baseline/5.png,,,,,,,,,,,,,,,,,,,,,,1763655734,0.0,
0g0m9gr5lu,control,0,experiment,1,0,,,,6.0,2.937,0g0m9gr5lu,36-45,male,phd,budapest,none,completed,Synthetic Generator 2.0,1920x1080,825959,6,53,42,68,20,59,experiment_1,experiment,/annotation/experiment/1.png,,,,,,,,,,,,,,,,,,,,,,1763655737,0.0,
0g0m9gr5lu,control,0,experiment,2,1,,,,3.0,3.676,0g0m9gr5lu,36-45,male,phd,budapest,none,completed,Synthetic Generator 2.0,1920x1080,825959,6,53,42,68,20,59,experiment_2,experiment,/annotation/experiment/2.png,,,,,,,,,,,,,,,,,,,,,,1763655742,1.0,
0g0m9gr5lu,control,0,experiment,3,1,,,,3.0,3.801,0g0m9gr5lu,36-45,male,phd,budapest,none,completed,Synthetic Generator 2.0,1920x1080,825959,6,53,42,68,20,59,experiment_3,experiment,/annotation/experiment/3.png,,,,,,,,,,,,,,,,,,,,,,1763655747,1.0,
0g0m9gr5lu,control,0,experiment,4,1,,,,7.0,3.313,0g0m9gr5lu,36-45,male,phd,budapest,none,completed,Synthetic Generator 2.0,1920x1080,825959,6,53,42,68,20,59,experiment_4,experiment,/annotation/experiment/4.png,,,,,,,,,,,,,,,,,,,,,,1763655751,1.0,
0g0m9gr5lu,control,0,experiment,5,0,,,,2.0,2.124,0g0m9gr5lu,36-45,male,phd,budapest,none,completed,Synthetic Generator 2.0,1920x1080,825959,6,53,42,68,20,59,experiment_5,experiment,/annotation/experiment/5.png,,,,,,,,,,,,,,,,,,,,,,1763655754,0.0,
0g0m9gr5lu,control,0,posttest,1,0,,,,7.0,4.205,0g0m9gr5lu,36-45,male,phd,budapest,none,completed,Synthetic Generator 2.0,1920x1080,825959,6,53,42,68,20,59,posttest_1,posttest,/annotation/post_experiment/1.png,,,,,,,,,,,,,,,,,,,,,,1763655760,0.0,
0g0m9gr5lu,control,0,posttest,2,0,,,,1.0,1.332,0g0m9gr5lu,36-45,male,phd,budapest,none,completed,Synthetic Generator 2.0,1920x1080,825959,6,53,42,68,20,59,posttest_2,posttest,/annotation/post_experiment/2.png,,,,,,,,,,,,,,,,,,,,,,1763655762,0.0,
0g0m9gr5lu,control,0,posttest,3,1,,,,1.0,2.149,0g0m9gr5lu,36-45,male,phd,budapest,none,completed,Synthetic Generator 2.0,1920x1080,825959,6,53,42,68,20,59,posttest_3,posttest,/annotation/post_experiment/3.png,,,,,,,,,,,,,,,,,,,,,,1763655765,1.0,
0g0m9gr5lu,control,0,posttest,4,0,,,,2.0,3.593,0g0m9gr5lu,36-45,male,phd,budapest,none,completed,Synthetic Generator 2.0,1920x1080,825959,6,53,42,68,20,59,posttest_4,posttest,/annotation/post_experiment/4.png,,,,,,,,,,,,,,,,,,,,,,1763655770,0.0,
0g0m9gr5lu,control,0,posttest,5,1,,,,1.0,1.727,0g0m9gr5lu,36-45,male,phd,budapest,none,completed,Synthetic Generator 2.0,1920x1080,825959,6,53,42,68,20,59,posttest_5,posttest,/annotation/post_experiment/5.png,,,,,,,,,,,,,,,,,,,,,,1763655772,1.0,
1goop80dep,treatment,1,baseline,1,1,,,,5.0,2.792,1goop80dep,36-45,female,elementary,budapest,none,completed,Synthetic Generator 2.0,1920x1080,551528,6,58,60,41,75,51,baseline_1,baseline,/annotation/baseline/1.png,,,,,,,,,,,,,,,,,,,,,,1763632459,1.0,
1goop80dep,treatment,1,baseline,2,0,,,,2.0,4.803,1goop80dep,36-45,female,elementary,budapest,none,completed,Synthetic Generator 2.0,1920x1080,551528,6,58,60,41,75,51,baseline_2,baseline,/annotation/baseline/2.png,,,,,,,,,,,,,,,,,,,,,,1763632465,0.0,
1goop80dep,treatment,1,baseline,3,0,,,,5.0,2.247,1goop80dep,36-45,female,elementary,budapest,none,completed,Synthetic Generator 2.0,1920x1080,551528,6,58,60,41,75,51,baseline_3,baseline,/annotation/baseline/3.png,,,,,,,,,,,,,,,,,,,,,,1763632468,0.0,
1goop80dep,treatment,1,baseline,4,1,,,,1.0,1.384,1goop80dep,36-45,female,elementary,budapest,none,completed,Synthetic Generator 2.0,1920x1080,551528,6,58,60,41,75,51,baseline_4,baseline,/annotation/baseline/4.png,,,,,,,,,,,,,,,,,,,,,,1763632471,1.0,
1goop80dep,treatment,1,baseline,5,1,,,,5.0,2.796,1goop80dep,36-45,female,elementary,budapest,none,completed,Synthetic Generator 2.0,1920x1080,551528,6,58,60,41,75,51,baseline_5,baseline,/annotation/baseline/5.png,,,,,,,,,,,,,,,,,,,,,,1763632474,1.0,
1goop80dep,treatment,1,experiment,1,0,,,,,8.007,1goop80dep,36-45,female,elementary,budapest,none,completed,Synthetic Generator 2.0,1920x1080,551528,6,58,60,41,75,51,experiment_1,experiment,/annotation/experiment/1.png,1.0,True,tünet,,3.0,5.0,,,,,,0.9565753610161948,0.0,,,,,,,,,1763632483,,0.0
1goop80dep,treatment,1,experiment,2,0,,,,,10.411,1goop80dep,36-45,female,elementary,budapest,none,completed,Synthetic Generator 2.0,1920x1080,551528,6,58,60,41,75,51,experiment_2,experiment,/annotation/experiment/2.png,0.0,False,nincsen tünet,,4.0,4.0,,,,,,0.9200178781164138,0.0,,,,,,,,,1763632495,,0.0
1goop80dep,treatment,1,experiment,3,0,,,,,8.221,1goop80dep,36-45,female,elementary,budapest,none,completed,Synthetic Generator 2.0,1920x1080,551528,6,58,60,41,75,51,experiment_3,experiment,/annotation/experiment/3.png,0.0,False,nincsen tünet,,1.0,2.0,,,,,,0.8955163214449587,1.0,48.0,17.0,100.0,100.0,,,,,1763632504,,0.0
1goop80dep,treatment,1,experiment,4,1,,,,,9.682,1goop80dep,36-45,female,elementary,budapest,none,completed,Synthetic Generator 2.0,1920x1080,551528,6,58,60,41,75,51,experiment_4,experiment,/annotation/experiment/4.png,1.0,False,tünet,0.4078142790928792,4.0,6.0,,,,,,0.955791891135603,1.0,38.0,88.0,100.0,100.0,57.0,96.0,100.0,100.0,1763632515,,1.0
1goop80dep,treatment,1,experiment,5,1,,,,,11.76,1goop80dep,36-45,female,elementary,budapest,none,completed,Synthetic Generator 2.0,1920x1080,551528,6,58,60,41,75,51,experiment_5,experiment,/annotation/experiment/5.png,1.0,False,tünet,0.03337237345672185,4.0,5.0,,,,,,0.9330343695218305,1.0,16.0,98.0,100.0,100.0,24.0,61.0,100.0,100.0,1763632528,,1.0
1goop80dep,treatment,1,posttest,1,0,,,,1.0,4.316,1goop80dep,36-45,female,elementary,budapest,none,completed,Synthetic Generator 2.0,1920x1080,551528,6,58,60,41,75,51,posttest_1,posttest,/annotation/post_experiment/1.png,,,,,,,,,,,,,,,,,,,,,,1763632533,0.0,
1goop80dep,treatment,1,posttest,2,1,,,,5.0,4.548,1goop80dep,36-45,female,elementary,budapest,none,completed,Synthetic Generator 2.0,1920x1080,551528,6,58,60,41,75,51,posttest_2,posttest,/annotation/post_experiment/2.png,,,,,,,,,,,,,,,,,,,,,,1763632538,1.0,
1goop80dep,treatment,1,posttest,3,1,,,,6.0,4.203,1goop80dep,36-45,female,elementary,budapest,none,completed,Synthetic Generator 2.0,1920x1080,551528,6,58,60,41,75,51,posttest_3,posttest,/annotation/post_experiment/3.png,,,,,,,,,,,,,,,,,,,,,,1763632544,1.0,
1goop80dep,treatment,1,posttest,4,1,,,,2.0,3.89,1goop80dep,36-45,female,elementary,budapest,none,completed,Synthetic Generator 2.0,1920x1080,551528,6,58,60,41,75,51,posttest_4,posttest,/annotation/post_experiment/4.png,,,,,,,,,,,,,,,,,,,,,,1763632549,1.0,
1goop80dep,treatment,1,posttest,5,0,,,,2.0,4.438,1goop80dep,36-45,female,elementary,budapest,none,completed,Synthetic Generator 2.0,1920x1080,551528,6,58,60,41,75,51,posttest_5,posttest,/annotation/post_experiment/5.png,,,,,,,,,,,,,,,,,,,,,,1763632554,0.0,
08ivkeojin,control,0,baseline,1,0,,,,7.0,2.254,08ivkeojin,26-35,female,high-school,city,none,completed,Synthetic Generator 2.0,1920x1080,430854,7,72,74,45,61,60,baseline_1,baseline,/annotation/baseline/1.png,,,,,,,,,,,,,,,,,,,,,,1763713873,0.0,
08ivkeojin,control,0,baseline,2,0,,,,7.0,3.78,08ivkeojin,26-35,female,high-school,city,none,completed,Synthetic Generator 2.0,1920x1080,430854,7,72,74,45,61,60,baseline_2,baseline,/annotation/baseline/2.png,,,,,,,,,,,,,,,,,,,,,,1763713877,0.0,
08ivkeojin,control,0,baseline,3,0,,,,5.0,4.122,08ivkeojin,26-35,female,high-school,city,none,completed,Synthetic Generator 2.0,1920x1080,430854,7,72,74,45,61,60,baseline_3,baseline,/annotation/baseline/3.png,,,,,,,,,,,,,,,,,,,,,,1763713883,0.0,
08ivkeojin,control,0,baseline,4,1,,,,6.0,4.757,08ivkeojin,26-35,female,high-school,city,none,completed,Synthetic Generator 2.0,1920x1080,430854,7,72,74,45,61,60,baseline_4,baseline,/annotation/baseline/4.png,,,,,,,,,,,,,,,,,,,,,,1763713888,1.0,
08ivkeojin,control,0,baseline,5,1,,,,2.0,3.041,08ivkeojin,26-35,female,high-school,city,none,completed,Synthetic Generator 2.0,1920x1080,430854,7,72,74,45,61,60,baseline_5,baseline,/annotation/baseline/5.png,,,,,,,,,,,,,,,,,,,,,,1763713892,1.0,
08ivkeojin,control,0,experiment,1,0,,,,2.0,1.5,08ivkeojin,26-35,female,high-school,city,none,completed,Synthetic Generator 2.0,1920x1080,430854,7,72,74,45,61,60,experiment_1,experiment,/annotation/experiment/1.png,,,,,,,,,,,,,,,,,,,,,,1763713895,0.0,
08ivkeojin,control,0,experiment,2,0,,,,6.0,3.519,08ivkeojin,26-35,female,high-school,city,none,completed,Synthetic Generator 2.0,1920x1080,430854,7,72,74,45,61,60,experiment_2,experiment,/annotation/experiment/2.png,,,,,,,,,,,,,,,,,,,,,,1763713899,0.0,
08ivkeojin,control,0,experiment,3,1,,,,2.0,2.927,08ivkeojin,26-35,female,high-school,city,none,completed,Synthetic Generator 2.0,1920x1080,430854,7,72,74,45,61,60,experiment_3,experiment,/annotation/experiment/3.png,,,,,,,,,,,,,,,,,,,,,,1763713903,1.0,
08ivkeojin,control,0,experiment,4,1,,,,3.0,4.739,08ivkeojin,26-35,female,high-school,city,none,completed,Synthetic Generator 2.0,1920x1080,430854,7,72,74,45,61,60,experiment_4,experiment,/annotation/experiment/4.png,,,,,,,,,,,,,,,,,,,,,,1763713909,1.0,
08ivkeojin,control,0,experiment,5,0,,,,1.0,4.825,08ivkeojin,26-35,female,high-school,city,none,completed,Synthetic Generator 2.0,1920x1080,430854,7,72,74,45,61,60,experiment_5,experiment,/annotation/experiment/5.png,,,,,,,,,,,,,,,,,,,,,,1763713915,0.0,
08ivkeojin,control,0,posttest,1,1,,,,1.0,1.555,08ivkeojin,26-35,female,high-school,city,none,completed,Synthetic Generator 2.0,1920x1080,430854,7,72,74,45,61,60,posttest_1,posttest,/annotation/post_experiment/1.png,,,,,,,,,,,,,,,,,,,,,,1763713917,1.0,
08ivkeojin,control,0,posttest,2,1,,,,1.0,2.687,08ivkeojin,26-35,female,high-school,city,none,completed,Synthetic Generator 2.0,1920x1080,430854,7,72,74,45,61,60,posttest_2,posttest,/annotation/post_experiment/2.png,,,,,,,,,,,,,,,,,,,,,,1763713921,1.0,
08ivkeojin,control,0,posttest,3,0,,,,7.0,2.391,08ivkeojin,26-35,female,high-school,city,none,completed,Synthetic Generator 2.0,1920x1080,430854,7,72,74,45,61,60,posttest_3,posttest,/annotation/post_experiment/3.png,,,,,,,,,,,,,,,,,,,,,,1763713925,0.0,
08ivkeojin,control,0,posttest,4,0,,,,3.0,4.884,08ivkeojin,26-35,female,high-school,city,none,completed,Synthetic Generator 2.0,1920x1080,430854,7,72,74,45,61,60,posttest_4,posttest,/annotation/post_experiment/4.png,,,,,,,,,,,,,,,,,,,,,,1763713930,0.0,
08ivkeojin,control,0,posttest,5,1,,,,4.0,3.332,08ivkeojin,26-35,female,high-school,city,none,completed,Synthetic Generator 2.0,1920x1080,430854,7,72,74,45,61,60,posttest_5,posttest,/annotation/post_experiment/5.png,,,,,,,,,,,,,,,,,,,,,,1763713935,1.0,
1hhv3pmer4,treatment,1,baseline,1,0,,,,4.0,3.499,1hhv3pmer4,26-35,male,masters,budapest,none,completed,Synthetic Generator 2.0,1920x1080,365372,7,89,88,24,44,46,baseline_1,baseline,/annotation/baseline/1.png,,,,,,,,,,,,,,,,,,,,,,1763678584,0.0,
1hhv3pmer4,treatment,1,baseline,2,0,,,,4.0,1.866,1hhv3pmer4,26-35,male,masters,budapest,none,completed,Synthetic Generator 2.0,1920x1080,365372,7,89,88,24,44,46,baseline_2,baseline,/annotation/baseline/2.png,,,,,,,,,,,,,,,,,,,,,,1763678587,0.0,
1hhv3pmer4,treatment,1,baseline,3,1,,,,5.0,4.525,1hhv3pmer4,26-35,male,masters,budapest,none,completed,Synthetic Generator 2.0,1920x1080,365372,7,89,88,24,44,46,baseline_3,baseline,/annotation/baseline/3.png,,,,,,,,,,,,,,,,,,,,,,1763678592,1.0,
1hhv3pmer4,treatment,1,baseline,4,1,,,,4.0,3.255,1hhv3pmer4,26-35,male,masters,budapest,none,completed,Synthetic Generator 2.0,1920x1080,365372,7,89,88,24,44,46,baseline_4,baseline,/annotation/baseline/4.png,,,,,,,,,,,,,,,,,,,,,,1763678597,1.0,
1hhv3pmer4,treatment,1,baseline,5,1,,,,1.0,4.578,1hhv3pmer4,26-35,male,masters,budapest,none,completed,Synthetic Generator 2.0,1920x1080,365372,7,89,88,24,44,46,baseline_5,baseline,/annotation/baseline/5.png,,,,,,,,,,,,,,,,,,,,,,1763678602,1.0,
1hhv3pmer4,treatment,1,experiment,1,0,,,,,14.092,1hhv3pmer4,26-35,male,masters,budapest,none,completed,Synthetic Generator 2.0,1920x1080,365372,7,89,88,24,44,46,experiment_1,experiment,/annotation/experiment/1.png,0.0,False,nincsen tünet,,2.0,2.0,,,,,,0.8895412577503752,0.0,,,,,,,,,1763678617,,0.0
1hhv3pmer4,treatment,1,experiment,2,0,,,,,12.652,1hhv3pmer4,26-35,male,masters,budapest,none,completed,Synthetic Generator 2.0,1920x1080,365372,7,89,88,24,44,46,experiment_2,experiment,/annotation/experiment/2.png,0.0,False,nincsen tünet,,6.0,7.0,,,,,,0.9086731252016458,0.0,,,,,,,,,1763678631,,0.0
1hhv3pmer4,treatment,1,experiment,3,1,,,,,12.618,1hhv3pmer4,26-35,male,masters,budapest,none,completed,Synthetic Generator 2.0,1920x1080,365372,7,89,88,24,44,46,experiment_3,experiment,/annotation/experiment/3.png,1.0,False,tünet,0.3100188054287994,3.0,4.0,,,,,,0.9569804672593261,1.0,50.0,69.0,100.0,100.0,20.0,60.0,100.0,100.0,1763678645,,1.0
1hhv3pmer4,treatment,1,experiment,4,1,,,,,14.29,1hhv3pmer4,26-35,male,masters,budapest,none,completed,Synthetic Generator 2.0,1920x1080,365372,7,89,88,24,44,46,experiment_4,experiment,/annotation/experiment/4.png,1.0,False,tünet,0.7047317159441246,7.0,7.0,,,,,,0.8975850265749986,1.0,52.0,36.0,100.0,100.0,83.0,35.0,100.0,100.0,1763678660,,1.0
1hhv3pmer4,treatment,1,experiment,5,1,,,,,10.72,1hhv3pmer4,26-35,male,masters,budapest,none,completed,Synthetic Generator 2.0,1920x1080,365372,7,89,88,24,44,46,experiment_5,experiment,/annotation/experiment/5.png,1.0,False,tünet,0.8142213725210299,7.0,7.0,,,,,,0.8723956355400254,1.0,17.0,66.0,100.0,100.0,100.0,77.0,100.0,100.0,1763678672,,1.0
1hhv3pmer4,treatment,1,posttest,1,0,,,,6.0,4.696,1hhv3pmer4,26-35,male,masters,budapest,none,completed,Synthetic Generator 2.0,1920x1080,365372,7,89,88,24,44,46,posttest_1,posttest,/annotation/post_experiment/1.png,,,,,,,,,,,,,,,,,,,,,,1763678677,0.0,
1hhv3pmer4,treatment,1,posttest,2,0,,,,7.0,4.845,1hhv3pmer4,26-35,male,masters,budapest,none,completed,Synthetic Generator 2.0,1920x1080,365372,7,89,88,24,44,46,posttest_2,posttest,/annotation/post_experiment/2.png,,,,,,,,,,,,,,,,,,,,,,1763678683,0.0,
1hhv3pmer4,treatment,1,posttest,3,1,,,,5.0,3.494,1hhv3pmer4,26-35,male,masters,budapest,none,completed,Synthetic Generator 2.0,1920x1080,365372,7,89,88,24,44,46,posttest_3,posttest,/annotation/post_experiment/3.png,,,,,,,,,,,,,,,,,,,,,,1763678688,1.0,
1hhv3pmer4,treatment,1,posttest,4,1,,,,6.0,1.613,1hhv3pmer4,26-35,male,masters,budapest,none,completed,Synthetic Generator 2.0,1920x1080,365372,7,89,88,24,44,46,posttest_4,posttest,/annotation/post_experiment/4.png,,,,,,,,,,,,,,,,,,,,,,1763678690,1.0,
1hhv3pmer4,treatment,1,posttest,5,1,,,,1.0,4.533,1hhv3pmer4,26-35,male,masters,budapest,none,completed,Synthetic Generator 2.0,1920x1080,365372,7,89,88,24,44,46,posttest_5,posttest,/annotation/post_experiment/5.png,,,,,,,,,,,,,,,,,,,,,,1763678696,1.0,
0b68h96ftd,control,0,baseline,1,0,,,,1.0,2.623,0b68h96ftd,18-25,female,phd,village,none,completed,Synthetic Generator 2.0,1920x1080,377854,8,40,74,35,26,77,baseline_1,baseline,/annotation/baseline/1.png,,,,,,,,,,,,,,,,,,,,,,1763650394,0.0,
0b68h96ftd,control,0,baseline,2,1,,,,1.0,3.87,0b68h96ftd,18-25,female,phd,village,none,completed,Synthetic Generator 2.0,1920x1080,377854,8,40,74,35,26,77,baseline_2,baseline,/annotation/baseline/2.png,,,,,,,,,,,,,,,,,,,,,,1763650399,1.0,
0b68h96ftd,control,0,baseline,3,1,,,,3.0,4.093,0b68h96ftd,18-25,female,phd,village,none,completed,Synthetic Generator 2.0,1920x1080,377854,8,40,74,35,26,77,baseline_3,baseline,/annotation/baseline/3.png,,,,,,,,,,,,,,,,,,,,,,1763650404,1.0,
0b68h96ftd,control,0,baseline,4,0,,,,1.0,4.607,0b68h96ftd,18-25,female,phd,village,none,completed,Synthetic Generator 2.0,1920x1080,377854,8,40,74,35,26,77,baseline_4,baseline,/annotation/baseline/4.png,,,,,,,,,,,,,,,,,,,,,,1763650410,0.0,
0b68h96ftd,control,0,baseline,5,0,,,,6.0,3.873,0b68h96ftd,18-25,female,phd,village,none,completed,Synthetic Generator 2.0,1920x1080,377854,8,40,74,35,26,77,baseline_5,baseline,/annotation/baseline/5.png,,,,,,,,,,,,,,,,,,,,,,1763650415,0.0,
0b68h96ftd,control,0,experiment,1,1,,,,4.0,3.187,0b68h96ftd,18-25,female,phd,village,none,completed,Synthetic Generator 2.0,1920x1080,377854,8,40,74,35,26,77,experiment_1,experiment,/annotation/experiment/1.png,,,,,,,,,,,,,,,,,,,,,,1763650419,1.0,
0b68h96ftd,control,0,experiment,2,0,,,,2.0,4.94,0b68h96ftd,18-25,female,phd,village,none,completed,Synthetic Generator 2.0,1920x1080,377854,8,40,74,35,26,77,experiment_2,experiment,/annotation/experiment/2.png,,,,,,,,,,,,,,,,,,,,,,1763650425,0.0,
0b68h96ftd,control,0,experiment,3,0,,,,7.0,4.194,0b68h96ftd,18-25,female,phd,village,none,completed,Synthetic Generator 2.0,1920x1080,377854,8,40,74,35,26,77,experiment_3,experiment,/annotation/experiment/3.png,,,,,,,,,,,,,,,,,,,,,,1763650430,0.0,
0b68h96ftd,control,0,experiment,4,0,,,,5.0,3.655,0b68h96ftd,18-25,female,phd,village,none,completed,Synthetic Generator 2.0,1920x1080,377854,8,40,74,35,26,77,experiment_4,experiment,/annotation/experiment/4.png,,,,,,,,,,,,,,,,,,,,,,1763650434,0.0,
0b68h96ftd,control,0,experiment,5,1,,,,4.0,1.248,0b68h96ftd,18-25,female,phd,village,none,completed,Synthetic Generator 2.0,1920x1080,377854,8,40,74,35,26,77,experiment_5,experiment,/annotation/experiment/5.png,,,,,,,,,,,,,,,,,,,,,,1763650437,1.0,
0b68h96ftd,control,0,posttest,1,0,,,,5.0,4.827,0b68h96ftd,18-25,female,phd,village,none,completed,Synthetic Generator 2.0,1920x1080,377854,8,40,74,35,26,77,posttest_1,posttest,/annotation/post_experiment/1.png,,,,,,,,,,,,,,,,,,,,,,1763650443,0.0,
0b68h96ftd,control,0,posttest,2,0,,,,3.0,2.946,0b68h96ftd,18-25,female,phd,village,none,completed,Synthetic Generator 2.0,1920x1080,377854,8,40,74,35,26,77,posttest_2,posttest,/annotation/post_experiment/2.png,,,,,,,,,,,,,,,,,,,,,,1763650447,0.0,
0b68h96ftd,control,0,posttest,3,1,,,,1.0,1.148,0b68h96ftd,18-25,female,phd,village,none,completed,Synthetic Generator 2.0,1920x1080,377854,8,40,74,35,26,77,posttest_3,posttest,/annotation/post_experiment/3.png,,,,,,,,,,,,,,,,,,,,,,1763650449,1.0,
0b68h96ftd,control,0,posttest,4,0,,,,1.0,1.012,0b68h96ftd,18-25,female,phd,village,none,completed,Synthetic Generator 2.0,1920x1080,377854,8,40,74,35,26,77,posttest_4,posttest,/annotation/post_experiment/4.png,,,,,,,,,,,,,,,,,,,,,,1763650451,0.0,
0b68h96ftd,control,0,posttest,5,0,,,,7.0,2.335,0b68h96ftd,18-25,female,phd,village,none,completed,Synthetic Generator 2.0,1920x1080,377854,8,40,74,35,26,77,posttest_5,posttest,/annotation/post_experiment/5.png,,,,,,,,,,,,,,,,,,,,,,1763650454,0.0,
1vrey3b6mn,treatment,1,baseline,1,0,,,,7.0,3.728,1vrey3b6mn,18-25,male,phd,budapest,none,completed,Synthetic Generator 2.0,1920x1080,603791,7,74,59,34,28,82,baseline_1,baseline,/annotation/baseline/1.png,,,,,,,,,,,,,,,,,,,,,,1763643467,0.0,
1vrey3b6mn,treatment,1,baseline,2,0,,,,1.0,1.249,1vrey3b6mn,18-25,male,phd,budapest,none,completed,Synthetic Generator 2.0,1920x1080,603791,7,74,59,34,28,82,baseline_2,baseline,/annotation/baseline/2.png,,,,,,,,,,,,,,,,,,,,,,1763643469,0.0,
1vrey3b6mn,treatment,1,baseline,3,0,,,,6.0,3.462,1vrey3b6mn,18-25,male,phd,budapest,none,completed,Synthetic Generator 2.0,1920x1080,603791,7,74,59,34,28,82,baseline_3,baseline,/annotation/baseline/3.png,,,,,,,,,,,,,,,,,,,,,,1763643474,0.0,
1vrey3b6mn,treatment,1,baseline,4,1,,,,3.0,1.603,1vrey3b6mn,18-25,male,phd,budapest,none,completed,Synthetic Generator 2.0,1920x1080,603791,7,74,59,34,28,82,baseline_4,baseline,/annotation/baseline/4.png,,,,,,,,,,,,,,,,,,,,,,1763643476,1.0,
1vrey3b6mn,treatment,1,baseline,5,1,,,,2.0,3.776,1vrey3b6mn,18-25,male,phd,budapest,none,completed,Synthetic Generator 2.0,1920x1080,603791,7,74,59,34,28,82,baseline_5,baseline,/annotation/baseline/5.png,,,,,,,,,,,,,,,,,,,,,,1763643481,1.0,
1vrey3b6mn,treatment,1,experiment,1,0,,,,,7.687,1vrey3b6mn,18-25,male,phd,budapest,none,completed,Synthetic Generator 2.0,1920x1080,603791,7,74,59,34,28,82,experiment_1,experiment,/annotation/experiment/1.png,0.0,False,nincsen tünet,,1.0,1.0,,,,,,0.9073434399828885,0.0,,,,,,,,,1763643490,,0.0
1vrey3b6mn,treatment,1,experiment,2,0,,,,,12.532,1vrey3b6mn,18-25,male,phd,budapest,none,completed,Synthetic Generator 2.0,1920x1080,603791,7,74,59,34,28,82,experiment_2,experiment,/annotation/experiment/2.png,1.0,True,tünet,,6.0,7.0,,,,,,0.9727125491149585,0.0,,,,,,,,,1763643503,,0.0
1vrey3b6mn,treatment,1,experiment,3,1,,,,,13.399,1vrey3b6mn,18-25,male,phd,budapest,none,completed,Synthetic Generator 2.0,1920x1080,603791,7,74,59,34,28,82,experiment_3,experiment,/annotation/experiment/3.png,1.0,False,tünet,0.8503459903035815,5.0,6.0,,,,,,0.145812296122031,0.0,,,,,74.0,97.0,100.0,100.0,1763643518,,1.0
1vrey3b6mn,treatment,1,experiment,4,1,,,,,8.925,1vrey3b6mn,18-25,male,phd,budapest,none,completed,Synthetic Generator 2.0,1920x1080,603791,7,74,59,34,28,82,experiment_4,experiment,/annotation/experiment/4.png,1.0,False,tünet,0.700535645596953,5.0,7.0,,,,,,0.9283047111800462,1.0,51.0,43.0,100.0,100.0,64.0,39.0,100.0,100.0,1763643528,,1.0
1vrey3b6mn,treatment,1,experiment,5,1,,,,,8.377,1vrey3b6mn,18-25,male,phd,budapest,none,completed,Synthetic Generator 2.0,1920x1080,603791,7,74,59,34,28,82,experiment_5,experiment,/annotation/experiment/5.png,1.0,False,tünet,0.7649968308245239,6.0,7.0,,,,,,0.9576584082496583,1.0,0.0,95.0,100.0,100.0,58.0,34.0,100.0,100.0,1763643537,,1.0
1vrey3b6mn,treatment,1,posttest,1,1,,,,7.0,1.514,1vrey3b6mn,18-25,male,phd,budapest,none,completed,Synthetic Generator 2.0,1920x1080,603791,7,74,59,34,28,82,posttest_1,posttest,/annotation/post_experiment/1.png,,,,,,,,,,,,,,,,,,,,,,1763643540,1.0,
1vrey3b6mn,treatment,1,posttest,2,0,,,,1.0,2.507,1vrey3b6mn,18-25,male,phd,budapest,none,completed,Synthetic Generator 2.0,1920x1080,603791,7,74,59,34,28,82,posttest_2,posttest,/annotation/post_experiment/2.png,,,,,,,,,,,,,,,,,,,,,,1763643543,0.0,
1vrey3b6mn,treatment,1,posttest,3,1,,,,5.0,4.787,1vrey3b6mn,18-25,male,phd,budapest,none,completed,Synthetic Generator 2.0,1920x1080,603791,7,74,59,34,28,82,posttest_3,posttest,/annotation/post_experiment/3.png,,,,,,,,,,,,,,,,,,,,,,1763643549,1.0,
1vrey3b6mn,treatment,1,posttest,4,1,,,,6.0,1.894,1vrey3b6mn,18-25,male,phd,budapest,none,completed,Synthetic Generator 2.0,1920x1080,603791,7,74,59,34,28,82,posttest_4,posttest,/annotation/post_experiment/4.png,,,,,,,,,,,,,,,,,,,,,,1763643552,1.0,
1vrey3b6mn,treatment,1,posttest,5,0,,,,7.0,1.171,1vrey3b6mn,18-25,male,phd,budapest,none,completed,Synthetic Generator 2.0,1920x1080,603791,7,74,59,34,28,82,posttest_5,posttest,/annotation/post_experiment/5.png,,,,,,,,,,,,,,,,,,,,,,1763643554,0.0,
1yjp28ilg2,treatment,1,baseline,1,1,,,,7.0,3.861,1yjp28ilg2,36-45,female,phd,city,none,completed,Synthetic Generator 2.0,1920x1080,756110,7,94,94,17,57,40,baseline_1,baseline,/annotation/baseline/1.png,,,,,,,,,,,,,,,,,,,,,,1763717528,1.0,
1yjp28ilg2,treatment,1,baseline,2,0,,,,7.0,3.933,1yjp28ilg2,36-45,female,phd,city,none,completed,Synthetic Generator 2.0,1920x1080,756110,7,94,94,17,57,40,baseline_2,baseline,/annotation/baseline/2.png,,,,,,,,,,,,,,,,,,,,,,1763717533,0.0,
1yjp28ilg2,treatment,1,baseline,3,1,,,,7.0,3.504,1yjp28ilg2,36-45,female,phd,city,none,completed,Synthetic Generator 2.0,1920x1080,756110,7,94,94,17,57,40,baseline_3,baseline,/annotation/baseline/3.png,,,,,,,,,,,,,,,,,,,,,,1763717538,1.0,
1yjp28ilg2,treatment,1,baseline,4,0,,,,5.0,4.678,1yjp28ilg2,36-45,female,phd,city,none,completed,Synthetic Generator 2.0,1920x1080,756110,7,94,94,17,57,40,baseline_4,baseline,/annotation/baseline/4.png,,,,,,,,,,,,,,,,,,,,,,1763717543,0.0,
1yjp28ilg2,treatment,1,baseline,5,1,,,,4.0,2.38,1yjp28ilg2,36-45,female,phd,city,none,completed,Synthetic Generator 2.0,1920x1080,756110,7,94,94,17,57,40,baseline_5,baseline,/annotation/baseline/5.png,,,,,,,,,,,,,,,,,,,,,,1763717547,1.0,
1yjp28ilg2,treatment,1,experiment,1,0,,,,,6.998,1yjp28ilg2,36-45,female,phd,city,none,completed,Synthetic Generator 2.0,1920x1080,756110,7,94,94,17,57,40,experiment_1,experiment,/annotation/experiment/1.png,0.0,False,nincsen tünet,,5.0,5.0,,,,,,0.8992279222085096,0.0,,,,,,,,,1763717555,,0.0
1yjp28ilg2,treatment,1,experiment,2,0,,,,,12.938,1yjp28ilg2,36-45,female,phd,city,none,completed,Synthetic Generator 2.0,1920x1080,756110,7,94,94,17,57,40,experiment_2,experiment,/annotation/experiment/2.png,0.0,False,nincsen tünet,,3.0,5.0,,,,,,0.8813024092068112,0.0,,,,,,,,,1763717569,,0.0
1yjp28ilg2,treatment,1,experiment,3,1,,,,,5.663,1yjp28ilg2,36-45,female,phd,city,none,completed,Synthetic Generator 2.0,1920x1080,756110,7,94,94,17,57,40,experiment_3,experiment,/annotation/experiment/3.png,1.0,False,tünet,0.015058923885171294,1.0,2.0,,,,,,0.8596110903295456,1.0,30.0,76.0,100.0,100.0,65.0,54.0,100.0,100.0,1763717575,,1.0
1yjp28ilg2,treatment,1,experiment,4,1,,,,,7.917,1yjp28ilg2,36-45,female,phd,city,none,completed,Synthetic Generator 2.0,1920x1080,756110,7,94,94,17,57,40,experiment_4,experiment,/annotation/experiment/4.png,1.0,False,tünet,0.2735483554695182,3.0,4.0,,,,,,0.9676207631632376,1.0,1.0,90.0,100.0,100.0,31.0,32.0,100.0,100.0,1763717584,,1.0
1yjp28ilg2,treatment,1,experiment,5,1,,,,,8.569,1yjp28ilg2,36-45,female,phd,city,none,completed,Synthetic Generator 2.0,1920x1080,756110,7,94,94,17,57,40,experiment_5,experiment,/annotation/experiment/5.png,1.0,False,tünet,0.711487171598267,6.0,6.0,,,,,,0.963894923224096,1.0,60.0,67.0,100.0,100.0,16.0,88.0,100.0,100.0,1763717594,,1.0
1yjp28ilg2,treatment,1,posttest,1,0,,,,2.0,4.09,1yjp28ilg2,36-45,female,phd,city,none,completed,Synthetic Generator 2.0,1920x1080,756110,7,94,94,17,57,40,posttest_1,posttest,/annotation/post_experiment/1.png,,,,,,,,,,,,,,,,,,,,,,1763717599,0.0,
1yjp28ilg2,treatment,1,posttest,2,0,,,,7.0,2.046,1yjp28ilg2,36-45,female,phd,city,none,completed,Synthetic Generator 2.0,1920x1080,756110,7,94,94,17,57,40,posttest_2,posttest,/annotation/post_experiment/2.png,,,,,,,,,,,,,,,,,,,,,,1763717602,0.0,
1yjp28ilg2,treatment,1,posttest,3,1,,,,1.0,3.814,1yjp28ilg2,36-45,female,phd,city,none,completed,Synthetic Generator 2.0,1920x1080,756110,7,94,94,17,57,40,posttest_3,posttest,/annotation/post_experiment/3.png,,,,,,,,,,,,,,,,,,,,,,1763717607,1.0,
1yjp28ilg2,treatment,1,posttest,4,0,,,,2.0,2.167,1yjp28ilg2,36-45,female,phd,city,none,completed,Synthetic Generator 2.0,1920x1080,756110,7,94,94,17,57,40,posttest_4,posttest,/annotation/post_experiment/4.png,,,,,,,,,,,,,,,,,,,,,,1763717610,0.0,
1yjp28ilg2,treatment,1,posttest,5,1,,,,7.0,1.676,1yjp28ilg2,36-45,female,phd,city,none,completed,Synthetic Generator 2.0,1920x1080,756110,7,94,94,17,57,40,posttest_5,posttest,/annotation/post_experiment/5.png,,,,,,,,,,,,,,,,,,,,,,1763717613,1.0,
08aunode3o,control,0,baseline,1,0,,,,2.0,2.12,08aunode3o,36-45,female,masters,budapest,none,completed,Synthetic Generator 2.0,1920x1080,350170,2,62,73,36,70,58,baseline_1,baseline,/annotation/baseline/1.png,,,,,,,,,,,,,,,,,,,,,,1763704738,0.0,
08aunode3o,control,0,baseline,2,0,,,,2.0,2.122,08aunode3o,36-45,female,masters,budapest,none,completed,Synthetic Generator 2.0,1920x1080,350170,2,62,73,36,70,58,baseline_2,baseline,/annotation/baseline/2.png,,,,,,,,,,,,,,,,,,,,,,1763704741,0.0,
08aunode3o,control,0,baseline,3,0,,,,3.0,4.109,08aunode3o,36-45,female,masters,budapest,none,completed,Synthetic Generator 2.0,1920x1080,350170,2,62,73,36,70,58,baseline_3,baseline,/annotation/baseline/3.png,,,,,,,,,,,,,,,,,,,,,,1763704746,0.0,
08aunode3o,control,0,baseline,4,1,,,,4.0,4.366,08aunode3o,36-45,female,masters,budapest,none,completed,Synthetic Generator 2.0,1920x1080,350170,2,62,73,36,70,58,baseline_4,baseline,/annotation/baseline/4.png,,,,,,,,,,,,,,,,,,,,,,1763704751,1.0,
08aunode3o,control,0,baseline,5,0,,,,3.0,4.031,08aunode3o,36-45,female,masters,budapest,none,completed,Synthetic Generator 2.0,1920x1080,350170,2,62,73,36,70,58,baseline_5,baseline,/annotation/baseline/5.png,,,,,,,,,,,,,,,,,,,,,,1763704756,0.0,
08aunode3o,control,0,experiment,1,1,,,,4.0,2.992,08aunode3o,36-45,female,masters,budapest,none,completed,Synthetic Generator 2.0,1920x1080,350170,2,62,73,36,70,58,experiment_1,experiment,/annotation/experiment/1.png,,,,,,,,,,,,,,,,,,,,,,1763704760,1.0,
08aunode3o,control,0,experiment,2,1,,,,3.0,2.944,08aunode3o,36-45,female,masters,budapest,none,completed,Synthetic Generator 2.0,1920x1080,350170,2,62,73,36,70,58,experiment_2,experiment,/annotation/experiment/2.png,,,,,,,,,,,,,,,,,,,,,,1763704764,1.0,
08aunode3o,control,0,experiment,3,1,,,,7.0,1.033,08aunode3o,36-45,female,masters,budapest,none,completed,Synthetic Generator 2.0,1920x1080,350170,2,62,73,36,70,58,experiment_3,experiment,/annotation/experiment/3.png,,,,,,,,,,,,,,,,,,,,,,1763704766,1.0,
08aunode3o,control,0,experiment,4,0,,,,1.0,2.191,08aunode3o,36-45,female,masters,budapest,none,completed,Synthetic Generator 2.0,1920x1080,350170,2,62,73,36,70,58,experiment_4,experiment,/annotation/experiment/4.png,,,,,,,,,,,,,,,,,,,,,,1763704769,0.0,
08aunode3o,control,0,experiment,5,0,,,,5.0,3.597,08aunode3o,36-45,female,masters,budapest,none,completed,Synthetic Generator 2.0,1920x1080,350170,2,62,73,36,70,58,experiment_5,experiment,/annotation/experiment/5.png,,,,,,,,,,,,,,,,,,,,,,1763704774,0.0,
08aunode3o,control,0,posttest,1,0,,,,7.0,4.649,08aunode3o,36-45,female,masters,budapest,none,completed,Synthetic Generator 2.0,1920x1080,350170,2,62,73,36,70,58,posttest_1,posttest,/annotation/post_experiment/1.png,,,,,,,,,,,,,,,,,,,,,,1763704780,0.0,
08aunode3o,control,0,posttest,2,1,,,,5.0,4.927,08aunode3o,36-45,female,masters,budapest,none,completed,Synthetic Generator 2.0,1920x1080,350170,2,62,73,36,70,58,posttest_2,posttest,/annotation/post_experiment/2.png,,,,,,,,,,,,,,,,,,,,,,1763704786,1.0,
08aunode3o,control,0,posttest,3,1,,,,6.0,1.3,08aunode3o,36-45,female,masters,budapest,none,completed,Synthetic Generator 2.0,1920x1080,350170,2,62,73,36,70,58,posttest_3,posttest,/annotation/post_experiment/3.png,,,,,,,,,,,,,,,,,,,,,,1763704788,1.0,
08aunode3o,control,0,posttest,4,1,,,,3.0,2.063,08aunode3o,36-45,female,masters,budapest,none,completed,Synthetic Generator 2.0,1920x1080,350170,2,62,73,36,70,58,posttest_4,posttest,/annotation/post_experiment/4.png,,,,,,,,,,,,,,,,,,,,,,1763704791,1.0,
08aunode3o,control,0,posttest,5,1,,,,3.0,4.777,08aunode3o,36-45,female,masters,budapest,none,completed,Synthetic Generator 2.0,1920x1080,350170,2,62,73,36,70,58,posttest_5,posttest,/annotation/post_experiment/5.png,,,,,,,,,,,,,,,,,,,,,,1763704797,1.0,
0z0siakwob,control,0,baseline,1,0,,,,2.0,2.902,0z0siakwob,36-45,male,bachelor,budapest,none,completed,Synthetic Generator 2.0,1920x1080,464213,8,68,72,65,74,69,baseline_1,baseline,/annotation/baseline/1.png,,,,,,,,,,,,,,,,,,,,,,1763634264,0.0,
0z0siakwob,control,0,baseline,2,0,,,,7.0,2.844,0z0siakwob,36-45,male,bachelor,budapest,none,completed,Synthetic Generator 2.0,1920x1080,464213,8,68,72,65,74,69,baseline_2,baseline,/annotation/baseline/2.png,,,,,,,,,,,,,,,,,,,,,,1763634268,0.0,
0z0siakwob,control,0,baseline,3,1,,,,4.0,2.182,0z0siakwob,36-45,male,bachelor,budapest,none,completed,Synthetic Generator 2.0,1920x1080,464213,8,68,72,65,74,69,baseline_3,baseline,/annotation/baseline/3.png,,,,,,,,,,,,,,,,,,,,,,1763634271,1.0,
0z0siakwob,control,0,baseline,4,1,,,,5.0,4.167,0z0siakwob,36-45,male,bachelor,budapest,none,completed,Synthetic Generator 2.0,1920x1080,464213,8,68,72,65,74,69,baseline_4,baseline,/annotation/baseline/4.png,,,,,,,,,,,,,,,,,,,,,,1763634277,1.0,
0z0siakwob,control,0,baseline,5,0,,,,5.0,1.851,0z0siakwob,36-45,male,bachelor,budapest,none,completed,Synthetic Generator 2.0,1920x1080,464213,8,68,72,65,74,69,baseline_5,baseline,/annotation/baseline/5.png,,,,,,,,,,,,,,,,,,,,,,1763634279,0.0,
0z0siakwob,control,0,experiment,1,0,,,,4.0,1.006,0z0siakwob,36-45,male,bachelor,budapest,none,completed,Synthetic Generator 2.0,1920x1080,464213,8,68,72,65,74,69,experiment_1,experiment,/annotation/experiment/1.png,,,,,,,,,,,,,,,,,,,,,,1763634281,0.0,
0z0siakwob,control,0,experiment,2,0,,,,7.0,4.511,0z0siakwob,36-45,male,bachelor,budapest,none,completed,Synthetic Generator 2.0,1920x1080,464213,8,68,72,65,74,69,experiment_2,experiment,/annotation/experiment/2.png,,,,,,,,,,,,,,,,,,,,,,1763634287,0.0,
0z0siakwob,control,0,experiment,3,0,,,,1.0,1.699,0z0siakwob,36-45,male,bachelor,budapest,none,completed,Synthetic Generator 2.0,1920x1080,464213,8,68,72,65,74,69,experiment_3,experiment,/annotation/experiment/3.png,,,,,,,,,,,,,,,,,,,,,,1763634290,0.0,
0z0siakwob,control,0,experiment,4,0,,,,7.0,1.119,0z0siakwob,36-45,male,bachelor,budapest,none,completed,Synthetic Generator 2.0,1920x1080,464213,8,68,72,65,74,69,experiment_4,experiment,/annotation/experiment/4.png,,,,,,,,,,,,,,,,,,,,,,1763634292,0.0,
0z0siakwob,control,0,experiment,5,1,,,,4.0,2.223,0z0siakwob,36-45,male,bachelor,budapest,none,completed,Synthetic Generator 2.0,1920x1080,464213,8,68,72,65,74,69,experiment_5,experiment,/annotation/experiment/5.png,,,,,,,,,,,,,,,,,,,,,,1763634295,1.0,
0z0siakwob,control,0,posttest,1,0,,,,7.0,1.135,0z0siakwob,36-45,male,bachelor,budapest,none,completed,Synthetic Generator 2.0,1920x1080,464213,8,68,72,65,74,69,posttest_1,posttest,/annotation/post_experiment/1.png,,,,,,,,,,,,,,,,,,,,,,1763634297,0.0,
0z0siakwob,control,0,posttest,2,0,,,,5.0,3.258,0z0siakwob,36-45,male,bachelor,budapest,none,completed,Synthetic Generator 2.0,1920x1080,464213,8,68,72,65,74,69,posttest_2,posttest,/annotation/post_experiment/2.png,,,,,,,,,,,,,,,,,,,,,,1763634301,0.0,
0z0siakwob,control,0,posttest,3,0,,,,6.0,4.901,0z0siakwob,36-45,male,bachelor,budapest,none,completed,Synthetic Generator 2.0,1920x1080,464213,8,68,72,65,74,69,posttest_3,posttest,/annotation/post_experiment/3.png,,,,,,,,,,,,,,,,,,,,,,1763634307,0.0,
0z0siakwob,control,0,posttest,4,1,,,,3.0,3.089,0z0siakwob,36-45,male,bachelor,budapest,none,completed,Synthetic Generator 2.0,1920x1080,464213,8,68,72,65,74,69,posttest_4,posttest,/annotation/post_experiment/4.png,,,,,,,,,,,,,,,,,,,,,,1763634311,1.0,
0z0siakwob,control,0,posttest,5,0,,,,1.0,4.69,0z0siakwob,36-45,male,bachelor,budapest,none,completed,Synthetic Generator 2.0,1920x1080,464213,8,68,72,65,74,69,posttest_5,posttest,/annotation/post_experiment/5.png,,,,,,,,,,,,,,,,,,,,,,1763634317,0.0,
0gqp48k9yi,control,0,baseline,1,1,,,,2.0,1.738,0gqp48k9yi,36-45,male,phd,city,none,completed,Synthetic Generator 2.0,1920x1080,759601,6,65,74,66,87,74,baseline_1,baseline,/annotation/baseline/1.png,,,,,,,,,,,,,,,,,,,,,,1763727593,1.0,
0gqp48k9yi,control,0,baseline,2,1,,,,1.0,2.819,0gqp48k9yi,36-45,male,phd,city,none,completed,Synthetic Generator 2.0,1920x1080,759601,6,65,74,66,87,74,baseline_2,baseline,/annotation/baseline/2.png,,,,,,,,,,,,,,,,,,,,,,1763727597,1.0,
0gqp48k9yi,control,0,baseline,3,0,,,,3.0,4.004,0gqp48k9yi,36-45,male,phd,city,none,completed,Synthetic Generator 2.0,1920x1080,759601,6,65,74,66,87,74,baseline_3,baseline,/annotation/baseline/3.png,,,,,,,,,,,,,,,,,,,,,,1763727602,0.0,
0gqp48k9yi,control,0,baseline,4,0,,,,6.0,2.149,0gqp48k9yi,36-45,male,phd,city,none,completed,Synthetic Generator 2.0,1920x1080,759601,6,65,74,66,87,74,baseline_4,baseline,/annotation/baseline/4.png,,,,,,,,,,,,,,,,,,,,,,1763727605,0.0,
0gqp48k9yi,control,0,baseline,5,0,,,,5.0,3.916,0gqp48k9yi,36-45,male,phd,city,none,completed,Synthetic Generator 2.0,1920x1080,759601,6,65,74,66,87,74,baseline_5,baseline,/annotation/baseline/5.png,,,,,,,,,,,,,,,,,,,,,,1763727610,0.0,
0gqp48k9yi,control,0,experiment,1,0,,,,1.0,1.361,0gqp48k9yi,36-45,male,phd,city,none,completed,Synthetic Generator 2.0,1920x1080,759601,6,65,74,66,87,74,experiment_1,experiment,/annotation/experiment/1.png,,,,,,,,,,,,,,,,,,,,,,1763727612,0.0,
0gqp48k9yi,control,0,experiment,2,0,,,,4.0,2.489,0gqp48k9yi,36-45,male,phd,city,none,completed,Synthetic Generator 2.0,1920x1080,759601,6,65,74,66,87,74,experiment_2,experiment,/annotation/experiment/2.png,,,,,,,,,,,,,,,,,,,,,,1763727616,0.0,
0gqp48k9yi,control,0,experiment,3,1,,,,2.0,1.439,0gqp48k9yi,36-45,male,phd,city,none,completed,Synthetic Generator 2.0,1920x1080,759601,6,65,74,66,87,74,experiment_3,experiment,/annotation/experiment/3.png,,,,,,,,,,,,,,,,,,,,,,1763727618,1.0,
0gqp48k9yi,control,0,experiment,4,1,,,,7.0,3.813,0gqp48k9yi,36-45,male,phd,city,none,completed,Synthetic Generator 2.0,1920x1080,759601,6,65,74,66,87,74,experiment_4,experiment,/annotation/experiment/4.png,,,,,,,,,,,,,,,,,,,,,,1763727623,1.0,
0gqp48k9yi,control,0,experiment,5,1,,,,2.0,1.664,0gqp48k9yi,36-45,male,phd,city,none,completed,Synthetic Generator 2.0,1920x1080,759601,6,65,74,66,87,74,experiment_5,experiment,/annotation/experiment/5.png,,,,,,,,,,,,,,,,,,,,,,1763727626,1.0,
0gqp48k9yi,control,0,posttest,1,1,,,,3.0,1.26,0gqp48k9yi,36-45,male,phd,city,none,completed,Synthetic Generator 2.0,1920x1080,759601,6,65,74,66,87,74,posttest_1,posttest,/annotation/post_experiment/1.png,,,,,,,,,,,,,,,,,,,,,,1763727628,1.0,
0gqp48k9yi,control,0,posttest,2,0,,,,4.0,2.036,0gqp48k9yi,36-45,male,phd,city,none,completed,Synthetic Generator 2.0,1920x1080,759601,6,65,74,66,87,74,posttest_2,posttest,/annotation/post_experiment/2.png,,,,,,,,,,,,,,,,,,,,,,1763727631,0.0,
0gqp48k9yi,control,0,posttest,3,0,,,,5.0,1.749,0gqp48k9yi,36-45,male,phd,city,none,completed,Synthetic Generator 2.0,1920x1080,759601,6,65,74,66,87,74,posttest_3,posttest,/annotation/post_experiment/3.png,,,,,,,,,,,,,,,,,,,,,,1763727634,0.0,
0gqp48k9yi,control,0,posttest,4,1,,,,2.0,3.093,0gqp48k9yi,36-45,male,phd,city,none,completed,Synthetic Generator 2.0,1920x1080,759601,6,65,74,66,87,74,posttest_4,posttest,/annotation/post_experiment/4.png,,,,,,,,,,,,,,,,,,,,,,1763727638,1.0,
0gqp48k9yi,control,0,posttest,5,0,,,,4.0,1.355,0gqp48k9yi,36-45,male,phd,city,none,completed,Synthetic Generator 2.0,1920x1080,759601,6,65,74,66,87,74,posttest_5,posttest,/annotation/post_experiment/5.png,,,,,,,,,,,,,,,,,,,,,,1763727640,0.0,
1wbkru48i1,treatment,1,baseline,1,0,,,,5.0,1.55,1wbkru48i1,36-45,male,high-school,budapest,none,completed,Synthetic Generator 2.0,1920x1080,799705,8,91,91,23,62,58,baseline_1,baseline,/annotation/baseline/1.png,,,,,,,,,,,,,,,,,,,,,,1763728654,0.0,
1wbkru48i1,treatment,1,baseline,2,1,,,,5.0,3.088,1wbkru48i1,36-45,male,high-school,budapest,none,completed,Synthetic Generator 2.0,1920x1080,799705,8,91,91,23,62,58,baseline_2,baseline,/annotation/baseline/2.png,,,,,,,,,,,,,,,,,,,,,,1763728658,1.0,
1wbkru48i1,treatment,1,baseline,3,0,,,,3.0,4.418,1wbkru48i1,36-45,male,high-school,budapest,none,completed,Synthetic Generator 2.0,1920x1080,799705,8,91,91,23,62,58,baseline_3,baseline,/annotation/baseline/3.png,,,,,,,,,,,,,,,,,,,,,,1763728663,0.0,
1wbkru48i1,treatment,1,baseline,4,0,,,,1.0,1.574,1wbkru48i1,36-45,male,high-school,budapest,none,completed,Synthetic Generator 2.0,1920x1080,799705,8,91,91,23,62,58,baseline_4,baseline,/annotation/baseline/4.png,,,,,,,,,,,,,,,,,,,,,,1763728666,0.0,
1wbkru48i1,treatment,1,baseline,5,1,,,,6.0,3.969,1wbkru48i1,36-45,male,high-school,budapest,none,completed,Synthetic Generator 2.0,1920x1080,799705,8,91,91,23,62,58,baseline_5,baseline,/annotation/baseline/5.png,,,,,,,,,,,,,,,,,,,,,,1763728671,1.0,
1wbkru48i1,treatment,1,experiment,1,0,,,,,9.592,1wbkru48i1,36-45,male,high-school,budapest,none,completed,Synthetic Generator 2.0,1920x1080,799705,8,91,91,23,62,58,experiment_1,experiment,/annotation/experiment/1.png,0.0,False,nincsen tünet,,2.0,2.0,,,,,,0.9129961946208043,0.0,,,,,,,,,1763728682,,0.0
1wbkru48i1,treatment,1,experiment,2,0,,,,,9.574,1wbkru48i1,36-45,male,high-school,budapest,none,completed,Synthetic Generator 2.0,1920x1080,799705,8,91,91,23,62,58,experiment_2,experiment,/annotation/experiment/2.png,0.0,False,nincsen tünet,,2.0,4.0,,,,,,0.9665710549266406,0.0,,,,,,,,,1763728692,,0.0
1wbkru48i1,treatment,1,experiment,3,1,,,,,14.018,1wbkru48i1,36-45,male,high-school,budapest,none,completed,Synthetic Generator 2.0,1920x1080,799705,8,91,91,23,62,58,experiment_3,experiment,/annotation/experiment/3.png,1.0,False,tünet,0.24492799023388903,7.0,7.0,,,,,,0.9163274181676774,1.0,75.0,69.0,100.0,100.0,86.0,19.0,100.0,100.0,1763728707,,1.0
1wbkru48i1,treatment,1,experiment,4,1,,,,,6.136,1wbkru48i1,36-45,male,high-school,budapest,none,completed,Synthetic Generator 2.0,1920x1080,799705,8,91,91,23,62,58,experiment_4,experiment,/annotation/experiment/4.png,1.0,False,tünet,0.38111557935547996,7.0,7.0,,,,,,0.8638343211159466,1.0,62.0,32.0,100.0,100.0,62.0,21.0,100.0,100.0,1763728714,,1.0
1wbkru48i1,treatment,1,experiment,5,1,,,,,13.046,1wbkru48i1,36-45,male,high-school,budapest,none,completed,Synthetic Generator 2.0,1920x1080,799705,8,91,91,23,62,58,experiment_5,experiment,/annotation/experiment/5.png,0.0,True,nincsen tünet,0.573775151192401,2.0,3.0,,,,,,0.8601915680107122,1.0,36.0,3.0,100.0,100.0,1.0,52.0,100.0,100.0,1763728728,,1.0
1wbkru48i1,treatment,1,posttest,1,0,,,,5.0,1.45,1wbkru48i1,36-45,male,high-school,budapest,none,completed,Synthetic Generator 2.0,1920x1080,799705,8,91,91,23,62,58,posttest_1,posttest,/annotation/post_experiment/1.png,,,,,,,,,,,,,,,,,,,,,,1763728731,0.0,
1wbkru48i1,treatment,1,posttest,2,0,,,,3.0,1.667,1wbkru48i1,36-45,male,high-school,budapest,none,completed,Synthetic Generator 2.0,1920x1080,799705,8,91,91,23,62,58,posttest_2,posttest,/annotation/post_experiment/2.png,,,,,,,,,,,,,,,,,,,,,,1763728734,0.0,
1wbkru48i1,treatment,1,posttest,3,1,,,,6.0,3.989,1wbkru48i1,36-45,male,high-school,budapest,none,completed,Synthetic Generator 2.0,1920x1080,799705,8,91,91,23,62,58,posttest_3,posttest,/annotation/post_experiment/3.png,,,,,,,,,,,,,,,,,,,,,,1763728739,1.0,
1wbkru48i1,treatment,1,posttest,4,1,,,,7.0,1.365,1wbkru48i1,36-45,male,high-school,budapest,none,completed,Synthetic Generator 2.0,1920x1080,799705,8,91,91,23,62,58,posttest_4,posttest,/annotation/post_experiment/4.png,,,,,,,,,,,,,,,,,,,,,,1763728741,1.0,
1wbkru48i1,treatment,1,posttest,5,0,,,,4.0,3.025,1wbkru48i1,36-45,male,high-school,budapest,none,completed,Synthetic Generator 2.0,1920x1080,799705,8,91,91,23,62,58,posttest_5,posttest,/annotation/post_experiment/5.png,,,,,,,,,,,,,,,,,,,,,,1763728745,0.0,
0o24cjgp1v,control,0,baseline,1,0,,,,2.0,3.007,0o24cjgp1v,18-25,female,elementary,village,none,completed,Synthetic Generator 2.0,1920x1080,211090,3,51,56,30,44,34,baseline_1,baseline,/annotation/baseline/1.png,,,,,,,,,,,,,,,,,,,,,,1763639009,0.0,
0o24cjgp1v,control,0,baseline,2,0,,,,7.0,4.239,0o24cjgp1v,18-25,female,elementary,village,none,completed,Synthetic Generator 2.0,1920x1080,211090,3,51,56,30,44,34,baseline_2,baseline,/annotation/baseline/2.png,,,,,,,,,,,,,,,,,,,,,,1763639015,0.0,
0o24cjgp1v,control,0,baseline,3,0,,,,7.0,3.987,0o24cjgp1v,18-25,female,elementary,village,none,completed,Synthetic Generator 2.0,1920x1080,211090,3,51,56,30,44,34,baseline_3,baseline,/annotation/baseline/3.png,,,,,,,,,,,,,,,,,,,,,,1763639020,0.0,
0o24cjgp1v,control,0,baseline,4,1,,,,2.0,2.05,0o24cjgp1v,18-25,female,elementary,village,none,completed,Synthetic Generator 2.0,1920x1080,211090,3,51,56,30,44,34,baseline_4,baseline,/annotation/baseline/4.png,,,,,,,,,,,,,,,,,,,,,,1763639023,1.0,
0o24cjgp1v,control,0,baseline,5,1,,,,2.0,3.731,0o24cjgp1v,18-25,female,elementary,village,none,completed,Synthetic Generator 2.0,1920x1080,211090,3,51,56,30,44,34,baseline_5,baseline,/annotation/baseline/5.png,,,,,,,,,,,,,,,,,,,,,,1763639027,1.0,
0o24cjgp1v,control,0,experiment,1,1,,,,7.0,2.767,0o24cjgp1v,18-25,female,elementary,village,none,completed,Synthetic Generator 2.0,1920x1080,211090,3,51,56,30,44,34,experiment_1,experiment,/annotation/experiment/1.png,,,,,,,,,,,,,,,,,,,,,,1763639031,1.0,
0o24cjgp1v,control,0,experiment,2,0,,,,1.0,3.814,0o24cjgp1v,18-25,female,elementary,village,none,completed,Synthetic Generator 2.0,1920x1080,211090,3,51,56,30,44,34,experiment_2,experiment,/annotation/experiment/2.png,,,,,,,,,,,,,,,,,,,,,,1763639036,0.0,
0o24cjgp1v,control,0,experiment,3,0,,,,1.0,1.996,0o24cjgp1v,18-25,female,elementary,village,none,completed,Synthetic Generator 2.0,1920x1080,211090,3,51,56,30,44,34,experiment_3,experiment,/annotation/experiment/3.png,,,,,,,,,,,,,,,,,,,,,,1763639039,0.0,
0o24cjgp1v,control,0,experiment,4,1,,,,7.0,4.299,0o24cjgp1v,18-25,female,elementary,village,none,completed,Synthetic Generator 2.0,1920x1080,211090,3,51,56,30,44,34,experiment_4,experiment,/annotation/experiment/4.png,,,,,,,,,,,,,,,,,,,,,,1763639044,1.0,
0o24cjgp1v,control,0,experiment,5,0,,,,6.0,4.875,0o24cjgp1v,18-25,female,elementary,village,none,completed,Synthetic Generator 2.0,1920x1080,211090,3,51,56,30,44,34,experiment_5,experiment,/annotation/experiment/5.png,,,,,,,,,,,,,,,,,,,,,,1763639050,0.0,
0o24cjgp1v,control,0,posttest,1,0,,,,4.0,4.192,0o24cjgp1v,18-25,female,elementary,village,none,completed,Synthetic Generator 2.0,1920x1080,211090,3,51,56,30,44,34,posttest_1,posttest,/annotation/post_experiment/1.png,,,,,,,,,,,,,,,,,,,,,,1763639055,0.0,
0o24cjgp1v,control,0,posttest,2,0,,,,2.0,1.184,0o24cjgp1v,18-25,female,elementary,village,none,completed,Synthetic Generator 2.0,1920x1080,211090,3,51,56,30,44,34,posttest_2,posttest,/annotation/post_experiment/2.png,,,,,,,,,,,,,,,,,,,,,,1763639058,0.0,
0o24cjgp1v,control,0,posttest,3,1,,,,1.0,4.116,0o24cjgp1v,18-25,female,elementary,village,none,completed,Synthetic Generator 2.0,1920x1080,211090,3,51,56,30,44,34,posttest_3,posttest,/annotation/post_experiment/3.png,,,,,,,,,,,,,,,,,,,,,,1763639063,1.0,
0o24cjgp1v,control,0,posttest,4,1,,,,2.0,4.396,0o24cjgp1v,18-25,female,elementary,village,none,completed,Synthetic Generator 2.0,1920x1080,211090,3,51,56,30,44,34,posttest_4,posttest,/annotation/post_experiment/4.png,,,,,,,,,,,,,,,,,,,,,,1763639068,1.0,
0o24cjgp1v,control,0,posttest,5,1,,,,4.0,3.199,0o24cjgp1v,18-25,female,elementary,village,none,completed,Synthetic Generator 2.0,1920x1080,211090,3,51,56,30,44,34,posttest_5,posttest,/annotation/post_experiment/5.png,,,,,,,,,,,,,,,,,,,,,,1763639072,1.0,
1mcd45enl4,treatment,1,baseline,1,0,,,,5.0,3.808,1mcd45enl4,26-35,male,bachelor,village,none,completed,Synthetic Generator 2.0,1920x1080,831837,7,71,72,39,86,49,baseline_1,baseline,/annotation/baseline/1.png,,,,,,,,,,,,,,,,,,,,,,1763680390,0.0,
1mcd45enl4,treatment,1,baseline,2,1,,,,4.0,2.43,1mcd45enl4,26-35,male,bachelor,village,none,completed,Synthetic Generator 2.0,1920x1080,831837,7,71,72,39,86,49,baseline_2,baseline,/annotation/baseline/2.png,,,,,,,,,,,,,,,,,,,,,,1763680394,1.0,
1mcd45enl4,treatment,1,baseline,3,0,,,,1.0,1.717,1mcd45enl4,26-35,male,bachelor,village,none,completed,Synthetic Generator 2.0,1920x1080,831837,7,71,72,39,86,49,baseline_3,baseline,/annotation/baseline/3.png,,,,,,,,,,,,,,,,,,,,,,1763680396,0.0,
1mcd45enl4,treatment,1,baseline,4,0,,,,7.0,3.319,1mcd45enl4,26-35,male,bachelor,village,none,completed,Synthetic Generator 2.0,1920x1080,831837,7,71,72,39,86,49,baseline_4,baseline,/annotation/baseline/4.png,,,,,,,,,,,,,,,,,,,,,,1763680401,0.0,
1mcd45enl4,treatment,1,baseline,5,1,,,,7.0,4.989,1mcd45enl4,26-35,male,bachelor,village,none,completed,Synthetic Generator 2.0,1920x1080,831837,7,71,72,39,86,49,baseline_5,baseline,/annotation/baseline/5.png,,,,,,,,,,,,,,,,,,,,,,1763680407,1.0,
1mcd45enl4,treatment,1,experiment,1,0,,,,,9.694,1mcd45enl4,26-35,male,bachelor,village,none,completed,Synthetic Generator 2.0,1920x1080,831837,7,71,72,39,86,49,experiment_1,experiment,/annotation/experiment/1.png,0.0,False,nincsen tünet,,7.0,7.0,,,,,,0.9407981100212349,0.0,,,,,,,,,1763680417,,0.0
1mcd45enl4,treatment,1,experiment,2,0,,,,,10.122,1mcd45enl4,26-35,male,bachelor,village,none,completed,Synthetic Generator 2.0,1920x1080,831837,7,71,72,39,86,49,experiment_2,experiment,/annotation/experiment/2.png,0.0,False,nincsen tünet,,6.0,7.0,,,,,,0.8828853745177442,0.0,,,,,,,,,1763680429,,0.0
1mcd45enl4,treatment,1,experiment,3,1,,,,,10.316,1mcd45enl4,26-35,male,bachelor,village,none,completed,Synthetic Generator 2.0,1920x1080,831837,7,71,72,39,86,49,experiment_3,experiment,/annotation/experiment/3.png,1.0,False,tünet,0.21502044482217747,1.0,3.0,,,,,,0.914951310738751,1.0,10.0,11.0,100.0,100.0,49.0,42.0,100.0,100.0,1763680440,,1.0
1mcd45enl4,treatment,1,experiment,4,1,,,,,11.348,1mcd45enl4,26-35,male,bachelor,village,none,completed,Synthetic Generator 2.0,1920x1080,831837,7,71,72,39,86,49,experiment_4,experiment,/annotation/experiment/4.png,1.0,False,tünet,0.39560404429808765,5.0,5.0,,,,,,0.8987028074715939,1.0,25.0,15.0,100.0,100.0,65.0,19.0,100.0,100.0,1763680452,,1.0
1mcd45enl4,treatment,1,experiment,5,1,,,,,10.622,1mcd45enl4,26-35,male,bachelor,village,none,completed,Synthetic Generator 2.0,1920x1080,831837,7,71,72,39,86,49,experiment_5,experiment,/annotation/experiment/5.png,1.0,False,tünet,0.08215141080759746,4.0,6.0,,,,,,0.953654111630043,1.0,16.0,91.0,100.0,100.0,10.0,18.0,100.0,100.0,1763680464,,1.0
1mcd45enl4,treatment,1,posttest,1,0,,,,7.0,4.073,1mcd45enl4,26-35,male,bachelor,village,none,completed,Synthetic Generator 2.0,1920x1080,831837,7,71,72,39,86,49,posttest_1,posttest,/annotation/post_experiment/1.png,,,,,,,,,,,,,,,,,,,,,,1763680469,0.0,
1mcd45enl4,treatment,1,posttest,2,1,,,,7.0,3.314,1mcd45enl4,26-35,male,bachelor,village,none,completed,Synthetic Generator 2.0,1920x1080,831837,7,71,72,39,86,49,posttest_2,posttest,/annotation/post_experiment/2.png,,,,,,,,,,,,,,,,,,,,,,1763680473,1.0,
1mcd45enl4,treatment,1,posttest,3,0,,,,5.0,3.601,1mcd45enl4,26-35,male,bachelor,village,none,completed,Synthetic Generator 2.0,1920x1080,831837,7,71,72,39,86,49,posttest_3,posttest,/annotation/post_experiment/3.png,,,,,,,,,,,,,,,,,,,,,,1763680478,0.0,
1mcd45enl4,treatment,1,posttest,4,1,,,,4.0,3.173,1mcd45enl4,26-35,male,bachelor,village,none,completed,Synthetic Generator 2.0,1920x1080,831837,7,71,72,39,86,49,posttest_4,posttest,/annotation/post_experiment/4.png,,,,,,,,,,,,,,,,,,,,,,1763680482,1.0,
1mcd45enl4,treatment,1,posttest,5,0,,,,7.0,3.569,1mcd45enl4,26-35,male,bachelor,village,none,completed,Synthetic Generator 2.0,1920x1080,831837,7,71,72,39,86,49,posttest_5,posttest,/annotation/post_experiment/5.png,,,,,,,,,,,,,,,,,,,,,,1763680487,0.0,
1gjejv09r3,treatment,1,baseline,1,0,,,,2.0,4.977,1gjejv09r3,36-45,female,elementary,county-seat,none,completed,Synthetic Generator 2.0,1920x1080,114002,10,77,77,38,62,47,baseline_1,baseline,/annotation/baseline/1.png,,,,,,,,,,,,,,,,,,,,,,1763705272,0.0,
1gjejv09r3,treatment,1,baseline,2,0,,,,1.0,2.894,1gjejv09r3,36-45,female,elementary,county-seat,none,completed,Synthetic Generator 2.0,1920x1080,114002,10,77,77,38,62,47,baseline_2,baseline,/annotation/baseline/2.png,,,,,,,,,,,,,,,,,,,,,,1763705276,0.0,
1gjejv09r3,treatment,1,baseline,3,0,,,,6.0,2.623,1gjejv09r3,36-45,female,elementary,county-seat,none,completed,Synthetic Generator 2.0,1920x1080,114002,10,77,77,38,62,47,baseline_3,baseline,/annotation/baseline/3.png,,,,,,,,,,,,,,,,,,,,,,1763705280,0.0,
1gjejv09r3,treatment,1,baseline,4,0,,,,2.0,4.905,1gjejv09r3,36-45,female,elementary,county-seat,none,completed,Synthetic Generator 2.0,1920x1080,114002,10,77,77,38,62,47,baseline_4,baseline,/annotation/baseline/4.png,,,,,,,,,,,,,,,,,,,,,,1763705286,0.0,
1gjejv09r3,treatment,1,baseline,5,1,,,,4.0,3.665,1gjejv09r3,36-45,female,elementary,county-seat,none,completed,Synthetic Generator 2.0,1920x1080,114002,10,77,77,38,62,47,baseline_5,baseline,/annotation/baseline/5.png,,,,,,,,,,,,,,,,,,,,,,1763705291,1.0,
1gjejv09r3,treatment,1,experiment,1,0,,,,,9.374,1gjejv09r3,36-45,female,elementary,county-seat,none,completed,Synthetic Generator 2.0,1920x1080,114002,10,77,77,38,62,47,experiment_1,experiment,/annotation/experiment/1.png,0.0,False,nincsen tünet,,7.0,7.0,,,,,,0.9864454314022155,0.0,,,,,,,,,1763705301,,0.0
1gjejv09r3,treatment,1,experiment,2,1,,,,,8.223,1gjejv09r3,36-45,female,elementary,county-seat,none,completed,Synthetic Generator 2.0,1920x1080,114002,10,77,77,38,62,47,experiment_2,experiment,/annotation/experiment/2.png,1.0,False,tünet,0.027322813712551974,2.0,2.0,,,,,,0.8872282787406935,0.0,,,,,16.0,64.0,100.0,100.0,1763705310,,1.0
1gjejv09r3,treatment,1,experiment,3,1,,,,,7.866,1gjejv09r3,36-45,female,elementary,county-seat,none,completed,Synthetic Generator 2.0,1920x1080,114002,10,77,77,38,62,47,experiment_3,experiment,/annotation/experiment/3.png,0.0,True,nincsen tünet,0.8438935919736401,3.0,3.0,,,,,,0.8886725941029437,1.0,34.0,28.0,100.0,100.0,88.0,51.0,100.0,100.0,1763705319,,1.0
1gjejv09r3,treatment,1,experiment,4,1,,,,,5.439,1gjejv09r3,36-45,female,elementary,county-seat,none,completed,Synthetic Generator 2.0,1920x1080,114002,10,77,77,38,62,47,experiment_4,experiment,/annotation/experiment/4.png,1.0,False,tünet,0.388077962166918,2.0,4.0,,,,,,0.95517985402185,1.0,8.0,100.0,100.0,100.0,5.0,85.0,100.0,100.0,1763705325,,1.0
1gjejv09r3,treatment,1,experiment,5,1,,,,,14.654,1gjejv09r3,36-45,female,elementary,county-seat,none,completed,Synthetic Generator 2.0,1920x1080,114002,10,77,77,38,62,47,experiment_5,experiment,/annotation/experiment/5.png,1.0,False,tünet,0.7912005934793724,4.0,5.0,,,,,,0.11695046443820634,0.0,,,,,4.0,4.0,100.0,100.0,1763705341,,1.0
1gjejv09r3,treatment,1,posttest,1,0,,,,7.0,3.972,1gjejv09r3,36-45,female,elementary,county-seat,none,completed,Synthetic Generator 2.0,1920x1080,114002,10,77,77,38,62,47,posttest_1,posttest,/annotation/post_experiment/1.png,,,,,,,,,,,,,,,,,,,,,,1763705346,0.0,
1gjejv09r3,treatment,1,posttest,2,1,,,,3.0,4.009,1gjejv09r3,36-45,female,elementary,county-seat,none,completed,Synthetic Generator 2.0,1920x1080,114002,10,77,77,38,62,47,posttest_2,posttest,/annotation/post_experiment/2.png,,,,,,,,,,,,,,,,,,,,,,1763705351,1.0,
1gjejv09r3,treatment,1,posttest,3,1,,,,5.0,2.814,1gjejv09r3,36-45,female,elementary,county-seat,none,completed,Synthetic Generator 2.0,1920x1080,114002,10,77,77,38,62,47,posttest_3,posttest,/annotation/post_experiment/3.png,,,,,,,,,,,,,,,,,,,,,,1763705355,1.0,
1gjejv09r3,treatment,1,posttest,4,1,,,,3.0,3.823,1gjejv09r3,36-45,female,elementary,county-seat,none,completed,Synthetic Generator 2.0,1920x1080,114002,10,77,77,38,62,47,posttest_4,posttest,/annotation/post_experiment/4.png,,,,,,,,,,,,,,,,,,,,,,1763705360,1.0,
1gjejv09r3,treatment,1,posttest,5,1,,,,6.0,4.156,1gjejv09r3,36-45,female,elementary,county-seat,none,completed,Synthetic Generator 2.0,1920x1080,114002,10,77,77,38,62,47,posttest_5,posttest,/annotation/post_experiment/5.png,,,,,,,,,,,,,,,,,,,,,,1763705365,1.0,
0ypeyvuun2,control,0,baseline,1,1,,,,2.0,4.686,0ypeyvuun2,36-45,female,phd,county-seat,none,completed,Synthetic Generator 2.0,1920x1080,666779,6,44,52,35,47,51,baseline_1,baseline,/annotation/baseline/1.png,,,,,,,,,,,,,,,,,,,,,,1763693415,1.0,
0ypeyvuun2,control,0,baseline,2,0,,,,3.0,2.537,0ypeyvuun2,36-45,female,phd,county-seat,none,completed,Synthetic Generator 2.0,1920x1080,666779,6,44,52,35,47,51,baseline_2,baseline,/annotation/baseline/2.png,,,,,,,,,,,,,,,,,,,,,,1763693419,0.0,
0ypeyvuun2,control,0,baseline,3,0,,,,5.0,1.641,0ypeyvuun2,36-45,female,phd,county-seat,none,completed,Synthetic Generator 2.0,1920x1080,666779,6,44,52,35,47,51,baseline_3,baseline,/annotation/baseline/3.png,,,,,,,,,,,,,,,,,,,,,,1763693421,0.0,
0ypeyvuun2,control,0,baseline,4,0,,,,3.0,3.079,0ypeyvuun2,36-45,female,phd,county-seat,none,completed,Synthetic Generator 2.0,1920x1080,666779,6,44,52,35,47,51,baseline_4,baseline,/annotation/baseline/4.png,,,,,,,,,,,,,,,,,,,,,,1763693425,0.0,
0ypeyvuun2,control,0,baseline,5,1,,,,3.0,1.876,0ypeyvuun2,36-45,female,phd,county-seat,none,completed,Synthetic Generator 2.0,1920x1080,666779,6,44,52,35,47,51,baseline_5,baseline,/annotation/baseline/5.png,,,,,,,,,,,,,,,,,,,,,,1763693428,1.0,
0ypeyvuun2,control,0,experiment,1,0,,,,7.0,2.935,0ypeyvuun2,36-45,female,phd,county-seat,none,completed,Synthetic Generator 2.0,1920x1080,666779,6,44,52,35,47,51,experiment_1,experiment,/annotation/experiment/1.png,,,,,,,,,,,,,,,,,,,,,,1763693432,0.0,
0ypeyvuun2,control,0,experiment,2,0,,,,6.0,3.318,0ypeyvuun2,36-45,female,phd,county-seat,none,completed,Synthetic Generator 2.0,1920x1080,666779,6,44,52,35,47,51,experiment_2,experiment,/annotation/experiment/2.png,,,,,,,,,,,,,,,,,,,,,,1763693437,0.0,
0ypeyvuun2,control,0,experiment,3,1,,,,3.0,2.412,0ypeyvuun2,36-45,female,phd,county-seat,none,completed,Synthetic Generator 2.0,1920x1080,666779,6,44,52,35,47,51,experiment_3,experiment,/annotation/experiment/3.png,,,,,,,,,,,,,,,,,,,,,,1763693440,1.0,
0ypeyvuun2,control,0,experiment,4,1,,,,1.0,1.07,0ypeyvuun2,36-45,female,phd,county-seat,none,completed,Synthetic Generator 2.0,1920x1080,666779,6,44,52,35,47,51,experiment_4,experiment,/annotation/experiment/4.png,,,,,,,,,,,,,,,,,,,,,,1763693442,1.0,
0ypeyvuun2,control,0,experiment,5,1,,,,3.0,1.187,0ypeyvuun2,36-45,female,phd,county-seat,none,completed,Synthetic Generator 2.0,1920x1080,666779,6,44,52,35,47,51,experiment_5,experiment,/annotation/experiment/5.png,,,,,,,,,,,,,,,,,,,,,,1763693444,1.0,
0ypeyvuun2,control,0,posttest,1,1,,,,7.0,4.935,0ypeyvuun2,36-45,female,phd,county-seat,none,completed,Synthetic Generator 2.0,1920x1080,666779,6,44,52,35,47,51,posttest_1,posttest,/annotation/post_experiment/1.png,,,,,,,,,,,,,,,,,,,,,,1763693450,1.0,
0ypeyvuun2,control,0,posttest,2,0,,,,4.0,3.439,0ypeyvuun2,36-45,female,phd,county-seat,none,completed,Synthetic Generator 2.0,1920x1080,666779,6,44,52,35,47,51,posttest_2,posttest,/annotation/post_experiment/2.png,,,,,,,,,,,,,,,,,,,,,,1763693455,0.0,
0ypeyvuun2,control,0,posttest,3,1,,,,4.0,4.536,0ypeyvuun2,36-45,female,phd,county-seat,none,completed,Synthetic Generator 2.0,1920x1080,666779,6,44,52,35,47,51,posttest_3,posttest,/annotation/post_experiment/3.png,,,,,,,,,,,,,,,,,,,,,,1763693460,1.0,
0ypeyvuun2,control,0,posttest,4,1,,,,6.0,2.071,0ypeyvuun2,36-45,female,phd,county-seat,none,completed,Synthetic Generator 2.0,1920x1080,666779,6,44,52,35,47,51,posttest_4,posttest,/annotation/post_experiment/4.png,,,,,,,,,,,,,,,,,,,,,,1763693463,1.0,
0ypeyvuun2,control,0,posttest,5,0,,,,1.0,2.551,0ypeyvuun2,36-45,female,phd,county-seat,none,completed,Synthetic Generator 2.0,1920x1080,666779,6,44,52,35,47,51,posttest_5,posttest,/annotation/post_experiment/5.png,,,,,,,,,,,,,,,,,,,,,,1763693467,0.0,
0n9cgpes4d,control,0,baseline,1,1,,,,2.0,4.925,0n9cgpes4d,26-35,female,masters,village,none,completed,Synthetic Generator 2.0,1920x1080,287125,5,50,74,43,30,41,baseline_1,baseline,/annotation/baseline/1.png,,,,,,,,,,,,,,,,,,,,,,1763678898,1.0,
0n9cgpes4d,control,0,baseline,2,1,,,,7.0,2.465,0n9cgpes4d,26-35,female,masters,village,none,completed,Synthetic Generator 2.0,1920x1080,287125,5,50,74,43,30,41,baseline_2,baseline,/annotation/baseline/2.png,,,,,,,,,,,,,,,,,,,,,,1763678902,1.0,
0n9cgpes4d,control,0,baseline,3,1,,,,5.0,2.785,0n9cgpes4d,26-35,female,masters,village,none,completed,Synthetic Generator 2.0,1920x1080,287125,5,50,74,43,30,41,baseline_3,baseline,/annotation/baseline/3.png,,,,,,,,,,,,,,,,,,,,,,1763678906,1.0,
0n9cgpes4d,control,0,baseline,4,0,,,,7.0,4.523,0n9cgpes4d,26-35,female,masters,village,none,completed,Synthetic Generator 2.0,1920x1080,287125,5,50,74,43,30,41,baseline_4,baseline,/annotation/baseline/4.png,,,,,,,,,,,,,,,,,,,,,,1763678911,0.0,
0n9cgpes4d,control,0,baseline,5,1,,,,7.0,4.333,0n9cgpes4d,26-35,female,masters,village,none,completed,Synthetic Generator 2.0,1920x1080,287125,5,50,74,43,30,41,baseline_5,baseline,/annotation/baseline/5.png,,,,,,,,,,,,,,,,,,,,,,1763678916,1.0,
0n9cgpes4d,control,0,experiment,1,1,,,,1.0,2.805,0n9cgpes4d,26-35,female,masters,village,none,completed,Synthetic Generator 2.0,1920x1080,287125,5,50,74,43,30,41,experiment_1,experiment,/annotation/experiment/1.png,,,,,,,,,,,,,,,,,,,,,,1763678920,1.0,
0n9cgpes4d,control,0,experiment,2,1,,,,5.0,2.479,0n9cgpes4d,26-35,female,masters,village,none,completed,Synthetic Generator 2.0,1920x1080,287125,5,50,74,43,30,41,experiment_2,experiment,/annotation/experiment/2.png,,,,,,,,,,,,,,,,,,,,,,1763678924,1.0,
0n9cgpes4d,control,0,experiment,3,0,,,,1.0,2.606,0n9cgpes4d,26-35,female,masters,village,none,completed,Synthetic Generator 2.0,1920x1080,287125,5,50,74,43,30,41,experiment_3,experiment,/annotation/experiment/3.png,,,,,,,,,,,,,,,,,,,,,,1763678927,0.0,
0n9cgpes4d,control,0,experiment,4,1,,,,2.0,3.712,0n9cgpes4d,26-35,female,masters,village,none,completed,Synthetic Generator 2.0,1920x1080,287125,5,50,74,43,30,41,experiment_4,experiment,/annotation/experiment/4.png,,,,,,,,,,,,,,,,,,,,,,1763678932,1.0,
0n9cgpes4d,control,0,experiment,5,0,,,,1.0,1.753,0n9cgpes4d,26-35,female,masters,village,none,completed,Synthetic Generator 2.0,1920x1080,287125,5,50,74,43,30,41,experiment_5,experiment,/annotation/experiment/5.png,,,,,,,,,,,,,,,,,,,,,,1763678935,0.0,
0n9cgpes4d,control,0,posttest,1,1,,,,2.0,1.243,0n9cgpes4d,26-35,female,masters,village,none,completed,Synthetic Generator 2.0,1920x1080,287125,5,50,74,43,30,41,posttest_1,posttest,/annotation/post_experiment/1.png,,,,,,,,,,,,,,,,,,,,,,1763678937,1.0,
0n9cgpes4d,control,0,posttest,2,0,,,,5.0,3.799,0n9cgpes4d,26-35,female,masters,village,none,completed,Synthetic Generator 2.0,1920x1080,287125,5,50,74,43,30,41,posttest_2,posttest,/annotation/post_experiment/2.png,,,,,,,,,,,,,,,,,,,,,,1763678942,0.0,
0n9cgpes4d,control,0,posttest,3,1,,,,1.0,4.874,0n9cgpes4d,26-35,female,masters,village,none,completed,Synthetic Generator 2.0,1920x1080,287125,5,50,74,43,30,41,posttest_3,posttest,/annotation/post_experiment/3.png,,,,,,,,,,,,,,,,,,,,,,1763678948,1.0,
0n9cgpes4d,control,0,posttest,4,1,,,,7.0,4.212,0n9cgpes4d,26-35,female,masters,village,none,completed,Synthetic Generator 2.0,1920x1080,287125,5,50,74,43,30,41,posttest_4,posttest,/annotation/post_experiment/4.png,,,,,,,,,,,,,,,,,,,,,,1763678953,1.0,
0n9cgpes4d,control,0,posttest,5,0,,,,3.0,2.935,0n9cgpes4d,26-35,female,masters,village,none,completed,Synthetic Generator 2.0,1920x1080,287125,5,50,74,43,30,41,posttest_5,posttest,/annotation/post_experiment/5.png,,,,,,,,,,,,,,,,,,,,,,1763678957,0.0,
1um0mtibp3,treatment,1,baseline,1,1,,,,5.0,2.006,1um0mtibp3,18-25,female,elementary,county-seat,none,completed,Synthetic Generator 2.0,1920x1080,734611,9,89,74,31,51,36,baseline_1,baseline,/annotation/baseline/1.png,,,,,,,,,,,,,,,,,,,,,,1763716112,1.0,
1um0mtibp3,treatment,1,baseline,2,1,,,,3.0,3.919,1um0mtibp3,18-25,female,elementary,county-seat,none,completed,Synthetic Generator 2.0,1920x1080,734611,9,89,74,31,51,36,baseline_2,baseline,/annotation/baseline/2.png,,,,,,,,,,,,,,,,,,,,,,1763716117,1.0,
1um0mtibp3,treatment,1,baseline,3,1,,,,3.0,1.052,1um0mtibp3,18-25,female,elementary,county-seat,none,completed,Synthetic Generator 2.0,1920x1080,734611,9,89,74,31,51,36,baseline_3,baseline,/annotation/baseline/3.png,,,,,,,,,,,,,,,,,,,,,,1763716119,1.0,
1um0mtibp3,treatment,1,baseline,4,1,,,,2.0,4.805,1um0mtibp3,18-25,female,elementary,county-seat,none,completed,Synthetic Generator 2.0,1920x1080,734611,9,89,74,31,51,36,baseline_4,baseline,/annotation/baseline/4.png,,,,,,,,,,,,,,,,,,,,,,1763716125,1.0,
1um0mtibp3,treatment,1,baseline,5,1,,,,3.0,3.998,1um0mtibp3,18-25,female,elementary,county-seat,none,completed,Synthetic Generator 2.0,1920x1080,734611,9,89,74,31,51,36,baseline_5,baseline,/annotation/baseline/5.png,,,,,,,,,,,,,,,,,,,,,,1763716130,1.0,
1um0mtibp3,treatment,1,experiment,1,0,,,,,13.282,1um0mtibp3,18-25,female,elementary,county-seat,none,completed,Synthetic Generator 2.0,1920x1080,734611,9,89,74,31,51,36,experiment_1,experiment,/annotation/experiment/1.png,0.0,False,nincsen tünet,,4.0,6.0,,,,,,0.9384207769633299,0.0,,,,,,,,,1763716145,,0.0
1um0mtibp3,treatment,1,experiment,2,0,,,,,13.604,1um0mtibp3,18-25,female,elementary,county-seat,none,completed,Synthetic Generator 2.0,1920x1080,734611,9,89,74,31,51,36,experiment_2,experiment,/annotation/experiment/2.png,0.0,False,nincsen tünet,,4.0,4.0,,,,,,0.9784588888961171,0.0,,,,,,,,,1763716159,,0.0
1um0mtibp3,treatment,1,experiment,3,1,,,,,8.286,1um0mtibp3,18-25,female,elementary,county-seat,none,completed,Synthetic Generator 2.0,1920x1080,734611,9,89,74,31,51,36,experiment_3,experiment,/annotation/experiment/3.png,1.0,False,tünet,0.5727049803838808,7.0,7.0,,,,,,0.9304601856867326,1.0,83.0,93.0,100.0,100.0,41.0,33.0,100.0,100.0,1763716168,,1.0
1um0mtibp3,treatment,1,experiment,4,1,,,,,13.331,1um0mtibp3,18-25,female,elementary,county-seat,none,completed,Synthetic Generator 2.0,1920x1080,734611,9,89,74,31,51,36,experiment_4,experiment,/annotation/experiment/4.png,1.0,False,tünet,0.4747385468976215,5.0,5.0,,,,,,0.8562475858593572,1.0,89.0,76.0,100.0,100.0,10.0,64.0,100.0,100.0,1763716183,,1.0
1um0mtibp3,treatment,1,experiment,5,1,,,,,14.137,1um0mtibp3,18-25,female,elementary,county-seat,none,completed,Synthetic Generator 2.0,1920x1080,734611,9,89,74,31,51,36,experiment_5,experiment,/annotation/experiment/5.png,1.0,False,tünet,0.22151109161267868,4.0,6.0,,,,,,0.9258651678007644,1.0,20.0,45.0,100.0,100.0,82.0,78.0,100.0,100.0,1763716198,,1.0
1um0mtibp3,treatment,1,posttest,1,0,,,,6.0,3.963,1um0mtibp3,18-25,female,elementary,county-seat,none,completed,Synthetic Generator 2.0,1920x1080,734611,9,89,74,31,51,36,posttest_1,posttest,/annotation/post_experiment/1.png,,,,,,,,,,,,,,,,,,,,,,1763716203,0.0,
1um0mtibp3,treatment,1,posttest,2,1,,,,5.0,2.188,1um0mtibp3,18-25,female,elementary,county-seat,none,completed,Synthetic Generator 2.0,1920x1080,734611,9,89,74,31,51,36,posttest_2,posttest,/annotation/post_experiment/2.png,,,,,,,,,,,,,,,,,,,,,,1763716206,1.0,
1um0mtibp3,treatment,1,posttest,3,0,,,,7.0,1.085,1um0mtibp3,18-25,female,elementary,county-seat,none,completed,Synthetic Generator 2.0,1920x1080,734611,9,89,74,31,51,36,posttest_3,posttest,/annotation/post_experiment/3.png,,,,,,,,,,,,,,,,,,,,,,1763716208,0.0,
1um0mtibp3,treatment,1,posttest,4,1,,,,5.0,4.394,1um0mtibp3,18-25,female,elementary,county-seat,none,completed,Synthetic Generator 2.0,1920x1080,734611,9,89,74,31,51,36,posttest_4,posttest,/annotation/post_experiment/4.png,,,,,,,,,,,,,,,,,,,,,,1763716213,1.0,
1um0mtibp3,treatment,1,posttest,5,1,,,,7.0,1.209,1um0mtibp3,18-25,female,elementary,county-seat,none,completed,Synthetic Generator 2.0,1920x1080,734611,9,89,74,31,51,36,posttest_5,posttest,/annotation/post_experiment/5.png,,,,,,,,,,,,,,,,,,,,,,1763716216,1.0,
1fb50zo4sv,treatment,1,baseline,1,1,,,,6.0,3.031,1fb50zo4sv,26-35,female,bachelor,village,none,completed,Synthetic Generator 2.0,1920x1080,834595,7,91,78,50,22,88,baseline_1,baseline,/annotation/baseline/1.png,,,,,,,,,,,,,,,,,,,,,,1763666171,1.0,
1fb50zo4sv,treatment,1,baseline,2,1,,,,5.0,3.072,1fb50zo4sv,26-35,female,bachelor,village,none,completed,Synthetic Generator 2.0,1920x1080,834595,7,91,78,50,22,88,baseline_2,baseline,/annotation/baseline/2.png,,,,,,,,,,,,,,,,,,,,,,1763666176,1.0,
1fb50zo4sv,treatment,1,baseline,3,0,,,,4.0,4.412,1fb50zo4sv,26-35,female,bachelor,village,none,completed,Synthetic Generator 2.0,1920x1080,834595,7,91,78,50,22,88,baseline_3,baseline,/annotation/baseline/3.png,,,,,,,,,,,,,,,,,,,,,,1763666181,0.0,
1fb50zo4sv,treatment,1,baseline,4,1,,,,6.0,3.842,1fb50zo4sv,26-35,female,bachelor,village,none,completed,Synthetic Generator 2.0,1920x1080,834595,7,91,78,50,22,88,baseline_4,baseline,/annotation/baseline/4.png,,,,,,,,,,,,,,,,,,,,,,1763666186,1.0,
1fb50zo4sv,treatment,1,baseline,5,1,,,,4.0,3.753,1fb50zo4sv,26-35,female,bachelor,village,none,completed,Synthetic Generator 2.0,1920x1080,834595,7,91,78,50,22,88,baseline_5,baseline,/annotation/baseline/5.png,,,,,,,,,,,,,,,,,,,,,,1763666191,1.0,
1fb50zo4sv,treatment,1,experiment,1,0,,,,,8.644,1fb50zo4sv,26-35,female,bachelor,village,none,completed,Synthetic Generator 2.0,1920x1080,834595,7,91,78,50,22,88,experiment_1,experiment,/annotation/experiment/1.png,0.0,False,nincsen tünet,,4.0,4.0,,,,,,0.8565824875945339,0.0,,,,,,,,,1763666200,,0.0
1fb50zo4sv,treatment,1,experiment,2,1,,,,,8.052,1fb50zo4sv,26-35,female,bachelor,village,none,completed,Synthetic Generator 2.0,1920x1080,834595,7,91,78,50,22,88,experiment_2,experiment,/annotation/experiment/2.png,1.0,False,tünet,0.8486640044285299,6.0,7.0,,,,,,0.8998654594201724,0.0,,,,,50.0,65.0,100.0,100.0,1763666209,,1.0
1fb50zo4sv,treatment,1,experiment,3,1,,,,,8.237,1fb50zo4sv,26-35,female,bachelor,village,none,completed,Synthetic Generator 2.0,1920x1080,834595,7,91,78,50,22,88,experiment_3,experiment,/annotation/experiment/3.png,1.0,False,tünet,0.21952677641069096,7.0,7.0,,,,,,0.8684568310723177,1.0,1.0,61.0,100.0,100.0,32.0,40.0,100.0,100.0,1763666218,,1.0
1fb50zo4sv,treatment,1,experiment,4,1,,,,,5.114,1fb50zo4sv,26-35,female,bachelor,village,none,completed,Synthetic Generator 2.0,1920x1080,834595,7,91,78,50,22,88,experiment_4,experiment,/annotation/experiment/4.png,0.0,True,nincsen tünet,0.21146455234176909,7.0,7.0,,,,,,0.9453046859544029,1.0,68.0,26.0,100.0,100.0,55.0,42.0,100.0,100.0,1763666225,,1.0
1fb50zo4sv,treatment,1,experiment,5,0,,,,,6.385,1fb50zo4sv,26-35,female,bachelor,village,none,completed,Synthetic Generator 2.0,1920x1080,834595,7,91,78,50,22,88,experiment_5,experiment,/annotation/experiment/5.png,0.0,False,nincsen tünet,,4.0,4.0,,,,,,0.39079506718339174,0.0,,,,,,,,,1763666232,,0.0
1fb50zo4sv,treatment,1,posttest,1,0,,,,5.0,2.536,1fb50zo4sv,26-35,female,bachelor,village,none,completed,Synthetic Generator 2.0,1920x1080,834595,7,91,78,50,22,88,posttest_1,posttest,/annotation/post_experiment/1.png,,,,,,,,,,,,,,,,,,,,,,1763666236,0.0,
1fb50zo4sv,treatment,1,posttest,2,0,,,,5.0,4.634,1fb50zo4sv,26-35,female,bachelor,village,none,completed,Synthetic Generator 2.0,1920x1080,834595,7,91,78,50,22,88,posttest_2,posttest,/annotation/post_experiment/2.png,,,,,,,,,,,,,,,,,,,,,,1763666241,0.0,
1fb50zo4sv,treatment,1,posttest,3,0,,,,7.0,4.299,1fb50zo4sv,26-35,female,bachelor,village,none,completed,Synthetic Generator 2.0,1920x1080,834595,7,91,78,50,22,88,posttest_3,posttest,/annotation/post_experiment/3.png,,,,,,,,,,,,,,,,,,,,,,1763666246,0.0,
1fb50zo4sv,treatment,1,posttest,4,1,,,,6.0,4.15,1fb50zo4sv,26-35,female,bachelor,village,none,completed,Synthetic Generator 2.0,1920x1080,834595,7,91,78,50,22,88,posttest_4,posttest,/annotation/post_experiment/4.png,,,,,,,,,,,,,,,,,,,,,,1763666252,1.0,
1fb50zo4sv,treatment,1,posttest,5,0,,,,6.0,4.091,1fb50zo4sv,26-35,female,bachelor,village,none,completed,Synthetic Generator 2.0,1920x1080,834595,7,91,78,50,22,88,posttest_5,posttest,/annotation/post_experiment/5.png,,,,,,,,,,,,,,,,,,,,,,1763666257,0.0,
1jkeutngiw,treatment,1,baseline,1,1,,,,6.0,1.613,1jkeutngiw,36-45,female,elementary,budapest,none,completed,Synthetic Generator 2.0,1920x1080,409408,7,63,61,26,27,64,baseline_1,baseline,/annotation/baseline/1.png,,,,,,,,,,,,,,,,,,,,,,1763641676,1.0,
1jkeutngiw,treatment,1,baseline,2,1,,,,6.0,2.157,1jkeutngiw,36-45,female,elementary,budapest,none,completed,Synthetic Generator 2.0,1920x1080,409408,7,63,61,26,27,64,baseline_2,baseline,/annotation/baseline/2.png,,,,,,,,,,,,,,,,,,,,,,1763641679,1.0,
1jkeutngiw,treatment,1,baseline,3,0,,,,6.0,4.389,1jkeutngiw,36-45,female,elementary,budapest,none,completed,Synthetic Generator 2.0,1920x1080,409408,7,63,61,26,27,64,baseline_3,baseline,/annotation/baseline/3.png,,,,,,,,,,,,,,,,,,,,,,1763641685,0.0,
1jkeutngiw,treatment,1,baseline,4,1,,,,2.0,2.737,1jkeutngiw,36-45,female,elementary,budapest,none,completed,Synthetic Generator 2.0,1920x1080,409408,7,63,61,26,27,64,baseline_4,baseline,/annotation/baseline/4.png,,,,,,,,,,,,,,,,,,,,,,1763641688,1.0,
1jkeutngiw,treatment,1,baseline,5,1,,,,6.0,4.776,1jkeutngiw,36-45,female,elementary,budapest,none,completed,Synthetic Generator 2.0,1920x1080,409408,7,63,61,26,27,64,baseline_5,baseline,/annotation/baseline/5.png,,,,,,,,,,,,,,,,,,,,,,1763641694,1.0,
1jkeutngiw,treatment,1,experiment,1,0,,,,,9.917,1jkeutngiw,36-45,female,elementary,budapest,none,completed,Synthetic Generator 2.0,1920x1080,409408,7,63,61,26,27,64,experiment_1,experiment,/annotation/experiment/1.png,0.0,False,nincsen tünet,,3.0,5.0,,,,,,0.9362526946685867,0.0,,,,,,,,,1763641705,,0.0
1jkeutngiw,treatment,1,experiment,2,0,,,,,11.785,1jkeutngiw,36-45,female,elementary,budapest,none,completed,Synthetic Generator 2.0,1920x1080,409408,7,63,61,26,27,64,experiment_2,experiment,/annotation/experiment/2.png,0.0,False,nincsen tünet,,7.0,7.0,,,,,,0.9435563006207829,0.0,,,,,,,,,1763641718,,0.0
1jkeutngiw,treatment,1,experiment,3,1,,,,,5.985,1jkeutngiw,36-45,female,elementary,budapest,none,completed,Synthetic Generator 2.0,1920x1080,409408,7,63,61,26,27,64,experiment_3,experiment,/annotation/experiment/3.png,1.0,False,tünet,0.13400480428143535,6.0,7.0,,,,,,0.9365635087982669,1.0,54.0,87.0,100.0,100.0,39.0,89.0,100.0,100.0,1763641725,,1.0
1jkeutngiw,treatment,1,experiment,4,1,,,,,5.67,1jkeutngiw,36-45,female,elementary,budapest,none,completed,Synthetic Generator 2.0,1920x1080,409408,7,63,61,26,27,64,experiment_4,experiment,/annotation/experiment/4.png,1.0,False,tünet,0.6434162039596933,6.0,7.0,,,,,,0.9683781371587807,1.0,39.0,88.0,100.0,100.0,34.0,54.0,100.0,100.0,1763641731,,1.0
1jkeutngiw,treatment,1,experiment,5,0,,,,,9.175,1jkeutngiw,36-45,female,elementary,budapest,none,completed,Synthetic Generator 2.0,1920x1080,409408,7,63,61,26,27,64,experiment_5,experiment,/annotation/experiment/5.png,0.0,False,nincsen tünet,,6.0,6.0,,,,,,0.226045634146413,0.0,,,,,,,,,1763641742,,0.0
1jkeutngiw,treatment,1,posttest,1,1,,,,5.0,3.995,1jkeutngiw,36-45,female,elementary,budapest,none,completed,Synthetic Generator 2.0,1920x1080,409408,7,63,61,26,27,64,posttest_1,posttest,/annotation/post_experiment/1.png,,,,,,,,,,,,,,,,,,,,,,1763641747,1.0,
1jkeutngiw,treatment,1,posttest,2,0,,,,7.0,3.069,1jkeutngiw,36-45,female,elementary,budapest,none,completed,Synthetic Generator 2.0,1920x1080,409408,7,63,61,26,27,64,posttest_2,posttest,/annotation/post_experiment/2.png,,,,,,,,,,,,,,,,,,,,,,1763641751,0.0,
1jkeutngiw,treatment,1,posttest,3,1,,,,4.0,4.838,1jkeutngiw,36-45,female,elementary,budapest,none,completed,Synthetic Generator 2.0,1920x1080,409408,7,63,61,26,27,64,posttest_3,posttest,/annotation/post_experiment/3.png,,,,,,,,,,,,,,,,,,,,,,1763641757,1.0,
1jkeutngiw,treatment,1,posttest,4,0,,,,6.0,2.236,1jkeutngiw,36-45,female,elementary,budapest,none,completed,Synthetic Generator 2.0,1920x1080,409408,7,63,61,26,27,64,posttest_4,posttest,/annotation/post_experiment/4.png,,,,,,,,,,,,,,,,,,,,,,1763641760,0.0,
1jkeutngiw,treatment,1,posttest,5,1,,,,7.0,1.491,1jkeutngiw,36-45,female,elementary,budapest,none,completed,Synthetic Generator 2.0,1920x1080,409408,7,63,61,26,27,64,posttest_5,posttest,/annotation/post_experiment/5.png,,,,,,,,,,,,,,,,,,,,,,1763641762,1.0,
0m2eaa4iog,control,0,baseline,1,0,,,,2.0,2.263,0m2eaa4iog,18-25,male,masters,budapest,none,completed,Synthetic Generator 2.0,1920x1080,962067,6,53,45,69,88,63,baseline_1,baseline,/annotation/baseline/1.png,,,,,,,,,,,,,,,,,,,,,,1763662993,0.0,
0m2eaa4iog,control,0,baseline,2,0,,,,4.0,2.203,0m2eaa4iog,18-25,male,masters,budapest,none,completed,Synthetic Generator 2.0,1920x1080,962067,6,53,45,69,88,63,baseline_2,baseline,/annotation/baseline/2.png,,,,,,,,,,,,,,,,,,,,,,1763662996,0.0,
0m2eaa4iog,control,0,baseline,3,0,,,,3.0,2.751,0m2eaa4iog,18-25,male,masters,budapest,none,completed,Synthetic Generator 2.0,1920x1080,962067,6,53,45,69,88,63,baseline_3,baseline,/annotation/baseline/3.png,,,,,,,,,,,,,,,,,,,,,,1763663000,0.0,
0m2eaa4iog,control,0,baseline,4,0,,,,2.0,2.735,0m2eaa4iog,18-25,male,masters,budapest,none,completed,Synthetic Generator 2.0,1920x1080,962067,6,53,45,69,88,63,baseline_4,baseline,/annotation/baseline/4.png,,,,,,,,,,,,,,,,,,,,,,1763663003,0.0,
0m2eaa4iog,control,0,baseline,5,0,,,,2.0,4.586,0m2eaa4iog,18-25,male,masters,budapest,none,completed,Synthetic Generator 2.0,1920x1080,962067,6,53,45,69,88,63,baseline_5,baseline,/annotation/baseline/5.png,,,,,,,,,,,,,,,,,,,,,,1763663009,0.0,
0m2eaa4iog,control,0,experiment,1,1,,,,5.0,3.832,0m2eaa4iog,18-25,male,masters,budapest,none,completed,Synthetic Generator 2.0,1920x1080,962067,6,53,45,69,88,63,experiment_1,experiment,/annotation/experiment/1.png,,,,,,,,,,,,,,,,,,,,,,1763663014,1.0,
0m2eaa4iog,control,0,experiment,2,1,,,,1.0,4.979,0m2eaa4iog,18-25,male,masters,budapest,none,completed,Synthetic Generator 2.0,1920x1080,962067,6,53,45,69,88,63,experiment_2,experiment,/annotation/experiment/2.png,,,,,,,,,,,,,,,,,,,,,,1763663020,1.0,
0m2eaa4iog,control,0,experiment,3,1,,,,2.0,4.339,0m2eaa4iog,18-25,male,masters,budapest,none,completed,Synthetic Generator 2.0,1920x1080,962067,6,53,45,69,88,63,experiment_3,experiment,/annotation/experiment/3.png,,,,,,,,,,,,,,,,,,,,,,1763663025,1.0,
0m2eaa4iog,control,0,experiment,4,1,,,,7.0,4.575,0m2eaa4iog,18-25,male,masters,budapest,none,completed,Synthetic Generator 2.0,1920x1080,962067,6,53,45,69,88,63,experiment_4,experiment,/annotation/experiment/4.png,,,,,,,,,,,,,,,,,,,,,,1763663031,1.0,
0m2eaa4iog,control,0,experiment,5,1,,,,1.0,2.132,0m2eaa4iog,18-25,male,masters,budapest,none,completed,Synthetic Generator 2.0,1920x1080,962067,6,53,45,69,88,63,experiment_5,experiment,/annotation/experiment/5.png,,,,,,,,,,,,,,,,,,,,,,1763663034,1.0,
0m2eaa4iog,control,0,posttest,1,0,,,,2.0,2.598,0m2eaa4iog,18-25,male,masters,budapest,none,completed,Synthetic Generator 2.0,1920x1080,962067,6,53,45,69,88,63,posttest_1,posttest,/annotation/post_experiment/1.png,,,,,,,,,,,,,,,,,,,,,,1763663037,0.0,
0m2eaa4iog,control,0,posttest,2,1,,,,7.0,3.296,0m2eaa4iog,18-25,male,masters,budapest,none,completed,Synthetic Generator 2.0,1920x1080,962067,6,53,45,69,88,63,posttest_2,posttest,/annotation/post_experiment/2.png,,,,,,,,,,,,,,,,,,,,,,1763663042,1.0,
0m2eaa4iog,control,0,posttest,3,1,,,,5.0,2.907,0m2eaa4iog,18-25,male,masters,budapest,none,completed,Synthetic Generator 2.0,1920x1080,962067,6,53,45,69,88,63,posttest_3,posttest,/annotation/post_experiment/3.png,,,,,,,,,,,,,,,,,,,,,,1763663046,1.0,
0m2eaa4iog,control,0,posttest,4,1,,,,2.0,1.374,0m2eaa4iog,18-25,male,masters,budapest,none,completed,Synthetic Generator 2.0,1920x1080,962067,6,53,45,69,88,63,posttest_4,posttest,/annotation/post_experiment/4.png,,,,,,,,,,,,,,,,,,,,,,1763663048,1.0,
0m2eaa4iog,control,0,posttest,5,0,,,,6.0,4.79,0m2eaa4iog,18-25,male,masters,budapest,none,completed,Synthetic Generator 2.0,1920x1080,962067,6,53,45,69,88,63,posttest_5,posttest,/annotation/post_experiment/5.png,,,,,,,,,,,,,,,,,,,,,,1763663054,0.0,
0zlt0plduk,control,0,baseline,1,0,,,,5.0,2.344,0zlt0plduk,26-35,female,bachelor,budapest,none,completed,Synthetic Generator 2.0,1920x1080,290744,5,45,62,31,20,58,baseline_1,baseline,/annotation/baseline/1.png,,,,,,,,,,,,,,,,,,,,,,1763708448,0.0,
0zlt0plduk,control,0,baseline,2,0,,,,5.0,1.74,0zlt0plduk,26-35,female,bachelor,budapest,none,completed,Synthetic Generator 2.0,1920x1080,290744,5,45,62,31,20,58,baseline_2,baseline,/annotation/baseline/2.png,,,,,,,,,,,,,,,,,,,,,,1763708451,0.0,
0zlt0plduk,control,0,baseline,3,1,,,,2.0,1.513,0zlt0plduk,26-35,female,bachelor,budapest,none,completed,Synthetic Generator 2.0,1920x1080,290744,5,45,62,31,20,58,baseline_3,baseline,/annotation/baseline/3.png,,,,,,,,,,,,,,,,,,,,,,1763708453,1.0,
0zlt0plduk,control,0,baseline,4,0,,,,3.0,4.044,0zlt0plduk,26-35,female,bachelor,budapest,none,completed,Synthetic Generator 2.0,1920x1080,290744,5,45,62,31,20,58,baseline_4,baseline,/annotation/baseline/4.png,,,,,,,,,,,,,,,,,,,,,,1763708458,0.0,
0zlt0plduk,control,0,baseline,5,1,,,,3.0,4.35,0zlt0plduk,26-35,female,bachelor,budapest,none,completed,Synthetic Generator 2.0,1920x1080,290744,5,45,62,31,20,58,baseline_5,baseline,/annotation/baseline/5.png,,,,,,,,,,,,,,,,,,,,,,1763708463,1.0,
0zlt0plduk,control,0,experiment,1,0,,,,3.0,4.79,0zlt0plduk,26-35,female,bachelor,budapest,none,completed,Synthetic Generator 2.0,1920x1080,290744,5,45,62,31,20,58,experiment_1,experiment,/annotation/experiment/1.png,,,,,,,,,,,,,,,,,,,,,,1763708469,0.0,
0zlt0plduk,control,0,experiment,2,0,,,,3.0,3.843,0zlt0plduk,26-35,female,bachelor,budapest,none,completed,Synthetic Generator 2.0,1920x1080,290744,5,45,62,31,20,58,experiment_2,experiment,/annotation/experiment/2.png,,,,,,,,,,,,,,,,,,,,,,1763708474,0.0,
0zlt0plduk,control,0,experiment,3,1,,,,6.0,4.318,0zlt0plduk,26-35,female,bachelor,budapest,none,completed,Synthetic Generator 2.0,1920x1080,290744,5,45,62,31,20,58,experiment_3,experiment,/annotation/experiment/3.png,,,,,,,,,,,,,,,,,,,,,,1763708479,1.0,
0zlt0plduk,control,0,experiment,4,0,,,,2.0,2.164,0zlt0plduk,26-35,female,bachelor,budapest,none,completed,Synthetic Generator 2.0,1920x1080,290744,5,45,62,31,20,58,experiment_4,experiment,/annotation/experiment/4.png,,,,,,,,,,,,,,,,,,,,,,1763708483,0.0,
0zlt0plduk,control,0,experiment,5,0,,,,7.0,4.071,0zlt0plduk,26-35,female,bachelor,budapest,none,completed,Synthetic Generator 2.0,1920x1080,290744,5,45,62,31,20,58,experiment_5,experiment,/annotation/experiment/5.png,,,,,,,,,,,,,,,,,,,,,,1763708488,0.0,
0zlt0plduk,control,0,posttest,1,0,,,,2.0,1.151,0zlt0plduk,26-35,female,bachelor,budapest,none,completed,Synthetic Generator 2.0,1920x1080,290744,5,45,62,31,20,58,posttest_1,posttest,/annotation/post_experiment/1.png,,,,,,,,,,,,,,,,,,,,,,1763708490,0.0,
0zlt0plduk,control,0,posttest,2,1,,,,7.0,2.108,0zlt0plduk,26-35,female,bachelor,budapest,none,completed,Synthetic Generator 2.0,1920x1080,290744,5,45,62,31,20,58,posttest_2,posttest,/annotation/post_experiment/2.png,,,,,,,,,,,,,,,,,,,,,,1763708493,1.0,
0zlt0plduk,control,0,posttest,3,1,,,,6.0,4.943,0zlt0plduk,26-35,female,bachelor,budapest,none,completed,Synthetic Generator 2.0,1920x1080,290744,5,45,62,31,20,58,posttest_3,posttest,/annotation/post_experiment/3.png,,,,,,,,,,,,,,,,,,,,,,1763708499,1.0,
0zlt0plduk,control,0,posttest,4,1,,,,2.0,1.131,0zlt0plduk,26-35,female,bachelor,budapest,none,completed,Synthetic Generator 2.0,1920x1080,290744,5,45,62,31,20,58,posttest_4,posttest,/annotation/post_experiment/4.png,,,,,,,,,,,,,,,,,,,,,,1763708501,1.0,
0zlt0plduk,control,0,posttest,5,0,,,,2.0,2.593,0zlt0plduk,26-35,female,bachelor,budapest,none,completed,Synthetic Generator 2.0,1920x1080,290744,5,45,62,31,20,58,posttest_5,posttest,/annotation/post_experiment/5.png,,,,,,,,,,,,,,,,,,,,,,1763708505,0.0,
04vvg8ff1a,control,0,baseline,1,0,,,,2.0,2.013,04vvg8ff1a,26-35,female,elementary,county-seat,none,completed,Synthetic Generator 2.0,1920x1080,997003,3,76,57,58,73,66,baseline_1,baseline,/annotation/baseline/1.png,,,,,,,,,,,,,,,,,,,,,,1763693417,0.0,
04vvg8ff1a,control,0,baseline,2,0,,,,6.0,3.947,04vvg8ff1a,26-35,female,elementary,county-seat,none,completed,Synthetic Generator 2.0,1920x1080,997003,3,76,57,58,73,66,baseline_2,baseline,/annotation/baseline/2.png,,,,,,,,,,,,,,,,,,,,,,1763693422,0.0,
04vvg8ff1a,control,0,baseline,3,0,,,,2.0,1.655,04vvg8ff1a,26-35,female,elementary,county-seat,none,completed,Synthetic Generator 2.0,1920x1080,997003,3,76,57,58,73,66,baseline_3,baseline,/annotation/baseline/3.png,,,,,,,,,,,,,,,,,,,,,,1763693425,0.0,
04vvg8ff1a,control,0,baseline,4,1,,,,2.0,4.407,04vvg8ff1a,26-35,female,elementary,county-seat,none,completed,Synthetic Generator 2.0,1920x1080,997003,3,76,57,58,73,66,baseline_4,baseline,/annotation/baseline/4.png,,,,,,,,,,,,,,,,,,,,,,1763693430,1.0,
04vvg8ff1a,control,0,baseline,5,1,,,,5.0,4.115,04vvg8ff1a,26-35,female,elementary,county-seat,none,completed,Synthetic Generator 2.0,1920x1080,997003,3,76,57,58,73,66,baseline_5,baseline,/annotation/baseline/5.png,,,,,,,,,,,,,,,,,,,,,,1763693436,1.0,
04vvg8ff1a,control,0,experiment,1,0,,,,7.0,1.387,04vvg8ff1a,26-35,female,elementary,county-seat,none,completed,Synthetic Generator 2.0,1920x1080,997003,3,76,57,58,73,66,experiment_1,experiment,/annotation/experiment/1.png,,,,,,,,,,,,,,,,,,,,,,1763693438,0.0,
04vvg8ff1a,control,0,experiment,2,1,,,,6.0,3.92,04vvg8ff1a,26-35,female,elementary,county-seat,none,completed,Synthetic Generator 2.0,1920x1080,997003,3,76,57,58,73,66,experiment_2,experiment,/annotation/experiment/2.png,,,,,,,,,,,,,,,,,,,,,,1763693443,1.0,
04vvg8ff1a,control,0,experiment,3,0,,,,5.0,1.76,04vvg8ff1a,26-35,female,elementary,county-seat,none,completed,Synthetic Generator 2.0,1920x1080,997003,3,76,57,58,73,66,experiment_3,experiment,/annotation/experiment/3.png,,,,,,,,,,,,,,,,,,,,,,1763693446,0.0,
04vvg8ff1a,control,0,experiment,4,1,,,,7.0,2.158,04vvg8ff1a,26-35,female,elementary,county-seat,none,completed,Synthetic Generator 2.0,1920x1080,997003,3,76,57,58,73,66,experiment_4,experiment,/annotation/experiment/4.png,,,,,,,,,,,,,,,,,,,,,,1763693449,1.0,
04vvg8ff1a,control,0,experiment,5,0,,,,3.0,2.666,04vvg8ff1a,26-35,female,elementary,county-seat,none,completed,Synthetic Generator 2.0,1920x1080,997003,3,76,57,58,73,66,experiment_5,experiment,/annotation/experiment/5.png,,,,,,,,,,,,,,,,,,,,,,1763693452,0.0,
04vvg8ff1a,control,0,posttest,1,1,,,,5.0,3.063,04vvg8ff1a,26-35,female,elementary,county-seat,none,completed,Synthetic Generator 2.0,1920x1080,997003,3,76,57,58,73,66,posttest_1,posttest,/annotation/post_experiment/1.png,,,,,,,,,,,,,,,,,,,,,,1763693457,1.0,
04vvg8ff1a,control,0,posttest,2,0,,,,3.0,4.924,04vvg8ff1a,26-35,female,elementary,county-seat,none,completed,Synthetic Generator 2.0,1920x1080,997003,3,76,57,58,73,66,posttest_2,posttest,/annotation/post_experiment/2.png,,,,,,,,,,,,,,,,,,,,,,1763693462,0.0,
04vvg8ff1a,control,0,posttest,3,1,,,,2.0,3.77,04vvg8ff1a,26-35,female,elementary,county-seat,none,completed,Synthetic Generator 2.0,1920x1080,997003,3,76,57,58,73,66,posttest_3,posttest,/annotation/post_experiment/3.png,,,,,,,,,,,,,,,,,,,,,,1763693467,1.0,
04vvg8ff1a,control,0,posttest,4,1,,,,2.0,2.227,04vvg8ff1a,26-35,female,elementary,county-seat,none,completed,Synthetic Generator 2.0,1920x1080,997003,3,76,57,58,73,66,posttest_4,posttest,/annotation/post_experiment/4.png,,,,,,,,,,,,,,,,,,,,,,1763693470,1.0,
04vvg8ff1a,control,0,posttest,5,0,,,,2.0,2.789,04vvg8ff1a,26-35,female,elementary,county-seat,none,completed,Synthetic Generator 2.0,1920x1080,997003,3,76,57,58,73,66,posttest_5,posttest,/annotation/post_experiment/5.png,,,,,,,,,,,,,,,,,,,,,,1763693474,0.0,
0r69e35792,control,0,baseline,1,0,,,,5.0,3.914,0r69e35792,36-45,male,elementary,budapest,none,completed,Synthetic Generator 2.0,1920x1080,910443,8,59,52,64,50,83,baseline_1,baseline,/annotation/baseline/1.png,,,,,,,,,,,,,,,,,,,,,,1763695293,0.0,
0r69e35792,control,0,baseline,2,0,,,,7.0,2.875,0r69e35792,36-45,male,elementary,budapest,none,completed,Synthetic Generator 2.0,1920x1080,910443,8,59,52,64,50,83,baseline_2,baseline,/annotation/baseline/2.png,,,,,,,,,,,,,,,,,,,,,,1763695297,0.0,
0r69e35792,control,0,baseline,3,0,,,,3.0,1.695,0r69e35792,36-45,male,elementary,budapest,none,completed,Synthetic Generator 2.0,1920x1080,910443,8,59,52,64,50,83,baseline_3,baseline,/annotation/baseline/3.png,,,,,,,,,,,,,,,,,,,,,,1763695300,0.0,
0r69e35792,control,0,baseline,4,1,,,,4.0,4.041,0r69e35792,36-45,male,elementary,budapest,none,completed,Synthetic Generator 2.0,1920x1080,910443,8,59,52,64,50,83,baseline_4,baseline,/annotation/baseline/4.png,,,,,,,,,,,,,,,,,,,,,,1763695305,1.0,
0r69e35792,control,0,baseline,5,1,,,,4.0,3.731,0r69e35792,36-45,male,elementary,budapest,none,completed,Synthetic Generator 2.0,1920x1080,910443,8,59,52,64,50,83,baseline_5,baseline,/annotation/baseline/5.png,,,,,,,,,,,,,,,,,,,,,,1763695310,1.0,
0r69e35792,control,0,experiment,1,1,,,,3.0,2.997,0r69e35792,36-45,male,elementary,budapest,none,completed,Synthetic Generator 2.0,1920x1080,910443,8,59,52,64,50,83,experiment_1,experiment,/annotation/experiment/1.png,,,,,,,,,,,,,,,,,,,,,,1763695314,1.0,
0r69e35792,control,0,experiment,2,0,,,,6.0,2.066,0r69e35792,36-45,male,elementary,budapest,none,completed,Synthetic Generator 2.0,1920x1080,910443,8,59,52,64,50,83,experiment_2,experiment,/annotation/experiment/2.png,,,,,,,,,,,,,,,,,,,,,,1763695317,0.0,
0r69e35792,control,0,experiment,3,0,,,,6.0,1.78,0r69e35792,36-45,male,elementary,budapest,none,completed,Synthetic Generator 2.0,1920x1080,910443,8,59,52,64,50,83,experiment_3,experiment,/annotation/experiment/3.png,,,,,,,,,,,,,,,,,,,,,,1763695320,0.0,
0r69e35792,control,0,experiment,4,1,,,,6.0,3.921,0r69e35792,36-45,male,elementary,budapest,none,completed,Synthetic Generator 2.0,1920x1080,910443,8,59,52,64,50,83,experiment_4,experiment,/annotation/experiment/4.png,,,,,,,,,,,,,,,,,,,,,,1763695324,1.0,
0r69e35792,control,0,experiment,5,1,,,,1.0,1.368,0r69e35792,36-45,male,elementary,budapest,none,completed,Synthetic Generator 2.0,1920x1080,910443,8,59,52,64,50,83,experiment_5,experiment,/annotation/experiment/5.png,,,,,,,,,,,,,,,,,,,,,,1763695327,1.0,
0r69e35792,control,0,posttest,1,1,,,,5.0,1.12,0r69e35792,36-45,male,elementary,budapest,none,completed,Synthetic Generator 2.0,1920x1080,910443,8,59,52,64,50,83,posttest_1,posttest,/annotation/post_experiment/1.png,,,,,,,,,,,,,,,,,,,,,,1763695329,1.0,
0r69e35792,control,0,posttest,2,0,,,,3.0,4.622,0r69e35792,36-45,male,elementary,budapest,none,completed,Synthetic Generator 2.0,1920x1080,910443,8,59,52,64,50,83,posttest_2,posttest,/annotation/post_experiment/2.png,,,,,,,,,,,,,,,,,,,,,,1763695335,0.0,
0r69e35792,control,0,posttest,3,0,,,,3.0,1.688,0r69e35792,36-45,male,elementary,budapest,none,completed,Synthetic Generator 2.0,1920x1080,910443,8,59,52,64,50,83,posttest_3,posttest,/annotation/post_experiment/3.png,,,,,,,,,,,,,,,,,,,,,,1763695337,0.0,
0r69e35792,control,0,posttest,4,0,,,,6.0,2.698,0r69e35792,36-45,male,elementary,budapest,none,completed,Synthetic Generator 2.0,1920x1080,910443,8,59,52,64,50,83,posttest_4,posttest,/annotation/post_experiment/4.png,,,,,,,,,,,,,,,,,,,,,,1763695341,0.0,
0r69e35792,control,0,posttest,5,1,,,,2.0,1.458,0r69e35792,36-45,male,elementary,budapest,none,completed,Synthetic Generator 2.0,1920x1080,910443,8,59,52,64,50,83,posttest_5,posttest,/annotation/post_experiment/5.png,,,,,,,,,,,,,,,,,,,,,,1763695343,1.0,
12hynjtlel,treatment,1,baseline,1,1,,,,4.0,1.437,12hynjtlel,18-25,female,phd,budapest,none,completed,Synthetic Generator 2.0,1920x1080,852942,9,55,63,21,30,60,baseline_1,baseline,/annotation/baseline/1.png,,,,,,,,,,,,,,,,,,,,,,1763720369,1.0,
12hynjtlel,treatment,1,baseline,2,0,,,,2.0,4.987,12hynjtlel,18-25,female,phd,budapest,none,completed,Synthetic Generator 2.0,1920x1080,852942,9,55,63,21,30,60,baseline_2,baseline,/annotation/baseline/2.png,,,,,,,,,,,,,,,,,,,,,,1763720375,0.0,
12hynjtlel,treatment,1,baseline,3,0,,,,5.0,3.275,12hynjtlel,18-25,female,phd,budapest,none,completed,Synthetic Generator 2.0,1920x1080,852942,9,55,63,21,30,60,baseline_3,baseline,/annotation/baseline/3.png,,,,,,,,,,,,,,,,,,,,,,1763720379,0.0,
12hynjtlel,treatment,1,baseline,4,1,,,,2.0,1.931,12hynjtlel,18-25,female,phd,budapest,none,completed,Synthetic Generator 2.0,1920x1080,852942,9,55,63,21,30,60,baseline_4,baseline,/annotation/baseline/4.png,,,,,,,,,,,,,,,,,,,,,,1763720382,1.0,
12hynjtlel,treatment,1,baseline,5,1,,,,7.0,3.704,12hynjtlel,18-25,female,phd,budapest,none,completed,Synthetic Generator 2.0,1920x1080,852942,9,55,63,21,30,60,baseline_5,baseline,/annotation/baseline/5.png,,,,,,,,,,,,,,,,,,,,,,1763720387,1.0,
12hynjtlel,treatment,1,experiment,1,0,,,,,12.662,12hynjtlel,18-25,female,phd,budapest,none,completed,Synthetic Generator 2.0,1920x1080,852942,9,55,63,21,30,60,experiment_1,experiment,/annotation/experiment/1.png,0.0,False,nincsen tünet,,5.0,7.0,,,,,,0.9427777373272768,0.0,,,,,,,,,1763720400,,0.0
12hynjtlel,treatment,1,experiment,2,0,,,,,12.69,12hynjtlel,18-25,female,phd,budapest,none,completed,Synthetic Generator 2.0,1920x1080,852942,9,55,63,21,30,60,experiment_2,experiment,/annotation/experiment/2.png,1.0,True,tünet,,1.0,1.0,,,,,,0.9563234297945769,0.0,,,,,,,,,1763720414,,0.0
12hynjtlel,treatment,1,experiment,3,1,,,,,13.903,12hynjtlel,18-25,female,phd,budapest,none,completed,Synthetic Generator 2.0,1920x1080,852942,9,55,63,21,30,60,experiment_3,experiment,/annotation/experiment/3.png,1.0,False,tünet,0.3304435619118324,1.0,1.0,,,,,,0.8728723167415884,1.0,34.0,14.0,100.0,100.0,98.0,10.0,100.0,100.0,1763720429,,1.0
12hynjtlel,treatment,1,experiment,4,1,,,,,9.664,12hynjtlel,18-25,female,phd,budapest,none,completed,Synthetic Generator 2.0,1920x1080,852942,9,55,63,21,30,60,experiment_4,experiment,/annotation/experiment/4.png,1.0,False,tünet,0.02545403672609725,4.0,4.0,,,,,,0.8785082793233028,1.0,38.0,68.0,100.0,100.0,8.0,46.0,100.0,100.0,1763720440,,1.0
12hynjtlel,treatment,1,experiment,5,1,,,,,6.694,12hynjtlel,18-25,female,phd,budapest,none,completed,Synthetic Generator 2.0,1920x1080,852942,9,55,63,21,30,60,experiment_5,experiment,/annotation/experiment/5.png,1.0,False,tünet,0.6563463749791144,5.0,6.0,,,,,,0.8540942633139977,1.0,46.0,68.0,100.0,100.0,29.0,34.0,100.0,100.0,1763720447,,1.0
12hynjtlel,treatment,1,posttest,1,0,,,,7.0,2.983,12hynjtlel,18-25,female,phd,budapest,none,completed,Synthetic Generator 2.0,1920x1080,852942,9,55,63,21,30,60,posttest_1,posttest,/annotation/post_experiment/1.png,,,,,,,,,,,,,,,,,,,,,,1763720451,0.0,
12hynjtlel,treatment,1,posttest,2,1,,,,4.0,2.905,12hynjtlel,18-25,female,phd,budapest,none,completed,Synthetic Generator 2.0,1920x1080,852942,9,55,63,21,30,60,posttest_2,posttest,/annotation/post_experiment/2.png,,,,,,,,,,,,,,,,,,,,,,1763720455,1.0,
12hynjtlel,treatment,1,posttest,3,1,,,,7.0,1.211,12hynjtlel,18-25,female,phd,budapest,none,completed,Synthetic Generator 2.0,1920x1080,852942,9,55,63,21,30,60,posttest_3,posttest,/annotation/post_experiment/3.png,,,,,,,,,,,,,,,,,,,,,,1763720457,1.0,
12hynjtlel,treatment,1,posttest,4,1,,,,7.0,3.609,12hynjtlel,18-25,female,phd,budapest,none,completed,Synthetic Generator 2.0,1920x1080,852942,9,55,63,21,30,60,posttest_4,posttest,/annotation/post_experiment/4.png,,,,,,,,,,,,,,,,,,,,,,1763720462,1.0,
12hynjtlel,treatment,1,posttest,5,1,,,,2.0,1.957,12hynjtlel,18-25,female,phd,budapest,none,completed,Synthetic Generator 2.0,1920x1080,852942,9,55,63,21,30,60,posttest_5,posttest,/annotation/post_experiment/5.png,,,,,,,,,,,,,,,,,,,,,,1763720465,1.0,
1xuu68wz7h,treatment,1,baseline,1,0,,,,3.0,2.937,1xuu68wz7h,36-45,female,high-school,county-seat,none,completed,Synthetic Generator 2.0,1920x1080,237313,8,95,65,21,42,30,baseline_1,baseline,/annotation/baseline/1.png,,,,,,,,,,,,,,,,,,,,,,1763707087,0.0,
1xuu68wz7h,treatment,1,baseline,2,1,,,,4.0,3.372,1xuu68wz7h,36-45,female,high-school,county-seat,none,completed,Synthetic Generator 2.0,1920x1080,237313,8,95,65,21,42,30,baseline_2,baseline,/annotation/baseline/2.png,,,,,,,,,,,,,,,,,,,,,,1763707092,1.0,
1xuu68wz7h,treatment,1,baseline,3,0,,,,3.0,4.894,1xuu68wz7h,36-45,female,high-school,county-seat,none,completed,Synthetic Generator 2.0,1920x1080,237313,8,95,65,21,42,30,baseline_3,baseline,/annotation/baseline/3.png,,,,,,,,,,,,,,,,,,,,,,1763707098,0.0,
1xuu68wz7h,treatment,1,baseline,4,1,,,,3.0,1.061,1xuu68wz7h,36-45,female,high-school,county-seat,none,completed,Synthetic Generator 2.0,1920x1080,237313,8,95,65,21,42,30,baseline_4,baseline,/annotation/baseline/4.png,,,,,,,,,,,,,,,,,,,,,,1763707100,1.0,
1xuu68wz7h,treatment,1,baseline,5,0,,,,1.0,1.368,1xuu68wz7h,36-45,female,high-school,county-seat,none,completed,Synthetic Generator 2.0,1920x1080,237313,8,95,65,21,42,30,baseline_5,baseline,/annotation/baseline/5.png,,,,,,,,,,,,,,,,,,,,,,1763707102,0.0,
1xuu68wz7h,treatment,1,experiment,1,0,,,,,9.044,1xuu68wz7h,36-45,female,high-school,county-seat,none,completed,Synthetic Generator 2.0,1920x1080,237313,8,95,65,21,42,30,experiment_1,experiment,/annotation/experiment/1.png,0.0,False,nincsen tünet,,5.0,7.0,,,,,,0.9773021079171651,0.0,,,,,,,,,1763707112,,0.0
1xuu68wz7h,treatment,1,experiment,2,1,,,,,12.98,1xuu68wz7h,36-45,female,high-school,county-seat,none,completed,Synthetic Generator 2.0,1920x1080,237313,8,95,65,21,42,30,experiment_2,experiment,/annotation/experiment/2.png,0.0,True,nincsen tünet,0.2446372206292716,7.0,7.0,,,,,,0.18404641433626842,1.0,52.0,65.0,100.0,100.0,25.0,39.0,100.0,100.0,1763707126,,1.0
1xuu68wz7h,treatment,1,experiment,3,1,,,,,5.714,1xuu68wz7h,36-45,female,high-school,county-seat,none,completed,Synthetic Generator 2.0,1920x1080,237313,8,95,65,21,42,30,experiment_3,experiment,/annotation/experiment/3.png,1.0,False,tünet,0.05376726623995011,1.0,3.0,,,,,,0.9133038794672214,1.0,54.0,48.0,100.0,100.0,74.0,48.0,100.0,100.0,1763707133,,1.0
1xuu68wz7h,treatment,1,experiment,4,1,,,,,5.397,1xuu68wz7h,36-45,female,high-school,county-seat,none,completed,Synthetic Generator 2.0,1920x1080,237313,8,95,65,21,42,30,experiment_4,experiment,/annotation/experiment/4.png,1.0,False,tünet,0.48011950189573993,4.0,5.0,,,,,,0.9418265936732855,1.0,47.0,63.0,100.0,100.0,15.0,22.0,100.0,100.0,1763707139,,1.0
1xuu68wz7h,treatment,1,experiment,5,1,,,,,14.021,1xuu68wz7h,36-45,female,high-school,county-seat,none,completed,Synthetic Generator 2.0,1920x1080,237313,8,95,65,21,42,30,experiment_5,experiment,/annotation/experiment/5.png,1.0,False,tünet,0.45178521964859325,2.0,2.0,,,,,,0.882352606772311,1.0,37.0,45.0,100.0,100.0,26.0,49.0,100.0,100.0,1763707154,,1.0
1xuu68wz7h,treatment,1,posttest,1,0,,,,6.0,2.561,1xuu68wz7h,36-45,female,high-school,county-seat,none,completed,Synthetic Generator 2.0,1920x1080,237313,8,95,65,21,42,30,posttest_1,posttest,/annotation/post_experiment/1.png,,,,,,,,,,,,,,,,,,,,,,1763707158,0.0,
1xuu68wz7h,treatment,1,posttest,2,0,,,,1.0,4.309,1xuu68wz7h,36-45,female,high-school,county-seat,none,completed,Synthetic Generator 2.0,1920x1080,237313,8,95,65,21,42,30,posttest_2,posttest,/annotation/post_experiment/2.png,,,,,,,,,,,,,,,,,,,,,,1763707163,0.0,
1xuu68wz7h,treatment,1,posttest,3,1,,,,3.0,1.323,1xuu68wz7h,36-45,female,high-school,county-seat,none,completed,Synthetic Generator 2.0,1920x1080,237313,8,95,65,21,42,30,posttest_3,posttest,/annotation/post_experiment/3.png,,,,,,,,,,,,,,,,,,,,,,1763707165,1.0,
1xuu68wz7h,treatment,1,posttest,4,1,,,,2.0,4.45,1xuu68wz7h,36-45,female,high-school,county-seat,none,completed,Synthetic Generator 2.0,1920x1080,237313,8,95,65,21,42,30,posttest_4,posttest,/annotation/post_experiment/4.png,,,,,,,,,,,,,,,,,,,,,,1763707171,1.0,
1xuu68wz7h,treatment,1,posttest,5,1,,,,6.0,3.662,1xuu68wz7h,36-45,female,high-school,county-seat,none,completed,Synthetic Generator 2.0,1920x1080,237313,8,95,65,21,42,30,posttest_5,posttest,/annotation/post_experiment/5.png,,,,,,,,,,,,,,,,,,,,,,1763707176,1.0,
1bp2kygpwt,treatment,1,baseline,1,0,,,,3.0,3.291,1bp2kygpwt,36-45,female,high-school,budapest,none,completed,Synthetic Generator 2.0,1920x1080,804840,10,92,93,33,90,80,baseline_1,baseline,/annotation/baseline/1.png,,,,,,,,,,,,,,,,,,,,,,1763672281,0.0,
1bp2kygpwt,treatment,1,baseline,2,0,,,,3.0,2.906,1bp2kygpwt,36-45,female,high-school,budapest,none,completed,Synthetic Generator 2.0,1920x1080,804840,10,92,93,33,90,80,baseline_2,baseline,/annotation/baseline/2.png,,,,,,,,,,,,,,,,,,,,,,1763672285,0.0,
1bp2kygpwt,treatment,1,baseline,3,0,,,,4.0,2.209,1bp2kygpwt,36-45,female,high-school,budapest,none,completed,Synthetic Generator 2.0,1920x1080,804840,10,92,93,33,90,80,baseline_3,baseline,/annotation/baseline/3.png,,,,,,,,,,,,,,,,,,,,,,1763672288,0.0,
1bp2kygpwt,treatment,1,baseline,4,1,,,,3.0,1.594,1bp2kygpwt,36-45,female,high-school,budapest,none,completed,Synthetic Generator 2.0,1920x1080,804840,10,92,93,33,90,80,baseline_4,baseline,/annotation/baseline/4.png,,,,,,,,,,,,,,,,,,,,,,1763672290,1.0,
1bp2kygpwt,treatment,1,baseline,5,1,,,,7.0,3.357,1bp2kygpwt,36-45,female,high-school,budapest,none,completed,Synthetic Generator 2.0,1920x1080,804840,10,92,93,33,90,80,baseline_5,baseline,/annotation/baseline/5.png,,,,,,,,,,,,,,,,,,,,,,1763672295,1.0,
1bp2kygpwt,treatment,1,experiment,1,0,,,,,5.84,1bp2kygpwt,36-45,female,high-school,budapest,none,completed,Synthetic Generator 2.0,1920x1080,804840,10,92,93,33,90,80,experiment_1,experiment,/annotation/experiment/1.png,0.0,False,nincsen tünet,,7.0,7.0,,,,,,0.8981633587965737,0.0,,,,,,,,,1763672302,,0.0
1bp2kygpwt,treatment,1,experiment,2,1,,,,,12.334,1bp2kygpwt,36-45,female,high-school,budapest,none,completed,Synthetic Generator 2.0,1920x1080,804840,10,92,93,33,90,80,experiment_2,experiment,/annotation/experiment/2.png,1.0,False,tünet,0.4824631212980056,5.0,7.0,,,,,,0.9435300202473919,0.0,,,,,100.0,88.0,100.0,100.0,1763672315,,1.0
1bp2kygpwt,treatment,1,experiment,3,1,,,,,10.768,1bp2kygpwt,36-45,female,high-school,budapest,none,completed,Synthetic Generator 2.0,1920x1080,804840,10,92,93,33,90,80,experiment_3,experiment,/annotation/experiment/3.png,1.0,False,tünet,0.7447122244954533,7.0,7.0,,,,,,0.8985698986970378,1.0,16.0,50.0,100.0,100.0,62.0,53.0,100.0,100.0,1763672327,,1.0
1bp2kygpwt,treatment,1,experiment,4,1,,,,,7.213,1bp2kygpwt,36-45,female,high-school,budapest,none,completed,Synthetic Generator 2.0,1920x1080,804840,10,92,93,33,90,80,experiment_4,experiment,/annotation/experiment/4.png,1.0,False,tünet,0.7199565624101402,2.0,3.0,,,,,,0.9528296261444533,1.0,99.0,9.0,100.0,100.0,96.0,34.0,100.0,100.0,1763672335,,1.0
1bp2kygpwt,treatment,1,experiment,5,1,,,,,5.046,1bp2kygpwt,36-45,female,high-school,budapest,none,completed,Synthetic Generator 2.0,1920x1080,804840,10,92,93,33,90,80,experiment_5,experiment,/annotation/experiment/5.png,1.0,False,tünet,0.8364775059108726,7.0,7.0,,,,,,0.9026923218772936,1.0,54.0,36.0,100.0,100.0,24.0,3.0,100.0,100.0,1763672341,,1.0
1bp2kygpwt,treatment,1,posttest,1,0,,,,5.0,1.32,1bp2kygpwt,36-45,female,high-school,budapest,none,completed,Synthetic Generator 2.0,1920x1080,804840,10,92,93,33,90,80,posttest_1,posttest,/annotation/post_experiment/1.png,,,,,,,,,,,,,,,,,,,,,,1763672343,0.0,
1bp2kygpwt,treatment,1,posttest,2,1,,,,1.0,4.714,1bp2kygpwt,36-45,female,high-school,budapest,none,completed,Synthetic Generator 2.0,1920x1080,804840,10,92,93,33,90,80,posttest_2,posttest,/annotation/post_experiment/2.png,,,,,,,,,,,,,,,,,,,,,,1763672349,1.0,
1bp2kygpwt,treatment,1,posttest,3,1,,,,3.0,4.003,1bp2kygpwt,36-45,female,high-school,budapest,none,completed,Synthetic Generator 2.0,1920x1080,804840,10,92,93,33,90,80,posttest_3,posttest,/annotation/post_experiment/3.png,,,,,,,,,,,,,,,,,,,,,,1763672354,1.0,
1bp2kygpwt,treatment,1,posttest,4,1,,,,7.0,2.561,1bp2kygpwt,36-45,female,high-school,budapest,none,completed,Synthetic Generator 2.0,1920x1080,804840,10,92,93,33,90,80,posttest_4,posttest,/annotation/post_experiment/4.png,,,,,,,,,,,,,,,,,,,,,,1763672358,1.0,
1bp2kygpwt,treatment,1,posttest,5,0,,,,6.0,3.689,1bp2kygpwt,36-45,female,high-school,budapest,none,completed,Synthetic Generator 2.0,1920x1080,804840,10,92,93,33,90,80,posttest_5,posttest,/annotation/post_experiment/5.png,,,,,,,,,,,,,,,,,,,,,,1763672362,0.0,
12gwvm570i,treatment,1,baseline,1,0,,,,6.0,4.56,12gwvm570i,36-45,male,high-school,budapest,none,completed,Synthetic Generator 2.0,1920x1080,120219,9,75,69,28,77,59,baseline_1,baseline,/annotation/baseline/1.png,,,,,,,,,,,,,,,,,,,,,,1763699649,0.0,
12gwvm570i,treatment,1,baseline,2,1,,,,2.0,3.97,12gwvm570i,36-45,male,high-school,budapest,none,completed,Synthetic Generator 2.0,1920x1080,120219,9,75,69,28,77,59,baseline_2,baseline,/annotation/baseline/2.png,,,,,,,,,,,,,,,,,,,,,,1763699654,1.0,
12gwvm570i,treatment,1,baseline,3,1,,,,5.0,1.591,12gwvm570i,36-45,male,high-school,budapest,none,completed,Synthetic Generator 2.0,1920x1080,120219,9,75,69,28,77,59,baseline_3,baseline,/annotation/baseline/3.png,,,,,,,,,,,,,,,,,,,,,,1763699657,1.0,
12gwvm570i,treatment,1,baseline,4,1,,,,2.0,1.303,12gwvm570i,36-45,male,high-school,budapest,none,completed,Synthetic Generator 2.0,1920x1080,120219,9,75,69,28,77,59,baseline_4,baseline,/annotation/baseline/4.png,,,,,,,,,,,,,,,,,,,,,,1763699659,1.0,
12gwvm570i,treatment,1,baseline,5,1,,,,3.0,1.638,12gwvm570i,36-45,male,high-school,budapest,none,completed,Synthetic Generator 2.0,1920x1080,120219,9,75,69,28,77,59,baseline_5,baseline,/annotation/baseline/5.png,,,,,,,,,,,,,,,,,,,,,,1763699662,1.0,
12gwvm570i,treatment,1,experiment,1,0,,,,,11.587,12gwvm570i,36-45,male,high-school,budapest,none,completed,Synthetic Generator 2.0,1920x1080,120219,9,75,69,28,77,59,experiment_1,experiment,/annotation/experiment/1.png,0.0,False,nincsen tünet,,7.0,7.0,,,,,,0.9150140904428752,0.0,,,,,,,,,1763699674,,0.0
12gwvm570i,treatment,1,experiment,2,1,,,,,6.209,12gwvm570i,36-45,male,high-school,budapest,none,completed,Synthetic Generator 2.0,1920x1080,120219,9,75,69,28,77,59,experiment_2,experiment,/annotation/experiment/2.png,1.0,False,tünet,0.5256797105092827,3.0,5.0,,,,,,0.8770164202551779,0.0,,,,,32.0,88.0,100.0,100.0,1763699681,,1.0
12gwvm570i,treatment,1,experiment,3,0,,,,,11.65,12gwvm570i,36-45,male,high-school,budapest,none,completed,Synthetic Generator 2.0,1920x1080,120219,9,75,69,28,77,59,experiment_3,experiment,/annotation/experiment/3.png,1.0,True,tünet,,4.0,4.0,,,,,,0.3107869216716468,0.0,,,,,,,,,1763699694,,0.0
12gwvm570i,treatment,1,experiment,4,1,,,,,12.462,12gwvm570i,36-45,male,high-school,budapest,none,completed,Synthetic Generator 2.0,1920x1080,120219,9,75,69,28,77,59,experiment_4,experiment,/annotation/experiment/4.png,1.0,False,tünet,0.6040476423170841,1.0,2.0,,,,,,0.9288320259784068,1.0,50.0,58.0,100.0,100.0,83.0,47.0,100.0,100.0,1763699707,,1.0
12gwvm570i,treatment,1,experiment,5,1,,,,,12.515,12gwvm570i,36-45,male,high-school,budapest,none,completed,Synthetic Generator 2.0,1920x1080,120219,9,75,69,28,77,59,experiment_5,experiment,/annotation/experiment/5.png,1.0,False,tünet,0.3426636019366638,3.0,3.0,,,,,,0.9608223198939002,1.0,95.0,7.0,100.0,100.0,90.0,23.0,100.0,100.0,1763699721,,1.0
12gwvm570i,treatment,1,posttest,1,0,,,,5.0,4.483,12gwvm570i,36-45,male,high-school,budapest,none,completed,Synthetic Generator 2.0,1920x1080,120219,9,75,69,28,77,59,posttest_1,posttest,/annotation/post_experiment/1.png,,,,,,,,,,,,,,,,,,,,,,1763699726,0.0,
12gwvm570i,treatment,1,posttest,2,0,,,,7.0,1.312,12gwvm570i,36-45,male,high-school,budapest,none,completed,Synthetic Generator 2.0,1920x1080,120219,9,75,69,28,77,59,posttest_2,posttest,/annotation/post_experiment/2.png,,,,,,,,,,,,,,,,,,,,,,1763699729,0.0,
12gwvm570i,treatment,1,posttest,3,1,,,,6.0,3.416,12gwvm570i,36-45,male,high-school,budapest,none,completed,Synthetic Generator 2.0,1920x1080,120219,9,75,69,28,77,59,posttest_3,posttest,/annotation/post_experiment/3.png,,,,,,,,,,,,,,,,,,,,,,1763699733,1.0,
12gwvm570i,treatment,1,posttest,4,0,,,,5.0,2.659,12gwvm570i,36-45,male,high-school,budapest,none,completed,Synthetic Generator 2.0,1920x1080,120219,9,75,69,28,77,59,posttest_4,posttest,/annotation/post_experiment/4.png,,,,,,,,,,,,,,,,,,,,,,1763699737,0.0,
12gwvm570i,treatment,1,posttest,5,0,,,,6.0,1.974,12gwvm570i,36-45,male,high-school,budapest,none,completed,Synthetic Generator 2.0,1920x1080,120219,9,75,69,28,77,59,posttest_5,posttest,/annotation/post_experiment/5.png,,,,,,,,,,,,,,,,,,,,,,1763699740,0.0,
12q9ff819j,treatment,1,baseline,1,0,,,,7.0,3.791,12q9ff819j,26-35,female,high-school,budapest,none,completed,Synthetic Generator 2.0,1920x1080,820589,8,67,91,48,32,49,baseline_1,baseline,/annotation/baseline/1.png,,,,,,,,,,,,,,,,,,,,,,1763720425,0.0,
12q9ff819j,treatment,1,baseline,2,1,,,,2.0,1.897,12q9ff819j,26-35,female,high-school,budapest,none,completed,Synthetic Generator 2.0,1920x1080,820589,8,67,91,48,32,49,baseline_2,baseline,/annotation/baseline/2.png,,,,,,,,,,,,,,,,,,,,,,1763720428,1.0,
12q9ff819j,treatment,1,baseline,3,1,,,,6.0,2.679,12q9ff819j,26-35,female,high-school,budapest,none,completed,Synthetic Generator 2.0,1920x1080,820589,8,67,91,48,32,49,baseline_3,baseline,/annotation/baseline/3.png,,,,,,,,,,,,,,,,,,,,,,1763720432,1.0,
12q9ff819j,treatment,1,baseline,4,1,,,,1.0,4.753,12q9ff819j,26-35,female,high-school,budapest,none,completed,Synthetic Generator 2.0,1920x1080,820589,8,67,91,48,32,49,baseline_4,baseline,/annotation/baseline/4.png,,,,,,,,,,,,,,,,,,,,,,1763720438,1.0,
12q9ff819j,treatment,1,baseline,5,1,,,,2.0,4.38,12q9ff819j,26-35,female,high-school,budapest,none,completed,Synthetic Generator 2.0,1920x1080,820589,8,67,91,48,32,49,baseline_5,baseline,/annotation/baseline/5.png,,,,,,,,,,,,,,,,,,,,,,1763720443,1.0,
12q9ff819j,treatment,1,experiment,1,0,,,,,10.997,12q9ff819j,26-35,female,high-school,budapest,none,completed,Synthetic Generator 2.0,1920x1080,820589,8,67,91,48,32,49,experiment_1,experiment,/annotation/experiment/1.png,0.0,False,nincsen tünet,,1.0,3.0,,,,,,0.8687654172172213,0.0,,,,,,,,,1763720455,,0.0
12q9ff819j,treatment,1,experiment,2,1,,,,,6.514,12q9ff819j,26-35,female,high-school,budapest,none,completed,Synthetic Generator 2.0,1920x1080,820589,8,67,91,48,32,49,experiment_2,experiment,/annotation/experiment/2.png,1.0,False,tünet,0.44735327248687723,3.0,3.0,,,,,,0.8634314143116423,0.0,,,,,96.0,85.0,100.0,100.0,1763720462,,1.0
12q9ff819j,treatment,1,experiment,3,1,,,,,8.661,12q9ff819j,26-35,female,high-school,budapest,none,completed,Synthetic Generator 2.0,1920x1080,820589,8,67,91,48,32,49,experiment_3,experiment,/annotation/experiment/3.png,1.0,False,tünet,0.8431291333066865,1.0,1.0,,,,,,0.9070720242692752,1.0,81.0,10.0,100.0,100.0,78.0,72.0,100.0,100.0,1763720472,,1.0
12q9ff819j,treatment,1,experiment,4,1,,,,,12.061,12q9ff819j,26-35,female,high-school,budapest,none,completed,Synthetic Generator 2.0,1920x1080,820589,8,67,91,48,32,49,experiment_4,experiment,/annotation/experiment/4.png,1.0,False,tünet,0.12906335139097572,3.0,5.0,,,,,,0.8603393002744211,1.0,87.0,43.0,100.0,100.0,11.0,96.0,100.0,100.0,1763720485,,1.0
12q9ff819j,treatment,1,experiment,5,1,,,,,9.726,12q9ff819j,26-35,female,high-school,budapest,none,completed,Synthetic Generator 2.0,1920x1080,820589,8,67,91,48,32,49,experiment_5,experiment,/annotation/experiment/5.png,1.0,False,tünet,0.7717509644798936,5.0,6.0,,,,,,0.9585117398362523,1.0,67.0,50.0,100.0,100.0,54.0,2.0,100.0,100.0,1763720496,,1.0
12q9ff819j,treatment,1,posttest,1,0,,,,4.0,3.875,12q9ff819j,26-35,female,high-school,budapest,none,completed,Synthetic Generator 2.0,1920x1080,820589,8,67,91,48,32,49,posttest_1,posttest,/annotation/post_experiment/1.png,,,,,,,,,,,,,,,,,,,,,,1763720501,0.0,
12q9ff819j,treatment,1,posttest,2,0,,,,7.0,1.389,12q9ff819j,26-35,female,high-school,budapest,none,completed,Synthetic Generator 2.0,1920x1080,820589,8,67,91,48,32,49,posttest_2,posttest,/annotation/post_experiment/2.png,,,,,,,,,,,,,,,,,,,,,,1763720503,0.0,
12q9ff819j,treatment,1,posttest,3,0,,,,5.0,4.068,12q9ff819j,26-35,female,high-school,budapest,none,completed,Synthetic Generator 2.0,1920x1080,820589,8,67,91,48,32,49,posttest_3,posttest,/annotation/post_experiment/3.png,,,,,,,,,,,,,,,,,,,,,,1763720508,0.0,
12q9ff819j,treatment,1,posttest,4,1,,,,6.0,4.655,12q9ff819j,26-35,female,high-school,budapest,none,completed,Synthetic Generator 2.0,1920x1080,820589,8,67,91,48,32,49,posttest_4,posttest,/annotation/post_experiment/4.png,,,,,,,,,,,,,,,,,,,,,,1763720514,1.0,
12q9ff819j,treatment,1,posttest,5,0,,,,5.0,4.632,12q9ff819j,26-35,female,high-school,budapest,none,completed,Synthetic Generator 2.0,1920x1080,820589,8,67,91,48,32,49,posttest_5,posttest,/annotation/post_experiment/5.png,,,,,,,,,,,,,,,,,,,,,,1763720520,0.0,
0o1oqmdoeh,control,0,baseline,1,0,,,,5.0,1.688,0o1oqmdoeh,18-25,female,high-school,city,none,completed,Synthetic Generator 2.0,1920x1080,395255,5,59,72,70,71,72,baseline_1,baseline,/annotation/baseline/1.png,,,,,,,,,,,,,,,,,,,,,,1763706103,0.0,
0o1oqmdoeh,control,0,baseline,2,0,,,,4.0,4.326,0o1oqmdoeh,18-25,female,high-school,city,none,completed,Synthetic Generator 2.0,1920x1080,395255,5,59,72,70,71,72,baseline_2,baseline,/annotation/baseline/2.png,,,,,,,,,,,,,,,,,,,,,,1763706108,0.0,
0o1oqmdoeh,control,0,baseline,3,0,,,,3.0,4.41,0o1oqmdoeh,18-25,female,high-school,city,none,completed,Synthetic Generator 2.0,1920x1080,395255,5,59,72,70,71,72,baseline_3,baseline,/annotation/baseline/3.png,,,,,,,,,,,,,,,,,,,,,,1763706114,0.0,
0o1oqmdoeh,control,0,baseline,4,0,,,,2.0,1.377,0o1oqmdoeh,18-25,female,high-school,city,none,completed,Synthetic Generator 2.0,1920x1080,395255,5,59,72,70,71,72,baseline_4,baseline,/annotation/baseline/4.png,,,,,,,,,,,,,,,,,,,,,,1763706116,0.0,
0o1oqmdoeh,control,0,baseline,5,0,,,,1.0,4.744,0o1oqmdoeh,18-25,female,high-school,city,none,completed,Synthetic Generator 2.0,1920x1080,395255,5,59,72,70,71,72,baseline_5,baseline,/annotation/baseline/5.png,,,,,,,,,,,,,,,,,,,,,,1763706122,0.0,
0o1oqmdoeh,control,0,experiment,1,0,,,,3.0,4.322,0o1oqmdoeh,18-25,female,high-school,city,none,completed,Synthetic Generator 2.0,1920x1080,395255,5,59,72,70,71,72,experiment_1,experiment,/annotation/experiment/1.png,,,,,,,,,,,,,,,,,,,,,,1763706127,0.0,
0o1oqmdoeh,control,0,experiment,2,1,,,,3.0,2.835,0o1oqmdoeh,18-25,female,high-school,city,none,completed,Synthetic Generator 2.0,1920x1080,395255,5,59,72,70,71,72,experiment_2,experiment,/annotation/experiment/2.png,,,,,,,,,,,,,,,,,,,,,,1763706131,1.0,
0o1oqmdoeh,control,0,experiment,3,1,,,,6.0,1.119,0o1oqmdoeh,18-25,female,high-school,city,none,completed,Synthetic Generator 2.0,1920x1080,395255,5,59,72,70,71,72,experiment_3,experiment,/annotation/experiment/3.png,,,,,,,,,,,,,,,,,,,,,,1763706133,1.0,
0o1oqmdoeh,control,0,experiment,4,1,,,,3.0,4.14,0o1oqmdoeh,18-25,female,high-school,city,none,completed,Synthetic Generator 2.0,1920x1080,395255,5,59,72,70,71,72,experiment_4,experiment,/annotation/experiment/4.png,,,,,,,,,,,,,,,,,,,,,,1763706138,1.0,
0o1oqmdoeh,control,0,experiment,5,1,,,,6.0,4.617,0o1oqmdoeh,18-25,female,high-school,city,none,completed,Synthetic Generator 2.0,1920x1080,395255,5,59,72,70,71,72,experiment_5,experiment,/annotation/experiment/5.png,,,,,,,,,,,,,,,,,,,,,,1763706144,1.0,
0o1oqmdoeh,control,0,posttest,1,0,,,,6.0,1.785,0o1oqmdoeh,18-25,female,high-school,city,none,completed,Synthetic Generator 2.0,1920x1080,395255,5,59,72,70,71,72,posttest_1,posttest,/annotation/post_experiment/1.png,,,,,,,,,,,,,,,,,,,,,,1763706147,0.0,
0o1oqmdoeh,control,0,posttest,2,1,,,,4.0,3.61,0o1oqmdoeh,18-25,female,high-school,city,none,completed,Synthetic Generator 2.0,1920x1080,395255,5,59,72,70,71,72,posttest_2,posttest,/annotation/post_experiment/2.png,,,,,,,,,,,,,,,,,,,,,,1763706151,1.0,
0o1oqmdoeh,control,0,posttest,3,0,,,,3.0,1.116,0o1oqmdoeh,18-25,female,high-school,city,none,completed,Synthetic Generator 2.0,1920x1080,395255,5,59,72,70,71,72,posttest_3,posttest,/annotation/post_experiment/3.png,,,,,,,,,,,,,,,,,,,,,,1763706154,0.0,
0o1oqmdoeh,control,0,posttest,4,0,,,,6.0,4.765,0o1oqmdoeh,18-25,female,high-school,city,none,completed,Synthetic Generator 2.0,1920x1080,395255,5,59,72,70,71,72,posttest_4,posttest,/annotation/post_experiment/4.png,,,,,,,,,,,,,,,,,,,,,,1763706159,0.0,
0o1oqmdoeh,control,0,posttest,5,1,,,,5.0,4.123,0o1oqmdoeh,18-25,female,high-school,city,none,completed,Synthetic Generator 2.0,1920x1080,395255,5,59,72,70,71,72,posttest_5,posttest,/annotation/post_experiment/5.png,,,,,,,,,,,,,,,,,,,,,,1763706164,1.0,
0kxelkrjde,control,0,baseline,1,0,,,,5.0,2.624,0kxelkrjde,26-35,female,phd,budapest,none,completed,Synthetic Generator 2.0,1920x1080,828602,7,43,69,31,56,87,baseline_1,baseline,/annotation/baseline/1.png,,,,,,,,,,,,,,,,,,,,,,1763689766,0.0,
0kxelkrjde,control,0,baseline,2,0,,,,5.0,3.243,0kxelkrjde,26-35,female,phd,budapest,none,completed,Synthetic Generator 2.0,1920x1080,828602,7,43,69,31,56,87,baseline_2,baseline,/annotation/baseline/2.png,,,,,,,,,,,,,,,,,,,,,,1763689770,0.0,
0kxelkrjde,control,0,baseline,3,0,,,,7.0,2.655,0kxelkrjde,26-35,female,phd,budapest,none,completed,Synthetic Generator 2.0,1920x1080,828602,7,43,69,31,56,87,baseline_3,baseline,/annotation/baseline/3.png,,,,,,,,,,,,,,,,,,,,,,1763689774,0.0,
0kxelkrjde,control,0,baseline,4,0,,,,6.0,2.761,0kxelkrjde,26-35,female,phd,budapest,none,completed,Synthetic Generator 2.0,1920x1080,828602,7,43,69,31,56,87,baseline_4,baseline,/annotation/baseline/4.png,,,,,,,,,,,,,,,,,,,,,,1763689778,0.0,
0kxelkrjde,control,0,baseline,5,0,,,,7.0,4.051,0kxelkrjde,26-35,female,phd,budapest,none,completed,Synthetic Generator 2.0,1920x1080,828602,7,43,69,31,56,87,baseline_5,baseline,/annotation/baseline/5.png,,,,,,,,,,,,,,,,,,,,,,1763689783,0.0,
0kxelkrjde,control,0,experiment,1,0,,,,7.0,1.2,0kxelkrjde,26-35,female,phd,budapest,none,completed,Synthetic Generator 2.0,1920x1080,828602,7,43,69,31,56,87,experiment_1,experiment,/annotation/experiment/1.png,,,,,,,,,,,,,,,,,,,,,,1763689785,0.0,
0kxelkrjde,control,0,experiment,2,0,,,,5.0,1.079,0kxelkrjde,26-35,female,phd,budapest,none,completed,Synthetic Generator 2.0,1920x1080,828602,7,43,69,31,56,87,experiment_2,experiment,/annotation/experiment/2.png,,,,,,,,,,,,,,,,,,,,,,1763689787,0.0,
0kxelkrjde,control,0,experiment,3,1,,,,2.0,1.123,0kxelkrjde,26-35,female,phd,budapest,none,completed,Synthetic Generator 2.0,1920x1080,828602,7,43,69,31,56,87,experiment_3,experiment,/annotation/experiment/3.png,,,,,,,,,,,,,,,,,,,,,,1763689789,1.0,
0kxelkrjde,control,0,experiment,4,0,,,,5.0,4.675,0kxelkrjde,26-35,female,phd,budapest,none,completed,Synthetic Generator 2.0,1920x1080,828602,7,43,69,31,56,87,experiment_4,experiment,/annotation/experiment/4.png,,,,,,,,,,,,,,,,,,,,,,1763689795,0.0,
0kxelkrjde,control,0,experiment,5,1,,,,3.0,2.478,0kxelkrjde,26-35,female,phd,budapest,none,completed,Synthetic Generator 2.0,1920x1080,828602,7,43,69,31,56,87,experiment_5,experiment,/annotation/experiment/5.png,,,,,,,,,,,,,,,,,,,,,,1763689798,1.0,
0kxelkrjde,control,0,posttest,1,1,,,,5.0,3.617,0kxelkrjde,26-35,female,phd,budapest,none,completed,Synthetic Generator 2.0,1920x1080,828602,7,43,69,31,56,87,posttest_1,posttest,/annotation/post_experiment/1.png,,,,,,,,,,,,,,,,,,,,,,1763689803,1.0,
0kxelkrjde,control,0,posttest,2,1,,,,2.0,2.743,0kxelkrjde,26-35,female,phd,budapest,none,completed,Synthetic Generator 2.0,1920x1080,828602,7,43,69,31,56,87,posttest_2,posttest,/annotation/post_experiment/2.png,,,,,,,,,,,,,,,,,,,,,,1763689807,1.0,
0kxelkrjde,control,0,posttest,3,1,,,,5.0,3.377,0kxelkrjde,26-35,female,phd,budapest,none,completed,Synthetic Generator 2.0,1920x1080,828602,7,43,69,31,56,87,posttest_3,posttest,/annotation/post_experiment/3.png,,,,,,,,,,,,,,,,,,,,,,1763689811,1.0,
0kxelkrjde,control,0,posttest,4,1,,,,3.0,4.376,0kxelkrjde,26-35,female,phd,budapest,none,completed,Synthetic Generator 2.0,1920x1080,828602,7,43,69,31,56,87,posttest_4,posttest,/annotation/post_experiment/4.png,,,,,,,,,,,,,,,,,,,,,,1763689816,1.0,
0kxelkrjde,control,0,posttest,5,0,,,,1.0,4.883,0kxelkrjde,26-35,female,phd,budapest,none,completed,Synthetic Generator 2.0,1920x1080,828602,7,43,69,31,56,87,posttest_5,posttest,/annotation/post_experiment/5.png,,,,,,,,,,,,,,,,,,,,,,1763689822,0.0,
0liq1n51t7,control,0,baseline,1,0,,,,2.0,3.121,0liq1n51t7,26-35,female,high-school,city,none,completed,Synthetic Generator 2.0,1920x1080,278780,3,49,57,56,75,66,baseline_1,baseline,/annotation/baseline/1.png,,,,,,,,,,,,,,,,,,,,,,1763729973,0.0,
0liq1n51t7,control,0,baseline,2,0,,,,5.0,3.845,0liq1n51t7,26-35,female,high-school,city,none,completed,Synthetic Generator 2.0,1920x1080,278780,3,49,57,56,75,66,baseline_2,baseline,/annotation/baseline/2.png,,,,,,,,,,,,,,,,,,,,,,1763729977,0.0,
0liq1n51t7,control,0,baseline,3,0,,,,4.0,3.061,0liq1n51t7,26-35,female,high-school,city,none,completed,Synthetic Generator 2.0,1920x1080,278780,3,49,57,56,75,66,baseline_3,baseline,/annotation/baseline/3.png,,,,,,,,,,,,,,,,,,,,,,1763729981,0.0,
0liq1n51t7,control,0,baseline,4,0,,,,7.0,1.648,0liq1n51t7,26-35,female,high-school,city,none,completed,Synthetic Generator 2.0,1920x1080,278780,3,49,57,56,75,66,baseline_4,baseline,/annotation/baseline/4.png,,,,,,,,,,,,,,,,,,,,,,1763729984,0.0,
0liq1n51t7,control,0,baseline,5,1,,,,7.0,4.519,0liq1n51t7,26-35,female,high-school,city,none,completed,Synthetic Generator 2.0,1920x1080,278780,3,49,57,56,75,66,baseline_5,baseline,/annotation/baseline/5.png,,,,,,,,,,,,,,,,,,,,,,1763729990,1.0,
0liq1n51t7,control,0,experiment,1,0,,,,6.0,3.45,0liq1n51t7,26-35,female,high-school,city,none,completed,Synthetic Generator 2.0,1920x1080,278780,3,49,57,56,75,66,experiment_1,experiment,/annotation/experiment/1.png,,,,,,,,,,,,,,,,,,,,,,1763729994,0.0,
0liq1n51t7,control,0,experiment,2,1,,,,1.0,2.252,0liq1n51t7,26-35,female,high-school,city,none,completed,Synthetic Generator 2.0,1920x1080,278780,3,49,57,56,75,66,experiment_2,experiment,/annotation/experiment/2.png,,,,,,,,,,,,,,,,,,,,,,1763729997,1.0,
0liq1n51t7,control,0,experiment,3,1,,,,5.0,3.345,0liq1n51t7,26-35,female,high-school,city,none,completed,Synthetic Generator 2.0,1920x1080,278780,3,49,57,56,75,66,experiment_3,experiment,/annotation/experiment/3.png,,,,,,,,,,,,,,,,,,,,,,1763730002,1.0,
0liq1n51t7,control,0,experiment,4,1,,,,7.0,1.97,0liq1n51t7,26-35,female,high-school,city,none,completed,Synthetic Generator 2.0,1920x1080,278780,3,49,57,56,75,66,experiment_4,experiment,/annotation/experiment/4.png,,,,,,,,,,,,,,,,,,,,,,1763730005,1.0,
0liq1n51t7,control,0,experiment,5,1,,,,7.0,4.386,0liq1n51t7,26-35,female,high-school,city,none,completed,Synthetic Generator 2.0,1920x1080,278780,3,49,57,56,75,66,experiment_5,experiment,/annotation/experiment/5.png,,,,,,,,,,,,,,,,,,,,,,1763730010,1.0,
0liq1n51t7,control,0,posttest,1,0,,,,4.0,4.25,0liq1n51t7,26-35,female,high-school,city,none,completed,Synthetic Generator 2.0,1920x1080,278780,3,49,57,56,75,66,posttest_1,posttest,/annotation/post_experiment/1.png,,,,,,,,,,,,,,,,,,,,,,1763730015,0.0,
0liq1n51t7,control,0,posttest,2,0,,,,6.0,4.646,0liq1n51t7,26-35,female,high-school,city,none,completed,Synthetic Generator 2.0,1920x1080,278780,3,49,57,56,75,66,posttest_2,posttest,/annotation/post_experiment/2.png,,,,,,,,,,,,,,,,,,,,,,1763730021,0.0,
0liq1n51t7,control,0,posttest,3,0,,,,7.0,4.166,0liq1n51t7,26-35,female,high-school,city,none,completed,Synthetic Generator 2.0,1920x1080,278780,3,49,57,56,75,66,posttest_3,posttest,/annotation/post_experiment/3.png,,,,,,,,,,,,,,,,,,,,,,1763730026,0.0,
0liq1n51t7,control,0,posttest,4,0,,,,4.0,3.634,0liq1n51t7,26-35,female,high-school,city,none,completed,Synthetic Generator 2.0,1920x1080,278780,3,49,57,56,75,66,posttest_4,posttest,/annotation/post_experiment/4.png,,,,,,,,,,,,,,,,,,,,,,1763730031,0.0,
0liq1n51t7,control,0,posttest,5,1,,,,4.0,3.754,0liq1n51t7,26-35,female,high-school,city,none,completed,Synthetic Generator 2.0,1920x1080,278780,3,49,57,56,75,66,posttest_5,posttest,/annotation/post_experiment/5.png,,,,,,,,,,,,,,,,,,,,,,1763730035,1.0,
1a1ng2sdwn,treatment,1,baseline,1,1,,,,3.0,3.114,1a1ng2sdwn,18-25,male,elementary,city,none,completed,Synthetic Generator 2.0,1920x1080,710255,10,71,61,54,56,48,baseline_1,baseline,/annotation/baseline/1.png,,,,,,,,,,,,,,,,,,,,,,1763699552,1.0,
1a1ng2sdwn,treatment,1,baseline,2,0,,,,3.0,2.818,1a1ng2sdwn,18-25,male,elementary,city,none,completed,Synthetic Generator 2.0,1920x1080,710255,10,71,61,54,56,48,baseline_2,baseline,/annotation/baseline/2.png,,,,,,,,,,,,,,,,,,,,,,1763699555,0.0,
1a1ng2sdwn,treatment,1,baseline,3,0,,,,5.0,4.225,1a1ng2sdwn,18-25,male,elementary,city,none,completed,Synthetic Generator 2.0,1920x1080,710255,10,71,61,54,56,48,baseline_3,baseline,/annotation/baseline/3.png,,,,,,,,,,,,,,,,,,,,,,1763699561,0.0,
1a1ng2sdwn,treatment,1,baseline,4,0,,,,6.0,2.747,1a1ng2sdwn,18-25,male,elementary,city,none,completed,Synthetic Generator 2.0,1920x1080,710255,10,71,61,54,56,48,baseline_4,baseline,/annotation/baseline/4.png,,,,,,,,,,,,,,,,,,,,,,1763699564,0.0,
1a1ng2sdwn,treatment,1,baseline,5,0,,,,3.0,4.33,1a1ng2sdwn,18-25,male,elementary,city,none,completed,Synthetic Generator 2.0,1920x1080,710255,10,71,61,54,56,48,baseline_5,baseline,/annotation/baseline/5.png,,,,,,,,,,,,,,,,,,,,,,1763699570,0.0,
1a1ng2sdwn,treatment,1,experiment,1,0,,,,,9.554,1a1ng2sdwn,18-25,male,elementary,city,none,completed,Synthetic Generator 2.0,1920x1080,710255,10,71,61,54,56,48,experiment_1,experiment,/annotation/experiment/1.png,0.0,False,nincsen tünet,,4.0,4.0,,,,,,0.9294063095729139,0.0,,,,,,,,,1763699580,,0.0
1a1ng2sdwn,treatment,1,experiment,2,0,,,,,13.801,1a1ng2sdwn,18-25,male,elementary,city,none,completed,Synthetic Generator 2.0,1920x1080,710255,10,71,61,54,56,48,experiment_2,experiment,/annotation/experiment/2.png,0.0,False,nincsen tünet,,1.0,1.0,,,,,,0.9660467244458648,0.0,,,,,,,,,1763699595,,0.0
1a1ng2sdwn,treatment,1,experiment,3,1,,,,,7.945,1a1ng2sdwn,18-25,male,elementary,city,none,completed,Synthetic Generator 2.0,1920x1080,710255,10,71,61,54,56,48,experiment_3,experiment,/annotation/experiment/3.png,1.0,False,tünet,0.6596562259794586,2.0,4.0,,,,,,0.9288490814079523,1.0,85.0,42.0,100.0,100.0,51.0,93.0,100.0,100.0,1763699604,,1.0
1a1ng2sdwn,treatment,1,experiment,4,0,,,,,10.851,1a1ng2sdwn,18-25,male,elementary,city,none,completed,Synthetic Generator 2.0,1920x1080,710255,10,71,61,54,56,48,experiment_4,experiment,/annotation/experiment/4.png,0.0,False,nincsen tünet,,7.0,7.0,,,,,,0.38079378756844184,0.0,,,,,,,,,1763699616,,0.0
1a1ng2sdwn,treatment,1,experiment,5,1,,,,,12.093,1a1ng2sdwn,18-25,male,elementary,city,none,completed,Synthetic Generator 2.0,1920x1080,710255,10,71,61,54,56,48,experiment_5,experiment,/annotation/experiment/5.png,1.0,False,tünet,0.3388090022969656,5.0,6.0,,,,,,0.9184243531720985,1.0,76.0,31.0,100.0,100.0,25.0,28.0,100.0,100.0,1763699629,,1.0
1a1ng2sdwn,treatment,1,posttest,1,0,,,,3.0,2.727,1a1ng2sdwn,18-25,male,elementary,city,none,completed,Synthetic Generator 2.0,1920x1080,710255,10,71,61,54,56,48,posttest_1,posttest,/annotation/post_experiment/1.png,,,,,,,,,,,,,,,,,,,,,,1763699633,0.0,
1a1ng2sdwn,treatment,1,posttest,2,1,,,,5.0,2.728,1a1ng2sdwn,18-25,male,elementary,city,none,completed,Synthetic Generator 2.0,1920x1080,710255,10,71,61,54,56,48,posttest_2,posttest,/annotation/post_experiment/2.png,,,,,,,,,,,,,,,,,,,,,,1763699636,1.0,
1a1ng2sdwn,treatment,1,posttest,3,1,,,,5.0,2.406,1a1ng2sdwn,18-25,male,elementary,city,none,completed,Synthetic Generator 2.0,1920x1080,710255,10,71,61,54,56,48,posttest_3,posttest,/annotation/post_experiment/3.png,,,,,,,,,,,,,,,,,,,,,,1763699640,1.0,
1a1ng2sdwn,treatment,1,posttest,4,0,,,,7.0,4.757,1a1ng2sdwn,18-25,male,elementary,city,none,completed,Synthetic Generator 2.0,1920x1080,710255,10,71,61,54,56,48,posttest_4,posttest,/annotation/post_experiment/4.png,,,,,,,,,,,,,,,,,,,,,,1763699646,0.0,
1a1ng2sdwn,treatment,1,posttest,5,0,,,,6.0,4.132,1a1ng2sdwn,18-25,male,elementary,city,none,completed,Synthetic Generator 2.0,1920x1080,710255,10,71,61,54,56,48,posttest_5,posttest,/annotation/post_experiment/5.png,,,,,,,,,,,,,,,,,,,,,,1763699651,0.0,
05tq3xuf1c,control,0,baseline,1,0,,,,2.0,1.785,05tq3xuf1c,18-25,female,masters,city,none,completed,Synthetic Generator 2.0,1920x1080,952539,7,76,49,40,20,78,baseline_1,baseline,/annotation/baseline/1.png,,,,,,,,,,,,,,,,,,,,,,1763683612,0.0,
05tq3xuf1c,control,0,baseline,2,1,,,,2.0,3.677,05tq3xuf1c,18-25,female,masters,city,none,completed,Synthetic Generator 2.0,1920x1080,952539,7,76,49,40,20,78,baseline_2,baseline,/annotation/baseline/2.png,,,,,,,,,,,,,,,,,,,,,,1763683617,1.0,
05tq3xuf1c,control,0,baseline,3,0,,,,2.0,1.227,05tq3xuf1c,18-25,female,masters,city,none,completed,Synthetic Generator 2.0,1920x1080,952539,7,76,49,40,20,78,baseline_3,baseline,/annotation/baseline/3.png,,,,,,,,,,,,,,,,,,,,,,1763683619,0.0,
05tq3xuf1c,control,0,baseline,4,1,,,,5.0,1.251,05tq3xuf1c,18-25,female,masters,city,none,completed,Synthetic Generator 2.0,1920x1080,952539,7,76,49,40,20,78,baseline_4,baseline,/annotation/baseline/4.png,,,,,,,,,,,,,,,,,,,,,,1763683621,1.0,
05tq3xuf1c,control,0,baseline,5,1,,,,2.0,2.254,05tq3xuf1c,18-25,female,masters,city,none,completed,Synthetic Generator 2.0,1920x1080,952539,7,76,49,40,20,78,baseline_5,baseline,/annotation/baseline/5.png,,,,,,,,,,,,,,,,,,,,,,1763683625,1.0,
05tq3xuf1c,control,0,experiment,1,1,,,,3.0,4.965,05tq3xuf1c,18-25,female,masters,city,none,completed,Synthetic Generator 2.0,1920x1080,952539,7,76,49,40,20,78,experiment_1,experiment,/annotation/experiment/1.png,,,,,,,,,,,,,,,,,,,,,,1763683631,1.0,
05tq3xuf1c,control,0,experiment,2,1,,,,4.0,2.177,05tq3xuf1c,18-25,female,masters,city,none,completed,Synthetic Generator 2.0,1920x1080,952539,7,76,49,40,20,78,experiment_2,experiment,/annotation/experiment/2.png,,,,,,,,,,,,,,,,,,,,,,1763683634,1.0,
05tq3xuf1c,control,0,experiment,3,0,,,,5.0,4.533,05tq3xuf1c,18-25,female,masters,city,none,completed,Synthetic Generator 2.0,1920x1080,952539,7,76,49,40,20,78,experiment_3,experiment,/annotation/experiment/3.png,,,,,,,,,,,,,,,,,,,,,,1763683639,0.0,
05tq3xuf1c,control,0,experiment,4,0,,,,7.0,3.304,05tq3xuf1c,18-25,female,masters,city,none,completed,Synthetic Generator 2.0,1920x1080,952539,7,76,49,40,20,78,experiment_4,experiment,/annotation/experiment/4.png,,,,,,,,,,,,,,,,,,,,,,1763683644,0.0,
05tq3xuf1c,control,0,experiment,5,0,,,,4.0,4.179,05tq3xuf1c,18-25,female,masters,city,none,completed,Synthetic Generator 2.0,1920x1080,952539,7,76,49,40,20,78,experiment_5,experiment,/annotation/experiment/5.png,,,,,,,,,,,,,,,,,,,,,,1763683649,0.0,
05tq3xuf1c,control,0,posttest,1,1,,,,3.0,2.266,05tq3xuf1c,18-25,female,masters,city,none,completed,Synthetic Generator 2.0,1920x1080,952539,7,76,49,40,20,78,posttest_1,posttest,/annotation/post_experiment/1.png,,,,,,,,,,,,,,,,,,,,,,1763683652,1.0,
05tq3xuf1c,control,0,posttest,2,1,,,,4.0,3.747,05tq3xuf1c,18-25,female,masters,city,none,completed,Synthetic Generator 2.0,1920x1080,952539,7,76,49,40,20,78,posttest_2,posttest,/annotation/post_experiment/2.png,,,,,,,,,,,,,,,,,,,,,,1763683657,1.0,
05tq3xuf1c,control,0,posttest,3,1,,,,5.0,4.784,05tq3xuf1c,18-25,female,masters,city,none,completed,Synthetic Generator 2.0,1920x1080,952539,7,76,49,40,20,78,posttest_3,posttest,/annotation/post_experiment/3.png,,,,,,,,,,,,,,,,,,,,,,1763683663,1.0,
05tq3xuf1c,control,0,posttest,4,0,,,,3.0,2.936,05tq3xuf1c,18-25,female,masters,city,none,completed,Synthetic Generator 2.0,1920x1080,952539,7,76,49,40,20,78,posttest_4,posttest,/annotation/post_experiment/4.png,,,,,,,,,,,,,,,,,,,,,,1763683667,0.0,
05tq3xuf1c,control,0,posttest,5,1,,,,6.0,2.263,05tq3xuf1c,18-25,female,masters,city,none,completed,Synthetic Generator 2.0,1920x1080,952539,7,76,49,40,20,78,posttest_5,posttest,/annotation/post_experiment/5.png,,,,,,,,,,,,,,,,,,,,,,1763683670,1.0,
0c9cu1qssx,control,0,baseline,1,1,,,,3.0,4.498,0c9cu1qssx,36-45,female,elementary,city,none,completed,Synthetic Generator 2.0,1920x1080,126673,5,77,71,42,55,54,baseline_1,baseline,/annotation/baseline/1.png,,,,,,,,,,,,,,,,,,,,,,1763686724,1.0,
0c9cu1qssx,control,0,baseline,2,0,,,,7.0,1.358,0c9cu1qssx,36-45,female,elementary,city,none,completed,Synthetic Generator 2.0,1920x1080,126673,5,77,71,42,55,54,baseline_2,baseline,/annotation/baseline/2.png,,,,,,,,,,,,,,,,,,,,,,1763686726,0.0,
0c9cu1qssx,control,0,baseline,3,1,,,,6.0,2.976,0c9cu1qssx,36-45,female,elementary,city,none,completed,Synthetic Generator 2.0,1920x1080,126673,5,77,71,42,55,54,baseline_3,baseline,/annotation/baseline/3.png,,,,,,,,,,,,,,,,,,,,,,1763686730,1.0,
0c9cu1qssx,control,0,baseline,4,0,,,,3.0,2.538,0c9cu1qssx,36-45,female,elementary,city,none,completed,Synthetic Generator 2.0,1920x1080,126673,5,77,71,42,55,54,baseline_4,baseline,/annotation/baseline/4.png,,,,,,,,,,,,,,,,,,,,,,1763686734,0.0,
0c9cu1qssx,control,0,baseline,5,1,,,,2.0,4.875,0c9cu1qssx,36-45,female,elementary,city,none,completed,Synthetic Generator 2.0,1920x1080,126673,5,77,71,42,55,54,baseline_5,baseline,/annotation/baseline/5.png,,,,,,,,,,,,,,,,,,,,,,1763686740,1.0,
0c9cu1qssx,control,0,experiment,1,0,,,,5.0,4.841,0c9cu1qssx,36-45,female,elementary,city,none,completed,Synthetic Generator 2.0,1920x1080,126673,5,77,71,42,55,54,experiment_1,experiment,/annotation/experiment/1.png,,,,,,,,,,,,,,,,,,,,,,1763686746,0.0,
0c9cu1qssx,control,0,experiment,2,0,,,,1.0,3.154,0c9cu1qssx,36-45,female,elementary,city,none,completed,Synthetic Generator 2.0,1920x1080,126673,5,77,71,42,55,54,experiment_2,experiment,/annotation/experiment/2.png,,,,,,,,,,,,,,,,,,,,,,1763686750,0.0,
0c9cu1qssx,control,0,experiment,3,1,,,,3.0,4.446,0c9cu1qssx,36-45,female,elementary,city,none,completed,Synthetic Generator 2.0,1920x1080,126673,5,77,71,42,55,54,experiment_3,experiment,/annotation/experiment/3.png,,,,,,,,,,,,,,,,,,,,,,1763686755,1.0,
0c9cu1qssx,control,0,experiment,4,0,,,,4.0,4.076,0c9cu1qssx,36-45,female,elementary,city,none,completed,Synthetic Generator 2.0,1920x1080,126673,5,77,71,42,55,54,experiment_4,experiment,/annotation/experiment/4.png,,,,,,,,,,,,,,,,,,,,,,1763686760,0.0,
0c9cu1qssx,control,0,experiment,5,0,,,,3.0,3.436,0c9cu1qssx,36-45,female,elementary,city,none,completed,Synthetic Generator 2.0,1920x1080,126673,5,77,71,42,55,54,experiment_5,experiment,/annotation/experiment/5.png,,,,,,,,,,,,,,,,,,,,,,1763686765,0.0,
0c9cu1qssx,control,0,posttest,1,0,,,,4.0,2.975,0c9cu1qssx,36-45,female,elementary,city,none,completed,Synthetic Generator 2.0,1920x1080,126673,5,77,71,42,55,54,posttest_1,posttest,/annotation/post_experiment/1.png,,,,,,,,,,,,,,,,,,,,,,1763686769,0.0,
0c9cu1qssx,control,0,posttest,2,1,,,,5.0,4.497,0c9cu1qssx,36-45,female,elementary,city,none,completed,Synthetic Generator 2.0,1920x1080,126673,5,77,71,42,55,54,posttest_2,posttest,/annotation/post_experiment/2.png,,,,,,,,,,,,,,,,,,,,,,1763686774,1.0,
0c9cu1qssx,control,0,posttest,3,1,,,,5.0,3.784,0c9cu1qssx,36-45,female,elementary,city,none,completed,Synthetic Generator 2.0,1920x1080,126673,5,77,71,42,55,54,posttest_3,posttest,/annotation/post_experiment/3.png,,,,,,,,,,,,,,,,,,,,,,1763686779,1.0,
0c9cu1qssx,control,0,posttest,4,1,,,,4.0,4.422,0c9cu1qssx,36-45,female,elementary,city,none,completed,Synthetic Generator 2.0,1920x1080,126673,5,77,71,42,55,54,posttest_4,posttest,/annotation/post_experiment/4.png,,,,,,,,,,,,,,,,,,,,,,1763686784,1.0,
0c9cu1qssx,control,0,posttest,5,0,,,,6.0,1.973,0c9cu1qssx,36-45,female,elementary,city,none,completed,Synthetic Generator 2.0,1920x1080,126673,5,77,71,42,55,54,posttest_5,posttest,/annotation/post_experiment/5.png,,,,,,,,,,,,,,,,,,,,,,1763686787,0.0,
09d4qn01ey,control,0,baseline,1,0,,,,6.0,1.515,09d4qn01ey,26-35,male,masters,city,none,completed,Synthetic Generator 2.0,1920x1080,183141,8,68,40,49,38,77,baseline_1,baseline,/annotation/baseline/1.png,,,,,,,,,,,,,,,,,,,,,,1763671760,0.0,
09d4qn01ey,control,0,baseline,2,0,,,,4.0,2.032,09d4qn01ey,26-35,male,masters,city,none,completed,Synthetic Generator 2.0,1920x1080,183141,8,68,40,49,38,77,baseline_2,baseline,/annotation/baseline/2.png,,,,,,,,,,,,,,,,,,,,,,1763671763,0.0,
09d4qn01ey,control,0,baseline,3,0,,,,2.0,4.232,09d4qn01ey,26-35,male,masters,city,none,completed,Synthetic Generator 2.0,1920x1080,183141,8,68,40,49,38,77,baseline_3,baseline,/annotation/baseline/3.png,,,,,,,,,,,,,,,,,,,,,,1763671768,0.0,
09d4qn01ey,control,0,baseline,4,0,,,,5.0,4.22,09d4qn01ey,26-35,male,masters,city,none,completed,Synthetic Generator 2.0,1920x1080,183141,8,68,40,49,38,77,baseline_4,baseline,/annotation/baseline/4.png,,,,,,,,,,,,,,,,,,,,,,1763671773,0.0,
09d4qn01ey,control,0,baseline,5,0,,,,5.0,2.602,09d4qn01ey,26-35,male,masters,city,none,completed,Synthetic Generator 2.0,1920x1080,183141,8,68,40,49,38,77,baseline_5,baseline,/annotation/baseline/5.png,,,,,,,,,,,,,,,,,,,,,,1763671777,0.0,
09d4qn01ey,control,0,experiment,1,1,,,,4.0,3.524,09d4qn01ey,26-35,male,masters,city,none,completed,Synthetic Generator 2.0,1920x1080,183141,8,68,40,49,38,77,experiment_1,experiment,/annotation/experiment/1.png,,,,,,,,,,,,,,,,,,,,,,1763671782,1.0,
09d4qn01ey,control,0,experiment,2,1,,,,5.0,4.851,09d4qn01ey,26-35,male,masters,city,none,completed,Synthetic Generator 2.0,1920x1080,183141,8,68,40,49,38,77,experiment_2,experiment,/annotation/experiment/2.png,,,,,,,,,,,,,,,,,,,,,,1763671787,1.0,
09d4qn01ey,control,0,experiment,3,0,,,,4.0,2.579,09d4qn01ey,26-35,male,masters,city,none,completed,Synthetic Generator 2.0,1920x1080,183141,8,68,40,49,38,77,experiment_3,experiment,/annotation/experiment/3.png,,,,,,,,,,,,,,,,,,,,,,1763671791,0.0,
09d4qn01ey,control,0,experiment,4,1,,,,7.0,2.299,09d4qn01ey,26-35,male,masters,city,none,completed,Synthetic Generator 2.0,1920x1080,183141,8,68,40,49,38,77,experiment_4,experiment,/annotation/experiment/4.png,,,,,,,,,,,,,,,,,,,,,,1763671794,1.0,
09d4qn01ey,control,0,experiment,5,1,,,,3.0,2.09,09d4qn01ey,26-35,male,masters,city,none,completed,Synthetic Generator 2.0,1920x1080,183141,8,68,40,49,38,77,experiment_5,experiment,/annotation/experiment/5.png,,,,,,,,,,,,,,,,,,,,,,1763671797,1.0,
09d4qn01ey,control,0,posttest,1,1,,,,7.0,4.313,09d4qn01ey,26-35,male,masters,city,none,completed,Synthetic Generator 2.0,1920x1080,183141,8,68,40,49,38,77,posttest_1,posttest,/annotation/post_experiment/1.png,,,,,,,,,,,,,,,,,,,,,,1763671803,1.0,
09d4qn01ey,control,0,posttest,2,0,,,,5.0,4.472,09d4qn01ey,26-35,male,masters,city,none,completed,Synthetic Generator 2.0,1920x1080,183141,8,68,40,49,38,77,posttest_2,posttest,/annotation/post_experiment/2.png,,,,,,,,,,,,,,,,,,,,,,1763671808,0.0,
09d4qn01ey,control,0,posttest,3,1,,,,3.0,1.629,09d4qn01ey,26-35,male,masters,city,none,completed,Synthetic Generator 2.0,1920x1080,183141,8,68,40,49,38,77,posttest_3,posttest,/annotation/post_experiment/3.png,,,,,,,,,,,,,,,,,,,,,,1763671811,1.0,
09d4qn01ey,control,0,posttest,4,1,,,,6.0,3.499,09d4qn01ey,26-35,male,masters,city,none,completed,Synthetic Generator 2.0,1920x1080,183141,8,68,40,49,38,77,posttest_4,posttest,/annotation/post_experiment/4.png,,,,,,,,,,,,,,,,,,,,,,1763671815,1.0,
09d4qn01ey,control,0,posttest,5,0,,,,2.0,1.065,09d4qn01ey,26-35,male,masters,city,none,completed,Synthetic Generator 2.0,1920x1080,183141,8,68,40,49,38,77,posttest_5,posttest,/annotation/post_experiment/5.png,,,,,,,,,,,,,,,,,,,,,,1763671817,0.0,
1j9f1n6aze,treatment,1,baseline,1,0,,,,6.0,1.266,1j9f1n6aze,36-45,female,bachelor,county-seat,none,completed,Synthetic Generator 2.0,1920x1080,897563,10,69,58,55,40,36,baseline_1,baseline,/annotation/baseline/1.png,,,,,,,,,,,,,,,,,,,,,,1763712740,0.0,
1j9f1n6aze,treatment,1,baseline,2,0,,,,1.0,2.89,1j9f1n6aze,36-45,female,bachelor,county-seat,none,completed,Synthetic Generator 2.0,1920x1080,897563,10,69,58,55,40,36,baseline_2,baseline,/annotation/baseline/2.png,,,,,,,,,,,,,,,,,,,,,,1763712744,0.0,
1j9f1n6aze,treatment,1,baseline,3,1,,,,7.0,3.479,1j9f1n6aze,36-45,female,bachelor,county-seat,none,completed,Synthetic Generator 2.0,1920x1080,897563,10,69,58,55,40,36,baseline_3,baseline,/annotation/baseline/3.png,,,,,,,,,,,,,,,,,,,,,,1763712748,1.0,
1j9f1n6aze,treatment,1,baseline,4,0,,,,3.0,2.064,1j9f1n6aze,36-45,female,bachelor,county-seat,none,completed,Synthetic Generator 2.0,1920x1080,897563,10,69,58,55,40,36,baseline_4,baseline,/annotation/baseline/4.png,,,,,,,,,,,,,,,,,,,,,,1763712751,0.0,
1j9f1n6aze,treatment,1,baseline,5,1,,,,5.0,3.201,1j9f1n6aze,36-45,female,bachelor,county-seat,none,completed,Synthetic Generator 2.0,1920x1080,897563,10,69,58,55,40,36,baseline_5,baseline,/annotation/baseline/5.png,,,,,,,,,,,,,,,,,,,,,,1763712755,1.0,
1j9f1n6aze,treatment,1,experiment,1,1,,,,,7.485,1j9f1n6aze,36-45,female,bachelor,county-seat,none,completed,Synthetic Generator 2.0,1920x1080,897563,10,69,58,55,40,36,experiment_1,experiment,/annotation/experiment/1.png,1.0,False,tünet,0.4278524341442321,1.0,1.0,,,,,,0.9210286606543177,0.0,,,,,62.0,25.0,100.0,100.0,1763712764,,1.0
1j9f1n6aze,treatment,1,experiment,2,0,,,,,6.81,1j9f1n6aze,36-45,female,bachelor,county-seat,none,completed,Synthetic Generator 2.0,1920x1080,897563,10,69,58,55,40,36,experiment_2,experiment,/annotation/experiment/2.png,0.0,False,nincsen tünet,,1.0,1.0,,,,,,0.979179735035529,0.0,,,,,,,,,1763712772,,0.0
1j9f1n6aze,treatment,1,experiment,3,1,,,,,6.754,1j9f1n6aze,36-45,female,bachelor,county-seat,none,completed,Synthetic Generator 2.0,1920x1080,897563,10,69,58,55,40,36,experiment_3,experiment,/annotation/experiment/3.png,1.0,False,tünet,0.6000000778285539,3.0,4.0,,,,,,0.9244049284891305,1.0,14.0,18.0,100.0,100.0,56.0,50.0,100.0,100.0,1763712779,,1.0
1j9f1n6aze,treatment,1,experiment,4,1,,,,,11.643,1j9f1n6aze,36-45,female,bachelor,county-seat,none,completed,Synthetic Generator 2.0,1920x1080,897563,10,69,58,55,40,36,experiment_4,experiment,/annotation/experiment/4.png,1.0,False,tünet,0.6937567988633239,7.0,7.0,,,,,,0.9484268371492258,1.0,78.0,9.0,100.0,100.0,2.0,86.0,100.0,100.0,1763712792,,1.0
1j9f1n6aze,treatment,1,experiment,5,1,,,,,11.633,1j9f1n6aze,36-45,female,bachelor,county-seat,none,completed,Synthetic Generator 2.0,1920x1080,897563,10,69,58,55,40,36,experiment_5,experiment,/annotation/experiment/5.png,1.0,False,tünet,0.010503531999597937,4.0,6.0,,,,,,0.961343534839316,1.0,87.0,78.0,100.0,100.0,8.0,50.0,100.0,100.0,1763712805,,1.0
1j9f1n6aze,treatment,1,posttest,1,0,,,,5.0,1.181,1j9f1n6aze,36-45,female,bachelor,county-seat,none,completed,Synthetic Generator 2.0,1920x1080,897563,10,69,58,55,40,36,posttest_1,posttest,/annotation/post_experiment/1.png,,,,,,,,,,,,,,,,,,,,,,1763712807,0.0,
1j9f1n6aze,treatment,1,posttest,2,0,,,,2.0,2.199,1j9f1n6aze,36-45,female,bachelor,county-seat,none,completed,Synthetic Generator 2.0,1920x1080,897563,10,69,58,55,40,36,posttest_2,posttest,/annotation/post_experiment/2.png,,,,,,,,,,,,,,,,,,,,,,1763712810,0.0,
1j9f1n6aze,treatment,1,posttest,3,1,,,,5.0,2.344,1j9f1n6aze,36-45,female,bachelor,county-seat,none,completed,Synthetic Generator 2.0,1920x1080,897563,10,69,58,55,40,36,posttest_3,posttest,/annotation/post_experiment/3.png,,,,,,,,,,,,,,,,,,,,,,1763712813,1.0,
1j9f1n6aze,treatment,1,posttest,4,1,,,,6.0,3.575,1j9f1n6aze,36-45,female,bachelor,county-seat,none,completed,Synthetic Generator 2.0,1920x1080,897563,10,69,58,55,40,36,posttest_4,posttest,/annotation/post_experiment/4.png,,,,,,,,,,,,,,,,,,,,,,1763712818,1.0,
1j9f1n6aze,treatment,1,posttest,5,1,,,,5.0,3.657,1j9f1n6aze,36-45,female,bachelor,county-seat,none,completed,Synthetic Generator 2.0,1920x1080,897563,10,69,58,55,40,36,posttest_5,posttest,/annotation/post_experiment/5.png,,,,,,,,,,,,,,,,,,,,,,1763712823,1.0,
1g3wj769jm,treatment,1,baseline,1,0,,,,4.0,2.425,1g3wj769jm,36-45,male,bachelor,village,none,completed,Synthetic Generator 2.0,1920x1080,116100,7,77,65,35,20,86,baseline_1,baseline,/annotation/baseline/1.png,,,,,,,,,,,,,,,,,,,,,,1763722641,0.0,
1g3wj769jm,treatment,1,baseline,2,0,,,,3.0,2.261,1g3wj769jm,36-45,male,bachelor,village,none,completed,Synthetic Generator 2.0,1920x1080,116100,7,77,65,35,20,86,baseline_2,baseline,/annotation/baseline/2.png,,,,,,,,,,,,,,,,,,,,,,1763722644,0.0,
1g3wj769jm,treatment,1,baseline,3,1,,,,2.0,3.226,1g3wj769jm,36-45,male,bachelor,village,none,completed,Synthetic Generator 2.0,1920x1080,116100,7,77,65,35,20,86,baseline_3,baseline,/annotation/baseline/3.png,,,,,,,,,,,,,,,,,,,,,,1763722648,1.0,
1g3wj769jm,treatment,1,baseline,4,0,,,,7.0,1.437,1g3wj769jm,36-45,male,bachelor,village,none,completed,Synthetic Generator 2.0,1920x1080,116100,7,77,65,35,20,86,baseline_4,baseline,/annotation/baseline/4.png,,,,,,,,,,,,,,,,,,,,,,1763722651,0.0,
1g3wj769jm,treatment,1,baseline,5,1,,,,6.0,2.638,1g3wj769jm,36-45,male,bachelor,village,none,completed,Synthetic Generator 2.0,1920x1080,116100,7,77,65,35,20,86,baseline_5,baseline,/annotation/baseline/5.png,,,,,,,,,,,,,,,,,,,,,,1763722654,1.0,
1g3wj769jm,treatment,1,experiment,1,0,,,,,13.699,1g3wj769jm,36-45,male,bachelor,village,none,completed,Synthetic Generator 2.0,1920x1080,116100,7,77,65,35,20,86,experiment_1,experiment,/annotation/experiment/1.png,0.0,False,nincsen tünet,,4.0,5.0,,,,,,0.9081792153798135,0.0,,,,,,,,,1763722669,,0.0
1g3wj769jm,treatment,1,experiment,2,0,,,,,12.708,1g3wj769jm,36-45,male,bachelor,village,none,completed,Synthetic Generator 2.0,1920x1080,116100,7,77,65,35,20,86,experiment_2,experiment,/annotation/experiment/2.png,0.0,False,nincsen tünet,,1.0,3.0,,,,,,0.9340311743417415,0.0,,,,,,,,,1763722683,,0.0
1g3wj769jm,treatment,1,experiment,3,1,,,,,12.376,1g3wj769jm,36-45,male,bachelor,village,none,completed,Synthetic Generator 2.0,1920x1080,116100,7,77,65,35,20,86,experiment_3,experiment,/annotation/experiment/3.png,1.0,False,tünet,0.6554546736375318,1.0,3.0,,,,,,0.8929100054634872,1.0,22.0,72.0,100.0,100.0,5.0,49.0,100.0,100.0,1763722696,,1.0
1g3wj769jm,treatment,1,experiment,4,1,,,,,12.752,1g3wj769jm,36-45,male,bachelor,village,none,completed,Synthetic Generator 2.0,1920x1080,116100,7,77,65,35,20,86,experiment_4,experiment,/annotation/experiment/4.png,1.0,False,tünet,0.6814041138407149,1.0,1.0,,,,,,0.8874807840270328,1.0,59.0,10.0,100.0,100.0,56.0,44.0,100.0,100.0,1763722710,,1.0
1g3wj769jm,treatment,1,experiment,5,1,,,,,11.675,1g3wj769jm,36-45,male,bachelor,village,none,completed,Synthetic Generator 2.0,1920x1080,116100,7,77,65,35,20,86,experiment_5,experiment,/annotation/experiment/5.png,1.0,False,tünet,0.8136328675093473,1.0,3.0,,,,,,0.9723099458218357,1.0,31.0,25.0,100.0,100.0,8.0,100.0,100.0,100.0,1763722723,,1.0
1g3wj769jm,treatment,1,posttest,1,0,,,,6.0,2.187,1g3wj769jm,36-45,male,bachelor,village,none,completed,Synthetic Generator 2.0,1920x1080,116100,7,77,65,35,20,86,posttest_1,posttest,/annotation/post_experiment/1.png,,,,,,,,,,,,,,,,,,,,,,1763722726,0.0,
1g3wj769jm,treatment,1,posttest,2,0,,,,5.0,3.59,1g3wj769jm,36-45,male,bachelor,village,none,completed,Synthetic Generator 2.0,1920x1080,116100,7,77,65,35,20,86,posttest_2,posttest,/annotation/post_experiment/2.png,,,,,,,,,,,,,,,,,,,,,,1763722730,0.0,
1g3wj769jm,treatment,1,posttest,3,0,,,,6.0,2.543,1g3wj769jm,36-45,male,bachelor,village,none,completed,Synthetic Generator 2.0,1920x1080,116100,7,77,65,35,20,86,posttest_3,posttest,/annotation/post_experiment/3.png,,,,,,,,,,,,,,,,,,,,,,1763722734,0.0,
1g3wj769jm,treatment,1,posttest,4,1,,,,5.0,2.755,1g3wj769jm,36-45,male,bachelor,village,none,completed,Synthetic Generator 2.0,1920x1080,116100,7,77,65,35,20,86,posttest_4,posttest,/annotation/post_experiment/4.png,,,,,,,,,,,,,,,,,,,,,,1763722738,1.0,
1g3wj769jm,treatment,1,posttest,5,0,,,,1.0,4.822,1g3wj769jm,36-45,male,bachelor,village,none,completed,Synthetic Generator 2.0,1920x1080,116100,7,77,65,35,20,86,posttest_5,posttest,/annotation/post_experiment/5.png,,,,,,,,,,,,,,,,,,,,,,1763722744,0.0,
0e2yioubr7,control,0,baseline,1,0,,,,4.0,1.44,0e2yioubr7,26-35,male,high-school,village,none,completed,Synthetic Generator 2.0,1920x1080,721661,4,59,70,70,20,31,baseline_1,baseline,/annotation/baseline/1.png,,,,,,,,,,,,,,,,,,,,,,1763715113,0.0,
0e2yioubr7,control,0,baseline,2,0,,,,6.0,1.018,0e2yioubr7,26-35,male,high-school,village,none,completed,Synthetic Generator 2.0,1920x1080,721661,4,59,70,70,20,31,baseline_2,baseline,/annotation/baseline/2.png,,,,,,,,,,,,,,,,,,,,,,1763715115,0.0,
0e2yioubr7,control,0,baseline,3,0,,,,4.0,2.868,0e2yioubr7,26-35,male,high-school,village,none,completed,Synthetic Generator 2.0,1920x1080,721661,4,59,70,70,20,31,baseline_3,baseline,/annotation/baseline/3.png,,,,,,,,,,,,,,,,,,,,,,1763715119,0.0,
0e2yioubr7,control,0,baseline,4,0,,,,3.0,2.616,0e2yioubr7,26-35,male,high-school,village,none,completed,Synthetic Generator 2.0,1920x1080,721661,4,59,70,70,20,31,baseline_4,baseline,/annotation/baseline/4.png,,,,,,,,,,,,,,,,,,,,,,1763715122,0.0,
0e2yioubr7,control,0,baseline,5,0,,,,3.0,2.784,0e2yioubr7,26-35,male,high-school,village,none,completed,Synthetic Generator 2.0,1920x1080,721661,4,59,70,70,20,31,baseline_5,baseline,/annotation/baseline/5.png,,,,,,,,,,,,,,,,,,,,,,1763715126,0.0,
0e2yioubr7,control,0,experiment,1,1,,,,6.0,3.389,0e2yioubr7,26-35,male,high-school,village,none,completed,Synthetic Generator 2.0,1920x1080,721661,4,59,70,70,20,31,experiment_1,experiment,/annotation/experiment/1.png,,,,,,,,,,,,,,,,,,,,,,1763715131,1.0,
0e2yioubr7,control,0,experiment,2,1,,,,3.0,1.532,0e2yioubr7,26-35,male,high-school,village,none,completed,Synthetic Generator 2.0,1920x1080,721661,4,59,70,70,20,31,experiment_2,experiment,/annotation/experiment/2.png,,,,,,,,,,,,,,,,,,,,,,1763715133,1.0,
0e2yioubr7,control,0,experiment,3,1,,,,4.0,4.293,0e2yioubr7,26-35,male,high-school,village,none,completed,Synthetic Generator 2.0,1920x1080,721661,4,59,70,70,20,31,experiment_3,experiment,/annotation/experiment/3.png,,,,,,,,,,,,,,,,,,,,,,1763715138,1.0,
0e2yioubr7,control,0,experiment,4,1,,,,2.0,4.297,0e2yioubr7,26-35,male,high-school,village,none,completed,Synthetic Generator 2.0,1920x1080,721661,4,59,70,70,20,31,experiment_4,experiment,/annotation/experiment/4.png,,,,,,,,,,,,,,,,,,,,,,1763715144,1.0,
0e2yioubr7,control,0,experiment,5,0,,,,3.0,4.097,0e2yioubr7,26-35,male,high-school,village,none,completed,Synthetic Generator 2.0,1920x1080,721661,4,59,70,70,20,31,experiment_5,experiment,/annotation/experiment/5.png,,,,,,,,,,,,,,,,,,,,,,1763715149,0.0,
0e2yioubr7,control,0,posttest,1,0,,,,3.0,4.775,0e2yioubr7,26-35,male,high-school,village,none,completed,Synthetic Generator 2.0,1920x1080,721661,4,59,70,70,20,31,posttest_1,posttest,/annotation/post_experiment/1.png,,,,,,,,,,,,,,,,,,,,,,1763715155,0.0,
0e2yioubr7,control,0,posttest,2,1,,,,2.0,2.804,0e2yioubr7,26-35,male,high-school,village,none,completed,Synthetic Generator 2.0,1920x1080,721661,4,59,70,70,20,31,posttest_2,posttest,/annotation/post_experiment/2.png,,,,,,,,,,,,,,,,,,,,,,1763715158,1.0,
0e2yioubr7,control,0,posttest,3,0,,,,5.0,3.432,0e2yioubr7,26-35,male,high-school,village,none,completed,Synthetic Generator 2.0,1920x1080,721661,4,59,70,70,20,31,posttest_3,posttest,/annotation/post_experiment/3.png,,,,,,,,,,,,,,,,,,,,,,1763715163,0.0,
0e2yioubr7,control,0,posttest,4,1,,,,6.0,3.2,0e2yioubr7,26-35,male,high-school,village,none,completed,Synthetic Generator 2.0,1920x1080,721661,4,59,70,70,20,31,posttest_4,posttest,/annotation/post_experiment/4.png,,,,,,,,,,,,,,,,,,,,,,1763715167,1.0,
0e2yioubr7,control,0,posttest,5,1,,,,3.0,1.597,0e2yioubr7,26-35,male,high-school,village,none,completed,Synthetic Generator 2.0,1920x1080,721661,4,59,70,70,20,31,posttest_5,posttest,/annotation/post_experiment/5.png,,,,,,,,,,,,,,,,,,,,,,1763715170,1.0,
06w5g9v521,control,0,baseline,1,0,,,,6.0,4.574,06w5g9v521,36-45,male,phd,county-seat,none,completed,Synthetic Generator 2.0,1920x1080,974329,8,48,56,51,28,53,baseline_1,baseline,/annotation/baseline/1.png,,,,,,,,,,,,,,,,,,,,,,1763732113,0.0,
06w5g9v521,control,0,baseline,2,1,,,,6.0,3.572,06w5g9v521,36-45,male,phd,county-seat,none,completed,Synthetic Generator 2.0,1920x1080,974329,8,48,56,51,28,53,baseline_2,baseline,/annotation/baseline/2.png,,,,,,,,,,,,,,,,,,,,,,1763732118,1.0,
06w5g9v521,control,0,baseline,3,1,,,,5.0,1.651,06w5g9v521,36-45,male,phd,county-seat,none,completed,Synthetic Generator 2.0,1920x1080,974329,8,48,56,51,28,53,baseline_3,baseline,/annotation/baseline/3.png,,,,,,,,,,,,,,,,,,,,,,1763732120,1.0,
06w5g9v521,control,0,baseline,4,1,,,,4.0,1.901,06w5g9v521,36-45,male,phd,county-seat,none,completed,Synthetic Generator 2.0,1920x1080,974329,8,48,56,51,28,53,baseline_4,baseline,/annotation/baseline/4.png,,,,,,,,,,,,,,,,,,,,,,1763732123,1.0,
06w5g9v521,control,0,baseline,5,1,,,,6.0,4.494,06w5g9v521,36-45,male,phd,county-seat,none,completed,Synthetic Generator 2.0,1920x1080,974329,8,48,56,51,28,53,baseline_5,baseline,/annotation/baseline/5.png,,,,,,,,,,,,,,,,,,,,,,1763732129,1.0,
06w5g9v521,control,0,experiment,1,1,,,,7.0,1.148,06w5g9v521,36-45,male,phd,county-seat,none,completed,Synthetic Generator 2.0,1920x1080,974329,8,48,56,51,28,53,experiment_1,experiment,/annotation/experiment/1.png,,,,,,,,,,,,,,,,,,,,,,1763732131,1.0,
06w5g9v521,control,0,experiment,2,0,,,,1.0,2.873,06w5g9v521,36-45,male,phd,county-seat,none,completed,Synthetic Generator 2.0,1920x1080,974329,8,48,56,51,28,53,experiment_2,experiment,/annotation/experiment/2.png,,,,,,,,,,,,,,,,,,,,,,1763732135,0.0,
06w5g9v521,control,0,experiment,3,1,,,,5.0,1.08,06w5g9v521,36-45,male,phd,county-seat,none,completed,Synthetic Generator 2.0,1920x1080,974329,8,48,56,51,28,53,experiment_3,experiment,/annotation/experiment/3.png,,,,,,,,,,,,,,,,,,,,,,1763732137,1.0,
06w5g9v521,control,0,experiment,4,1,,,,3.0,2.932,06w5g9v521,36-45,male,phd,county-seat,none,completed,Synthetic Generator 2.0,1920x1080,974329,8,48,56,51,28,53,experiment_4,experiment,/annotation/experiment/4.png,,,,,,,,,,,,,,,,,,,,,,1763732141,1.0,
06w5g9v521,control,0,experiment,5,1,,,,4.0,3.214,06w5g9v521,36-45,male,phd,county-seat,none,completed,Synthetic Generator 2.0,1920x1080,974329,8,48,56,51,28,53,experiment_5,experiment,/annotation/experiment/5.png,,,,,,,,,,,,,,,,,,,,,,1763732145,1.0,
06w5g9v521,control,0,posttest,1,0,,,,3.0,4.176,06w5g9v521,36-45,male,phd,county-seat,none,completed,Synthetic Generator 2.0,1920x1080,974329,8,48,56,51,28,53,posttest_1,posttest,/annotation/post_experiment/1.png,,,,,,,,,,,,,,,,,,,,,,1763732150,0.0,
06w5g9v521,control,0,posttest,2,0,,,,3.0,1.078,06w5g9v521,36-45,male,phd,county-seat,none,completed,Synthetic Generator 2.0,1920x1080,974329,8,48,56,51,28,53,posttest_2,posttest,/annotation/post_experiment/2.png,,,,,,,,,,,,,,,,,,,,,,1763732152,0.0,
06w5g9v521,control,0,posttest,3,1,,,,3.0,3.765,06w5g9v521,36-45,male,phd,county-seat,none,completed,Synthetic Generator 2.0,1920x1080,974329,8,48,56,51,28,53,posttest_3,posttest,/annotation/post_experiment/3.png,,,,,,,,,,,,,,,,,,,,,,1763732157,1.0,
06w5g9v521,control,0,posttest,4,0,,,,7.0,1.61,06w5g9v521,36-45,male,phd,county-seat,none,completed,Synthetic Generator 2.0,1920x1080,974329,8,48,56,51,28,53,posttest_4,posttest,/annotation/post_experiment/4.png,,,,,,,,,,,,,,,,,,,,,,1763732160,0.0,
06w5g9v521,control,0,posttest,5,0,,,,2.0,2.677,06w5g9v521,36-45,male,phd,county-seat,none,completed,Synthetic Generator 2.0,1920x1080,974329,8,48,56,51,28,53,posttest_5,posttest,/annotation/post_experiment/5.png,,,,,,,,,,,,,,,,,,,,,,1763732163,0.0,
