age,ai_confidence,ai_prediction,ai_shown,big5_agreeableness,big5_conscientiousness,big5_extraversion,big5_neuroticism,big5_open_mindedness,big5_timestamp,confidence,created_at,current_phase,experience_level,facet_aesthetic_sensitivity,facet_anxiety,facet_assertiveness,facet_compassion,facet_creative_imagination,facet_depression,facet_emotional_volatility,facet_energy_level,facet_intellectual_curiosity,facet_organization,facet_productiveness,facet_respectfulness,facet_responsibility,facet_sociability,facet_trust,final_confidence,final_decision,gender,ground_truth_binary,ground_truth_raw,healthcare_qualification,initial_confidence,initial_decision,iq_completed_at,iq_score,iq_time_remaining,participant_id,phase1_completed_at,phase1_video_watched,phase2_completed_at,residence,reverted_decision,school,symptom1,symptom2,treatment_group,trial_duration,trial_end_time,trial_id,trial_image,trial_image_name,trial_original_image_name,trial_start_time,user_id
17,0.3771,0,False,3.17,3.67,2.92,2.83,3.67,1770285974132,5,2026-02-05T09:59:00.270000+00:00,phase1_completed,none,3.25,3.25,3,3.25,4,3.5,1.75,3.75,3.75,3.75,4.25,3.25,3,2,3,,,male,0,0,none,,0,1770286535890,5,42,0-3L7D9,1770287124686,True,,village,,secondary,,,0,25.236,1770286698917,trial_1,9872350R.png,30.png,9872350R.png,1770286673681,0-3L7D9
17,0.7641,0,False,3.17,3.67,2.92,2.83,3.67,1770285974132,7,2026-02-05T09:59:00.270000+00:00,phase1_completed,none,3.25,3.25,3,3.25,4,3.5,1.75,3.75,3.75,3.75,4.25,3.25,3,2,3,,,male,0,0,none,,0,1770286535890,5,42,0-3L7D9,1770287124686,True,,village,,secondary,,,0,4.064,1770286787978,trial_10,9667180L.png,35.png,9667180L.png,1770286783914,0-3L7D9
17,0.9625,1,False,3.17,3.67,2.92,2.83,3.67,1770285974132,7,2026-02-05T09:59:00.270000+00:00,phase1_completed,none,3.25,3.25,3,3.25,4,3.5,1.75,3.75,3.75,3.75,4.25,3.25,3,2,3,,,male,1,3,none,,1,1770286535890,5,42,0-3L7D9,1770287124686,True,,village,,secondary,,,0,3.187,1770286791487,trial_11,9037494R.png,31.png,9037494R.png,1770286788300,0-3L7D9
17,0.4633,1,False,3.17,3.67,2.92,2.83,3.67,1770285974132,5,2026-02-05T09:59:00.270000+00:00,phase1_completed,none,3.25,3.25,3,3.25,4,3.5,1.75,3.75,3.75,3.75,4.25,3.25,3,2,3,,,male,0,0,none,,0,1770286535890,5,42,0-3L7D9,1770287124686,True,,village,,secondary,,,0,8.172,1770286799993,trial_12,9140556L.png,7.png,9140556L.png,1770286791821,0-3L7D9
17,0.0426,1,False,3.17,3.67,2.92,2.83,3.67,1770285974132,7,2026-02-05T09:59:00.270000+00:00,phase1_completed,none,3.25,3.25,3,3.25,4,3.5,1.75,3.75,3.75,3.75,4.25,3.25,3,2,3,,,male,0,0,none,,1,1770286535890,5,42,0-3L7D9,1770287124686,True,,village,,secondary,,,0,5.306,1770286805625,trial_13,9360243L.png,50.png,9360243L.png,1770286800319,0-3L7D9
17,0.0923,0,False,3.17,3.67,2.92,2.83,3.67,1770285974132,7,2026-02-05T09:59:00.270000+00:00,phase1_completed,none,3.25,3.25,3,3.25,4,3.5,1.75,3.75,3.75,3.75,4.25,3.25,3,2,3,,,male,1,3,none,,1,1770286535890,5,42,0-3L7D9,1770287124686,True,,village,,secondary,,,0,7.9,1770286813856,trial_14,9305336L.png,12.png,9305336L.png,1770286805956,0-3L7D9
17,0.8137,0,False,3.17,3.67,2.92,2.83,3.67,1770285974132,7,2026-02-05T09:59:00.270000+00:00,phase1_completed,none,3.25,3.25,3,3.25,4,3.5,1.75,3.75,3.75,3.75,4.25,3.25,3,2,3,,,male,1,3,none,,1,1770286535890,5,42,0-3L7D9,1770287124686,True,,village,,secondary,,,0,3.984,1770286818207,trial_15,9046206L.png,29.png,9046206L.png,1770286814223,0-3L7D9
17,0.5532,0,False,3.17,3.67,2.92,2.83,3.67,1770285974132,5,2026-02-05T09:59:00.270000+00:00,phase1_completed,none,3.25,3.25,3,3.25,4,3.5,1.75,3.75,3.75,3.75,4.25,3.25,3,2,3,,,male,0,0,none,,0,1770286535890,5,42,0-3L7D9,1770287124686,True,,village,,secondary,,,0,15.588,1770286834144,trial_16,9043461L.png,34.png,9043461L.png,1770286818556,0-3L7D9
17,0.8517,0,False,3.17,3.67,2.92,2.83,3.67,1770285974132,4,2026-02-05T09:59:00.270000+00:00,phase1_completed,none,3.25,3.25,3,3.25,4,3.5,1.75,3.75,3.75,3.75,4.25,3.25,3,2,3,,,male,0,0,none,,1,1770286535890,5,42,0-3L7D9,1770287124686,True,,village,,secondary,,,0,9.341,1770286843864,trial_17,9810475L.png,13.png,9810475L.png,1770286834523,0-3L7D9
17,0.584,0,False,3.17,3.67,2.92,2.83,3.67,1770285974132,6,2026-02-05T09:59:00.270000+00:00,phase1_completed,none,3.25,3.25,3,3.25,4,3.5,1.75,3.75,3.75,3.75,4.25,3.25,3,2,3,,,male,0,0,none,,0,1770286535890,5,42,0-3L7D9,1770287124686,True,,village,,secondary,,,0,34.866,1770286879069,trial_18,9598675R.png,27.png,9598675R.png,1770286844203,0-3L7D9
17,0.9974,1,False,3.17,3.67,2.92,2.83,3.67,1770285974132,7,2026-02-05T09:59:00.270000+00:00,phase1_completed,none,3.25,3.25,3,3.25,4,3.5,1.75,3.75,3.75,3.75,4.25,3.25,3,2,3,,,male,1,3,none,,1,1770286535890,5,42,0-3L7D9,1770287124686,True,,village,,secondary,,,0,3.433,1770286882821,trial_19,9271965R.png,47.png,9271965R.png,1770286879388,0-3L7D9
17,0.6423,0,False,3.17,3.67,2.92,2.83,3.67,1770285974132,5,2026-02-05T09:59:00.270000+00:00,phase1_completed,none,3.25,3.25,3,3.25,4,3.5,1.75,3.75,3.75,3.75,4.25,3.25,3,2,3,,,male,0,0,none,,1,1770286535890,5,42,0-3L7D9,1770287124686,True,,village,,secondary,,,0,13.89,1770286713141,trial_2,9143031L.png,4.png,9143031L.png,1770286699251,0-3L7D9
17,0.401,0,False,3.17,3.67,2.92,2.83,3.67,1770285974132,4,2026-02-05T09:59:00.270000+00:00,phase1_completed,none,3.25,3.25,3,3.25,4,3.5,1.75,3.75,3.75,3.75,4.25,3.25,3,2,3,,,male,0,0,none,,1,1770286535890,5,42,0-3L7D9,1770287124686,True,,village,,secondary,,,0,20.341,1770286903509,trial_20,9035779L.png,45.png,9035779L.png,1770286883168,0-3L7D9
17,0.79,1,False,3.17,3.67,2.92,2.83,3.67,1770285974132,6,2026-02-05T09:59:00.270000+00:00,phase1_completed,none,3.25,3.25,3,3.25,4,3.5,1.75,3.75,3.75,3.75,4.25,3.25,3,2,3,,,male,1,2,none,,0,1770286535890,5,42,0-3L7D9,1770287124686,True,,village,,secondary,,,0,8.203,1770286912069,trial_21,9142551R.png,37.png,9142551R.png,1770286903866,0-3L7D9
17,0.8842,1,False,3.17,3.67,2.92,2.83,3.67,1770285974132,5,2026-02-05T09:59:00.270000+00:00,phase1_completed,none,3.25,3.25,3,3.25,4,3.5,1.75,3.75,3.75,3.75,4.25,3.25,3,2,3,,,male,1,2,none,,0,1770286535890,5,42,0-3L7D9,1770287124686,True,,village,,secondary,,,0,15.569,1770286927954,trial_22,9304828L.png,46.png,9304828L.png,1770286912385,0-3L7D9
17,0.329,0,False,3.17,3.67,2.92,2.83,3.67,1770285974132,5,2026-02-05T09:59:00.270000+00:00,phase1_completed,none,3.25,3.25,3,3.25,4,3.5,1.75,3.75,3.75,3.75,4.25,3.25,3,2,3,,,male,0,0,none,,0,1770286535890,5,42,0-3L7D9,1770287124686,True,,village,,secondary,,,0,5.243,1770286933563,trial_23,9043461R.png,9.png,9043461R.png,1770286928320,0-3L7D9
17,0.4903,1,False,3.17,3.67,2.92,2.83,3.67,1770285974132,7,2026-02-05T09:59:00.270000+00:00,phase1_completed,none,3.25,3.25,3,3.25,4,3.5,1.75,3.75,3.75,3.75,4.25,3.25,3,2,3,,,male,1,4,none,,1,1770286535890,5,42,0-3L7D9,1770287124686,True,,village,,secondary,,,0,2.629,1770286936531,trial_24,9311154L.png,39.png,9311154L.png,1770286933902,0-3L7D9
17,0.9948,1,False,3.17,3.67,2.92,2.83,3.67,1770285974132,7,2026-02-05T09:59:00.270000+00:00,phase1_completed,none,3.25,3.25,3,3.25,4,3.5,1.75,3.75,3.75,3.75,4.25,3.25,3,2,3,,,male,1,3,none,,1,1770286535890,5,42,0-3L7D9,1770287124686,True,,village,,secondary,,,0,2.735,1770286939626,trial_25,9113018R.png,2.png,9113018R.png,1770286936891,0-3L7D9
17,0.6057,0,False,3.17,3.67,2.92,2.83,3.67,1770285974132,5,2026-02-05T09:59:00.270000+00:00,phase1_completed,none,3.25,3.25,3,3.25,4,3.5,1.75,3.75,3.75,3.75,4.25,3.25,3,2,3,,,male,1,2,none,,0,1770286535890,5,42,0-3L7D9,1770287124686,True,,village,,secondary,,,0,11.26,1770286951226,trial_26,9606955R.png,11.png,9606955R.png,1770286939966,0-3L7D9
17,0.9843,1,False,3.17,3.67,2.92,2.83,3.67,1770285974132,5,2026-02-05T09:59:00.270000+00:00,phase1_completed,none,3.25,3.25,3,3.25,4,3.5,1.75,3.75,3.75,3.75,4.25,3.25,3,2,3,,,male,1,2,none,,0,1770286535890,5,42,0-3L7D9,1770287124686,True,,village,,secondary,,,0,4.649,1770286956258,trial_27,9322109R.png,14.png,9322109R.png,1770286951609,0-3L7D9
17,0.0818,1,False,3.17,3.67,2.92,2.83,3.67,1770285974132,5,2026-02-05T09:59:00.270000+00:00,phase1_completed,none,3.25,3.25,3,3.25,4,3.5,1.75,3.75,3.75,3.75,4.25,3.25,3,2,3,,,male,0,0,none,,0,1770286535890,5,42,0-3L7D9,1770287124686,True,,village,,secondary,,,0,4.419,1770286961026,trial_28,9397988L.png,42.png,9397988L.png,1770286956607,0-3L7D9
17,0.1582,0,False,3.17,3.67,2.92,2.83,3.67,1770285974132,5,2026-02-05T09:59:00.270000+00:00,phase1_completed,none,3.25,3.25,3,3.25,4,3.5,1.75,3.75,3.75,3.75,4.25,3.25,3,2,3,,,male,1,2,none,,1,1770286535890,5,42,0-3L7D9,1770287124686,True,,village,,secondary,,,0,7.138,1770286968522,trial_29,9466142R.png,5.png,9466142R.png,1770286961384,0-3L7D9
17,0.8646,0,False,3.17,3.67,2.92,2.83,3.67,1770285974132,5,2026-02-05T09:59:00.270000+00:00,phase1_completed,none,3.25,3.25,3,3.25,4,3.5,1.75,3.75,3.75,3.75,4.25,3.25,3,2,3,,,male,0,0,none,,0,1770286535890,5,42,0-3L7D9,1770287124686,True,,village,,secondary,,,0,7.37,1770286720853,trial_3,9719890R.png,25.png,9719890R.png,1770286713483,0-3L7D9
17,0.5639,0,False,3.17,3.67,2.92,2.83,3.67,1770285974132,6,2026-02-05T09:59:00.270000+00:00,phase1_completed,none,3.25,3.25,3,3.25,4,3.5,1.75,3.75,3.75,3.75,4.25,3.25,3,2,3,,,male,0,0,none,,0,1770286535890,5,42,0-3L7D9,1770287124686,True,,village,,secondary,,,0,2.878,1770286971770,trial_30,9100699L.png,48.png,9100699L.png,1770286968892,0-3L7D9
17,0.8986,1,False,3.17,3.67,2.92,2.83,3.67,1770285974132,7,2026-02-05T09:59:00.270000+00:00,phase1_completed,none,3.25,3.25,3,3.25,4,3.5,1.75,3.75,3.75,3.75,4.25,3.25,3,2,3,,,male,1,3,none,,1,1770286535890,5,42,0-3L7D9,1770287124686,True,,village,,secondary,,,0,2.899,1770286974976,trial_31,9683886R.png,22.png,9683886R.png,1770286972077,0-3L7D9
17,0.916,1,False,3.17,3.67,2.92,2.83,3.67,1770285974132,5,2026-02-05T09:59:00.270000+00:00,phase1_completed,none,3.25,3.25,3,3.25,4,3.5,1.75,3.75,3.75,3.75,4.25,3.25,3,2,3,,,male,1,2,none,,0,1770286535890,5,42,0-3L7D9,1770287124686,True,,village,,secondary,,,0,11.091,1770286986543,trial_32,9862321L.png,17.png,9862321L.png,1770286975452,0-3L7D9
17,0.5749,1,False,3.17,3.67,2.92,2.83,3.67,1770285974132,5,2026-02-05T09:59:00.270000+00:00,phase1_completed,none,3.25,3.25,3,3.25,4,3.5,1.75,3.75,3.75,3.75,4.25,3.25,3,2,3,,,male,1,2,none,,0,1770286535890,5,42,0-3L7D9,1770287124686,True,,village,,secondary,,,0,27.69,1770287014576,trial_33,9797850R.png,32.png,9797850R.png,1770286986886,0-3L7D9
17,0.2577,1,False,3.17,3.67,2.92,2.83,3.67,1770285974132,5,2026-02-05T09:59:00.270000+00:00,phase1_completed,none,3.25,3.25,3,3.25,4,3.5,1.75,3.75,3.75,3.75,4.25,3.25,3,2,3,,,male,0,0,none,,1,1770286535890,5,42,0-3L7D9,1770287124686,True,,village,,secondary,,,0,4.404,1770287019336,trial_34,9827858L.png,8.png,9827858L.png,1770287014932,0-3L7D9
17,0.9124,0,False,3.17,3.67,2.92,2.83,3.67,1770285974132,5,2026-02-05T09:59:00.270000+00:00,phase1_completed,none,3.25,3.25,3,3.25,4,3.5,1.75,3.75,3.75,3.75,4.25,3.25,3,2,3,,,male,0,0,none,,1,1770286535890,5,42,0-3L7D9,1770287124686,True,,village,,secondary,,,0,5.309,1770287024984,trial_35,9717450L.png,40.png,9717450L.png,1770287019675,0-3L7D9
17,0.6514,1,False,3.17,3.67,2.92,2.83,3.67,1770285974132,5,2026-02-05T09:59:00.270000+00:00,phase1_completed,none,3.25,3.25,3,3.25,4,3.5,1.75,3.75,3.75,3.75,4.25,3.25,3,2,3,,,male,1,2,none,,0,1770286535890,5,42,0-3L7D9,1770287124686,True,,village,,secondary,,,0,9.332,1770287034677,trial_36,9448315L.png,28.png,9448315L.png,1770287025345,0-3L7D9
17,0.9329,1,False,3.17,3.67,2.92,2.83,3.67,1770285974132,7,2026-02-05T09:59:00.270000+00:00,phase1_completed,none,3.25,3.25,3,3.25,4,3.5,1.75,3.75,3.75,3.75,4.25,3.25,3,2,3,,,male,1,3,none,,1,1770286535890,5,42,0-3L7D9,1770287124686,True,,village,,secondary,,,0,2.762,1770287037813,trial_37,9075939L.png,16.png,9075939L.png,1770287035051,0-3L7D9
17,0.9663,1,False,3.17,3.67,2.92,2.83,3.67,1770285974132,7,2026-02-05T09:59:00.270000+00:00,phase1_completed,none,3.25,3.25,3,3.25,4,3.5,1.75,3.75,3.75,3.75,4.25,3.25,3,2,3,,,male,1,3,none,,1,1770286535890,5,42,0-3L7D9,1770287124686,True,,village,,secondary,,,0,2.283,1770287040461,trial_38,9056326L.png,19.png,9056326L.png,1770287038178,0-3L7D9
17,0.5533,0,False,3.17,3.67,2.92,2.83,3.67,1770285974132,5,2026-02-05T09:59:00.270000+00:00,phase1_completed,none,3.25,3.25,3,3.25,4,3.5,1.75,3.75,3.75,3.75,4.25,3.25,3,2,3,,,male,0,0,none,,0,1770286535890,5,42,0-3L7D9,1770287124686,True,,village,,secondary,,,0,6.919,1770287047701,trial_39,9261557L.png,23.png,9261557L.png,1770287040782,0-3L7D9
17,0.7533,0,False,3.17,3.67,2.92,2.83,3.67,1770285974132,7,2026-02-05T09:59:00.270000+00:00,phase1_completed,none,3.25,3.25,3,3.25,4,3.5,1.75,3.75,3.75,3.75,4.25,3.25,3,2,3,,,male,0,0,none,,0,1770286535890,5,42,0-3L7D9,1770287124686,True,,village,,secondary,,,0,9.837,1770286731058,trial_4,9166468R.png,18.png,9166468R.png,1770286721221,0-3L7D9
17,0.2252,0,False,3.17,3.67,2.92,2.83,3.67,1770285974132,5,2026-02-05T09:59:00.270000+00:00,phase1_completed,none,3.25,3.25,3,3.25,4,3.5,1.75,3.75,3.75,3.75,4.25,3.25,3,2,3,,,male,0,0,none,,0,1770286535890,5,42,0-3L7D9,1770287124686,True,,village,,secondary,,,0,3.409,1770287051477,trial_40,9097360L.png,1.png,9097360L.png,1770287048068,0-3L7D9
17,0.3014,1,False,3.17,3.67,2.92,2.83,3.67,1770285974132,5,2026-02-05T09:59:00.270000+00:00,phase1_completed,none,3.25,3.25,3,3.25,4,3.5,1.75,3.75,3.75,3.75,4.25,3.25,3,2,3,,,male,0,0,none,,0,1770286535890,5,42,0-3L7D9,1770287124686,True,,village,,secondary,,,0,3.383,1770287055189,trial_41,9299531R.png,36.png,9299531R.png,1770287051806,0-3L7D9
17,0.8107,0,False,3.17,3.67,2.92,2.83,3.67,1770285974132,4,2026-02-05T09:59:00.270000+00:00,phase1_completed,none,3.25,3.25,3,3.25,4,3.5,1.75,3.75,3.75,3.75,4.25,3.25,3,2,3,,,male,0,0,none,,1,1770286535890,5,42,0-3L7D9,1770287124686,True,,village,,secondary,,,0,17.869,1770287073421,trial_42,9870268R.png,26.png,9870268R.png,1770287055552,0-3L7D9
17,0.9867,1,False,3.17,3.67,2.92,2.83,3.67,1770285974132,7,2026-02-05T09:59:00.270000+00:00,phase1_completed,none,3.25,3.25,3,3.25,4,3.5,1.75,3.75,3.75,3.75,4.25,3.25,3,2,3,,,male,1,3,none,,1,1770286535890,5,42,0-3L7D9,1770287124686,True,,village,,secondary,,,0,3.319,1770287077213,trial_43,9267247L.png,38.png,9267247L.png,1770287073894,0-3L7D9
17,0.9095,1,False,3.17,3.67,2.92,2.83,3.67,1770285974132,4,2026-02-05T09:59:00.270000+00:00,phase1_completed,none,3.25,3.25,3,3.25,4,3.5,1.75,3.75,3.75,3.75,4.25,3.25,3,2,3,,,male,1,2,none,,0,1770286535890,5,42,0-3L7D9,1770287124686,True,,village,,secondary,,,0,4.597,1770287082165,trial_44,9534110L.png,49.png,9534110L.png,1770287077568,0-3L7D9
17,0.5825,0,False,3.17,3.67,2.92,2.83,3.67,1770285974132,7,2026-02-05T09:59:00.270000+00:00,phase1_completed,none,3.25,3.25,3,3.25,4,3.5,1.75,3.75,3.75,3.75,4.25,3.25,3,2,3,,,male,1,2,none,,1,1770286535890,5,42,0-3L7D9,1770287124686,True,,village,,secondary,,,0,3.184,1770287085710,trial_45,9626432R.png,15.png,9626432R.png,1770287082526,0-3L7D9
17,0.4814,0,False,3.17,3.67,2.92,2.83,3.67,1770285974132,5,2026-02-05T09:59:00.270000+00:00,phase1_completed,none,3.25,3.25,3,3.25,4,3.5,1.75,3.75,3.75,3.75,4.25,3.25,3,2,3,,,male,0,0,none,,0,1770286535890,5,42,0-3L7D9,1770287124686,True,,village,,secondary,,,0,5.226,1770287091286,trial_46,9645608L.png,43.png,9645608L.png,1770287086060,0-3L7D9
17,0.5823,0,False,3.17,3.67,2.92,2.83,3.67,1770285974132,7,2026-02-05T09:59:00.270000+00:00,phase1_completed,none,3.25,3.25,3,3.25,4,3.5,1.75,3.75,3.75,3.75,4.25,3.25,3,2,3,,,male,1,2,none,,1,1770286535890,5,42,0-3L7D9,1770287124686,True,,village,,secondary,,,0,5.204,1770287096946,trial_47,9008884R.png,20.png,9008884R.png,1770287091742,0-3L7D9
17,0.645,0,False,3.17,3.67,2.92,2.83,3.67,1770285974132,4,2026-02-05T09:59:00.270000+00:00,phase1_completed,none,3.25,3.25,3,3.25,4,3.5,1.75,3.75,3.75,3.75,4.25,3.25,3,2,3,,,male,0,0,none,,0,1770286535890,5,42,0-3L7D9,1770287124686,True,,village,,secondary,,,0,8.201,1770287105522,trial_48,9480211R.png,3.png,9480211R.png,1770287097321,0-3L7D9
17,0.0389,1,False,3.17,3.67,2.92,2.83,3.67,1770285974132,4,2026-02-05T09:59:00.270000+00:00,phase1_completed,none,3.25,3.25,3,3.25,4,3.5,1.75,3.75,3.75,3.75,4.25,3.25,3,2,3,,,male,0,0,none,,0,1770286535890,5,42,0-3L7D9,1770287124686,True,,village,,secondary,,,0,15.165,1770287121099,trial_49,9911788L.png,10.png,9911788L.png,1770287105934,0-3L7D9
17,0.8709,1,False,3.17,3.67,2.92,2.83,3.67,1770285974132,6,2026-02-05T09:59:00.270000+00:00,phase1_completed,none,3.25,3.25,3,3.25,4,3.5,1.75,3.75,3.75,3.75,4.25,3.25,3,2,3,,,male,1,2,none,,0,1770286535890,5,42,0-3L7D9,1770287124686,True,,village,,secondary,,,0,8.901,1770286740275,trial_5,9354156R.png,6.png,9354156R.png,1770286731374,0-3L7D9
17,0.8162,0,False,3.17,3.67,2.92,2.83,3.67,1770285974132,7,2026-02-05T09:59:00.270000+00:00,phase1_completed,none,3.25,3.25,3,3.25,4,3.5,1.75,3.75,3.75,3.75,4.25,3.25,3,2,3,,,male,0,0,none,,0,1770286535890,5,42,0-3L7D9,1770287124686,True,,village,,secondary,,,0,2.998,1770287124466,trial_50,9253225L.png,21.png,9253225L.png,1770287121468,0-3L7D9
17,0.0496,1,False,3.17,3.67,2.92,2.83,3.67,1770285974132,5,2026-02-05T09:59:00.270000+00:00,phase1_completed,none,3.25,3.25,3,3.25,4,3.5,1.75,3.75,3.75,3.75,4.25,3.25,3,2,3,,,male,0,0,none,,1,1770286535890,5,42,0-3L7D9,1770287124686,True,,village,,secondary,,,0,27.603,1770286768250,trial_6,9023935L.png,41.png,9023935L.png,1770286740647,0-3L7D9
17,0.1918,0,False,3.17,3.67,2.92,2.83,3.67,1770285974132,5,2026-02-05T09:59:00.270000+00:00,phase1_completed,none,3.25,3.25,3,3.25,4,3.5,1.75,3.75,3.75,3.75,4.25,3.25,3,2,3,,,male,1,2,none,,0,1770286535890,5,42,0-3L7D9,1770287124686,True,,village,,secondary,,,0,5.836,1770286774434,trial_7,9788301L.png,33.png,9788301L.png,1770286768598,0-3L7D9
17,0.5424,1,False,3.17,3.67,2.92,2.83,3.67,1770285974132,5,2026-02-05T09:59:00.270000+00:00,phase1_completed,none,3.25,3.25,3,3.25,4,3.5,1.75,3.75,3.75,3.75,4.25,3.25,3,2,3,,,male,1,2,none,,0,1770286535890,5,42,0-3L7D9,1770287124686,True,,village,,secondary,,,0,4.152,1770286778922,trial_8,9648224L.png,44.png,9648224L.png,1770286774770,0-3L7D9
17,0.8846,0,False,3.17,3.67,2.92,2.83,3.67,1770285974132,6,2026-02-05T09:59:00.270000+00:00,phase1_completed,none,3.25,3.25,3,3.25,4,3.5,1.75,3.75,3.75,3.75,4.25,3.25,3,2,3,,,male,1,2,none,,0,1770286535890,5,42,0-3L7D9,1770287124686,True,,village,,secondary,,,0,4.29,1770286783587,trial_9,9998089R.png,24.png,9998089R.png,1770286779297,0-3L7D9
17,0.5424,1,False,4.08,4.42,2.92,2.92,3.83,1770285939191,5,2026-02-05T09:58:30.179000+00:00,phase1_completed,none,3,3,3.25,3.75,4,3.25,2.5,3.5,4.5,4,4.5,5,4.75,2,3.5,,,male,1,2,none,,1,1770286327052,4,218,0-5J5KW,1770287185502,True,,budapest,,secondary,,,0,36.856,1770286563731,trial_1,9648224L.png,44.png,9648224L.png,1770286526875,0-5J5KW
17,0.5825,0,False,4.08,4.42,2.92,2.92,3.83,1770285939191,6,2026-02-05T09:58:30.179000+00:00,phase1_completed,none,3,3,3.25,3.75,4,3.25,2.5,3.5,4.5,4,4.5,5,4.75,2,3.5,,,male,1,2,none,,1,1770286327052,4,218,0-5J5KW,1770287185502,True,,budapest,,secondary,,,0,3.508,1770286656183,trial_10,9626432R.png,15.png,9626432R.png,1770286652675,0-5J5KW
17,0.0923,0,False,4.08,4.42,2.92,2.92,3.83,1770285939191,6,2026-02-05T09:58:30.179000+00:00,phase1_completed,none,3,3,3.25,3.75,4,3.25,2.5,3.5,4.5,4,4.5,5,4.75,2,3.5,,,male,1,3,none,,1,1770286327052,4,218,0-5J5KW,1770287185502,True,,budapest,,secondary,,,0,21.742,1770286678274,trial_11,9305336L.png,12.png,9305336L.png,1770286656532,0-5J5KW
17,0.1918,0,False,4.08,4.42,2.92,2.92,3.83,1770285939191,7,2026-02-05T09:58:30.179000+00:00,phase1_completed,none,3,3,3.25,3.75,4,3.25,2.5,3.5,4.5,4,4.5,5,4.75,2,3.5,,,male,1,2,none,,0,1770286327052,4,218,0-5J5KW,1770287185502,True,,budapest,,secondary,,,0,16.877,1770286695507,trial_12,9788301L.png,33.png,9788301L.png,1770286678630,0-5J5KW
17,0.4814,0,False,4.08,4.42,2.92,2.92,3.83,1770285939191,3,2026-02-05T09:58:30.179000+00:00,phase1_completed,none,3,3,3.25,3.75,4,3.25,2.5,3.5,4.5,4,4.5,5,4.75,2,3.5,,,male,0,0,none,,0,1770286327052,4,218,0-5J5KW,1770287185502,True,,budapest,,secondary,,,0,8.267,1770286704091,trial_13,9645608L.png,43.png,9645608L.png,1770286695824,0-5J5KW
17,0.0426,1,False,4.08,4.42,2.92,2.92,3.83,1770285939191,7,2026-02-05T09:58:30.179000+00:00,phase1_completed,none,3,3,3.25,3.75,4,3.25,2.5,3.5,4.5,4,4.5,5,4.75,2,3.5,,,male,0,0,none,,1,1770286327052,4,218,0-5J5KW,1770287185502,True,,budapest,,secondary,,,0,12.246,1770286716674,trial_14,9360243L.png,50.png,9360243L.png,1770286704428,0-5J5KW
17,0.8107,0,False,4.08,4.42,2.92,2.92,3.83,1770285939191,5,2026-02-05T09:58:30.179000+00:00,phase1_completed,none,3,3,3.25,3.75,4,3.25,2.5,3.5,4.5,4,4.5,5,4.75,2,3.5,,,male,0,0,none,,0,1770286327052,4,218,0-5J5KW,1770287185502,True,,budapest,,secondary,,,0,40.02,1770286757038,trial_15,9870268R.png,26.png,9870268R.png,1770286717018,0-5J5KW
17,0.79,1,False,4.08,4.42,2.92,2.92,3.83,1770285939191,7,2026-02-05T09:58:30.179000+00:00,phase1_completed,none,3,3,3.25,3.75,4,3.25,2.5,3.5,4.5,4,4.5,5,4.75,2,3.5,,,male,1,2,none,,0,1770286327052,4,218,0-5J5KW,1770287185502,True,,budapest,,secondary,,,0,5.478,1770286762870,trial_16,9142551R.png,37.png,9142551R.png,1770286757392,0-5J5KW
17,0.9843,1,False,4.08,4.42,2.92,2.92,3.83,1770285939191,6,2026-02-05T09:58:30.179000+00:00,phase1_completed,none,3,3,3.25,3.75,4,3.25,2.5,3.5,4.5,4,4.5,5,4.75,2,3.5,,,male,1,2,none,,1,1770286327052,4,218,0-5J5KW,1770287185502,True,,budapest,,secondary,,,0,39.092,1770286802302,trial_17,9322109R.png,14.png,9322109R.png,1770286763210,0-5J5KW
17,0.0496,1,False,4.08,4.42,2.92,2.92,3.83,1770285939191,5,2026-02-05T09:58:30.179000+00:00,phase1_completed,none,3,3,3.25,3.75,4,3.25,2.5,3.5,4.5,4,4.5,5,4.75,2,3.5,,,male,0,0,none,,1,1770286327052,4,218,0-5J5KW,1770287185502,True,,budapest,,secondary,,,0,5.032,1770286807682,trial_18,9023935L.png,41.png,9023935L.png,1770286802650,0-5J5KW
17,0.5639,0,False,4.08,4.42,2.92,2.92,3.83,1770285939191,5,2026-02-05T09:58:30.179000+00:00,phase1_completed,none,3,3,3.25,3.75,4,3.25,2.5,3.5,4.5,4,4.5,5,4.75,2,3.5,,,male,0,0,none,,0,1770286327052,4,218,0-5J5KW,1770287185502,True,,budapest,,secondary,,,0,7.84,1770286815914,trial_19,9100699L.png,48.png,9100699L.png,1770286808074,0-5J5KW
17,0.8137,0,False,4.08,4.42,2.92,2.92,3.83,1770285939191,6,2026-02-05T09:58:30.179000+00:00,phase1_completed,none,3,3,3.25,3.75,4,3.25,2.5,3.5,4.5,4,4.5,5,4.75,2,3.5,,,male,1,3,none,,0,1770286327052,4,218,0-5J5KW,1770287185502,True,,budapest,,secondary,,,0,10.097,1770286574178,trial_2,9046206L.png,29.png,9046206L.png,1770286564081,0-5J5KW
17,0.7641,0,False,4.08,4.42,2.92,2.92,3.83,1770285939191,7,2026-02-05T09:58:30.179000+00:00,phase1_completed,none,3,3,3.25,3.75,4,3.25,2.5,3.5,4.5,4,4.5,5,4.75,2,3.5,,,male,0,0,none,,0,1770286327052,4,218,0-5J5KW,1770287185502,True,,budapest,,secondary,,,0,20.933,1770286837266,trial_20,9667180L.png,35.png,9667180L.png,1770286816333,0-5J5KW
17,0.1582,0,False,4.08,4.42,2.92,2.92,3.83,1770285939191,5,2026-02-05T09:58:30.179000+00:00,phase1_completed,none,3,3,3.25,3.75,4,3.25,2.5,3.5,4.5,4,4.5,5,4.75,2,3.5,,,male,1,2,none,,1,1770286327052,4,218,0-5J5KW,1770287185502,True,,budapest,,secondary,,,0,5.849,1770286843466,trial_21,9466142R.png,5.png,9466142R.png,1770286837617,0-5J5KW
17,0.584,0,False,4.08,4.42,2.92,2.92,3.83,1770285939191,4,2026-02-05T09:58:30.179000+00:00,phase1_completed,none,3,3,3.25,3.75,4,3.25,2.5,3.5,4.5,4,4.5,5,4.75,2,3.5,,,male,0,0,none,,1,1770286327052,4,218,0-5J5KW,1770287185502,True,,budapest,,secondary,,,0,15.68,1770286859466,trial_22,9598675R.png,27.png,9598675R.png,1770286843786,0-5J5KW
17,0.3014,1,False,4.08,4.42,2.92,2.92,3.83,1770285939191,2,2026-02-05T09:58:30.179000+00:00,phase1_completed,none,3,3,3.25,3.75,4,3.25,2.5,3.5,4.5,4,4.5,5,4.75,2,3.5,,,male,0,0,none,,1,1770286327052,4,218,0-5J5KW,1770287185502,True,,budapest,,secondary,,,0,10.401,1770286870254,trial_23,9299531R.png,36.png,9299531R.png,1770286859853,0-5J5KW
17,0.6057,0,False,4.08,4.42,2.92,2.92,3.83,1770285939191,5,2026-02-05T09:58:30.179000+00:00,phase1_completed,none,3,3,3.25,3.75,4,3.25,2.5,3.5,4.5,4,4.5,5,4.75,2,3.5,,,male,1,2,none,,1,1770286327052,4,218,0-5J5KW,1770287185502,True,,budapest,,secondary,,,0,3.899,1770286874494,trial_24,9606955R.png,11.png,9606955R.png,1770286870595,0-5J5KW
17,0.8646,0,False,4.08,4.42,2.92,2.92,3.83,1770285939191,5,2026-02-05T09:58:30.179000+00:00,phase1_completed,none,3,3,3.25,3.75,4,3.25,2.5,3.5,4.5,4,4.5,5,4.75,2,3.5,,,male,0,0,none,,1,1770286327052,4,218,0-5J5KW,1770287185502,True,,budapest,,secondary,,,0,5.284,1770286880126,trial_25,9719890R.png,25.png,9719890R.png,1770286874842,0-5J5KW
17,0.5749,1,False,4.08,4.42,2.92,2.92,3.83,1770285939191,6,2026-02-05T09:58:30.179000+00:00,phase1_completed,none,3,3,3.25,3.75,4,3.25,2.5,3.5,4.5,4,4.5,5,4.75,2,3.5,,,male,1,2,none,,0,1770286327052,4,218,0-5J5KW,1770287185502,True,,budapest,,secondary,,,0,4.444,1770286884982,trial_26,9797850R.png,32.png,9797850R.png,1770286880538,0-5J5KW
17,0.7533,0,False,4.08,4.42,2.92,2.92,3.83,1770285939191,7,2026-02-05T09:58:30.179000+00:00,phase1_completed,none,3,3,3.25,3.75,4,3.25,2.5,3.5,4.5,4,4.5,5,4.75,2,3.5,,,male,0,0,none,,0,1770286327052,4,218,0-5J5KW,1770287185502,True,,budapest,,secondary,,,0,6.859,1770286892158,trial_27,9166468R.png,18.png,9166468R.png,1770286885299,0-5J5KW
17,0.2577,1,False,4.08,4.42,2.92,2.92,3.83,1770285939191,6,2026-02-05T09:58:30.179000+00:00,phase1_completed,none,3,3,3.25,3.75,4,3.25,2.5,3.5,4.5,4,4.5,5,4.75,2,3.5,,,male,0,0,none,,0,1770286327052,4,218,0-5J5KW,1770287185502,True,,budapest,,secondary,,,0,13.667,1770286906142,trial_28,9827858L.png,8.png,9827858L.png,1770286892475,0-5J5KW
17,0.9095,1,False,4.08,4.42,2.92,2.92,3.83,1770285939191,5,2026-02-05T09:58:30.179000+00:00,phase1_completed,none,3,3,3.25,3.75,4,3.25,2.5,3.5,4.5,4,4.5,5,4.75,2,3.5,,,male,1,2,none,,0,1770286327052,4,218,0-5J5KW,1770287185502,True,,budapest,,secondary,,,0,32.003,1770286938474,trial_29,9534110L.png,49.png,9534110L.png,1770286906471,0-5J5KW
17,0.9329,1,False,4.08,4.42,2.92,2.92,3.83,1770285939191,7,2026-02-05T09:58:30.179000+00:00,phase1_completed,none,3,3,3.25,3.75,4,3.25,2.5,3.5,4.5,4,4.5,5,4.75,2,3.5,,,male,1,3,none,,1,1770286327052,4,218,0-5J5KW,1770287185502,True,,budapest,,secondary,,,0,7.775,1770286582322,trial_3,9075939L.png,16.png,9075939L.png,1770286574547,0-5J5KW
17,0.9974,1,False,4.08,4.42,2.92,2.92,3.83,1770285939191,7,2026-02-05T09:58:30.179000+00:00,phase1_completed,none,3,3,3.25,3.75,4,3.25,2.5,3.5,4.5,4,4.5,5,4.75,2,3.5,,,male,1,3,none,,1,1770286327052,4,218,0-5J5KW,1770287185502,True,,budapest,,secondary,,,0,12.403,1770286951250,trial_30,9271965R.png,47.png,9271965R.png,1770286938847,0-5J5KW
17,0.6514,1,False,4.08,4.42,2.92,2.92,3.83,1770285939191,7,2026-02-05T09:58:30.179000+00:00,phase1_completed,none,3,3,3.25,3.75,4,3.25,2.5,3.5,4.5,4,4.5,5,4.75,2,3.5,,,male,1,2,none,,0,1770286327052,4,218,0-5J5KW,1770287185502,True,,budapest,,secondary,,,0,18.339,1770286969946,trial_31,9448315L.png,28.png,9448315L.png,1770286951607,0-5J5KW
17,0.4633,1,False,4.08,4.42,2.92,2.92,3.83,1770285939191,3,2026-02-05T09:58:30.179000+00:00,phase1_completed,none,3,3,3.25,3.75,4,3.25,2.5,3.5,4.5,4,4.5,5,4.75,2,3.5,,,male,0,0,none,,1,1770286327052,4,218,0-5J5KW,1770287185502,True,,budapest,,secondary,,,0,16.052,1770286986330,trial_32,9140556L.png,7.png,9140556L.png,1770286970278,0-5J5KW
17,0.8517,0,False,4.08,4.42,2.92,2.92,3.83,1770285939191,5,2026-02-05T09:58:30.179000+00:00,phase1_completed,none,3,3,3.25,3.75,4,3.25,2.5,3.5,4.5,4,4.5,5,4.75,2,3.5,,,male,0,0,none,,1,1770286327052,4,218,0-5J5KW,1770287185502,True,,budapest,,secondary,,,0,16.969,1770287003622,trial_33,9810475L.png,13.png,9810475L.png,1770286986653,0-5J5KW
17,0.9124,0,False,4.08,4.42,2.92,2.92,3.83,1770285939191,4,2026-02-05T09:58:30.179000+00:00,phase1_completed,none,3,3,3.25,3.75,4,3.25,2.5,3.5,4.5,4,4.5,5,4.75,2,3.5,,,male,0,0,none,,1,1770286327052,4,218,0-5J5KW,1770287185502,True,,budapest,,secondary,,,0,22.004,1770287025934,trial_34,9717450L.png,40.png,9717450L.png,1770287003930,0-5J5KW
17,0.645,0,False,4.08,4.42,2.92,2.92,3.83,1770285939191,6,2026-02-05T09:58:30.179000+00:00,phase1_completed,none,3,3,3.25,3.75,4,3.25,2.5,3.5,4.5,4,4.5,5,4.75,2,3.5,,,male,0,0,none,,0,1770286327052,4,218,0-5J5KW,1770287185502,True,,budapest,,secondary,,,0,3.023,1770287029286,trial_35,9480211R.png,3.png,9480211R.png,1770287026263,0-5J5KW
17,0.9948,1,False,4.08,4.42,2.92,2.92,3.83,1770285939191,7,2026-02-05T09:58:30.179000+00:00,phase1_completed,none,3,3,3.25,3.75,4,3.25,2.5,3.5,4.5,4,4.5,5,4.75,2,3.5,,,male,1,3,none,,1,1770286327052,4,218,0-5J5KW,1770287185502,True,,budapest,,secondary,,,0,51.523,1770287081185,trial_36,9113018R.png,2.png,9113018R.png,1770287029662,0-5J5KW
17,0.4903,1,False,4.08,4.42,2.92,2.92,3.83,1770285939191,7,2026-02-05T09:58:30.179000+00:00,phase1_completed,none,3,3,3.25,3.75,4,3.25,2.5,3.5,4.5,4,4.5,5,4.75,2,3.5,,,male,1,4,none,,1,1770286327052,4,218,0-5J5KW,1770287185502,True,,budapest,,secondary,,,0,12.11,1770287093649,trial_37,9311154L.png,39.png,9311154L.png,1770287081539,0-5J5KW
17,0.5533,0,False,4.08,4.42,2.92,2.92,3.83,1770285939191,6,2026-02-05T09:58:30.179000+00:00,phase1_completed,none,3,3,3.25,3.75,4,3.25,2.5,3.5,4.5,4,4.5,5,4.75,2,3.5,,,male,0,0,none,,0,1770286327052,4,218,0-5J5KW,1770287185502,True,,budapest,,secondary,,,0,2.117,1770287096225,trial_38,9261557L.png,23.png,9261557L.png,1770287094108,0-5J5KW
17,0.0389,1,False,4.08,4.42,2.92,2.92,3.83,1770285939191,4,2026-02-05T09:58:30.179000+00:00,phase1_completed,none,3,3,3.25,3.75,4,3.25,2.5,3.5,4.5,4,4.5,5,4.75,2,3.5,,,male,0,0,none,,0,1770286327052,4,218,0-5J5KW,1770287185502,True,,budapest,,secondary,,,0,4.804,1770287101386,trial_39,9911788L.png,10.png,9911788L.png,1770287096582,0-5J5KW
17,0.0818,1,False,4.08,4.42,2.92,2.92,3.83,1770285939191,7,2026-02-05T09:58:30.179000+00:00,phase1_completed,none,3,3,3.25,3.75,4,3.25,2.5,3.5,4.5,4,4.5,5,4.75,2,3.5,,,male,0,0,none,,0,1770286327052,4,218,0-5J5KW,1770287185502,True,,budapest,,secondary,,,0,7.292,1770286590026,trial_4,9397988L.png,42.png,9397988L.png,1770286582734,0-5J5KW
17,0.5823,0,False,4.08,4.42,2.92,2.92,3.83,1770285939191,5,2026-02-05T09:58:30.179000+00:00,phase1_completed,none,3,3,3.25,3.75,4,3.25,2.5,3.5,4.5,4,4.5,5,4.75,2,3.5,,,male,1,2,none,,1,1770286327052,4,218,0-5J5KW,1770287185502,True,,budapest,,secondary,,,0,3.05,1770287104753,trial_40,9008884R.png,20.png,9008884R.png,1770287101703,0-5J5KW
17,0.8846,0,False,4.08,4.42,2.92,2.92,3.83,1770285939191,6,2026-02-05T09:58:30.179000+00:00,phase1_completed,none,3,3,3.25,3.75,4,3.25,2.5,3.5,4.5,4,4.5,5,4.75,2,3.5,,,male,1,2,none,,0,1770286327052,4,218,0-5J5KW,1770287185502,True,,budapest,,secondary,,,0,5.519,1770287110665,trial_41,9998089R.png,24.png,9998089R.png,1770287105146,0-5J5KW
17,0.2252,0,False,4.08,4.42,2.92,2.92,3.83,1770285939191,5,2026-02-05T09:58:30.179000+00:00,phase1_completed,none,3,3,3.25,3.75,4,3.25,2.5,3.5,4.5,4,4.5,5,4.75,2,3.5,,,male,0,0,none,,1,1770286327052,4,218,0-5J5KW,1770287185502,True,,budapest,,secondary,,,0,3.964,1770287114962,trial_42,9097360L.png,1.png,9097360L.png,1770287110998,0-5J5KW
17,0.8162,0,False,4.08,4.42,2.92,2.92,3.83,1770285939191,4,2026-02-05T09:58:30.179000+00:00,phase1_completed,none,3,3,3.25,3.75,4,3.25,2.5,3.5,4.5,4,4.5,5,4.75,2,3.5,,,male,0,0,none,,1,1770286327052,4,218,0-5J5KW,1770287185502,True,,budapest,,secondary,,,0,4.091,1770287119390,trial_43,9253225L.png,21.png,9253225L.png,1770287115299,0-5J5KW
17,0.8709,1,False,4.08,4.42,2.92,2.92,3.83,1770285939191,7,2026-02-05T09:58:30.179000+00:00,phase1_completed,none,3,3,3.25,3.75,4,3.25,2.5,3.5,4.5,4,4.5,5,4.75,2,3.5,,,male,1,2,none,,0,1770286327052,4,218,0-5J5KW,1770287185502,True,,budapest,,secondary,,,0,3.183,1770287123110,trial_44,9354156R.png,6.png,9354156R.png,1770287119927,0-5J5KW
17,0.6423,0,False,4.08,4.42,2.92,2.92,3.83,1770285939191,4,2026-02-05T09:58:30.179000+00:00,phase1_completed,none,3,3,3.25,3.75,4,3.25,2.5,3.5,4.5,4,4.5,5,4.75,2,3.5,,,male,0,0,none,,0,1770286327052,4,218,0-5J5KW,1770287185502,True,,budapest,,secondary,,,0,8.867,1770287132302,trial_45,9143031L.png,4.png,9143031L.png,1770287123435,0-5J5KW
17,0.329,0,False,4.08,4.42,2.92,2.92,3.83,1770285939191,3,2026-02-05T09:58:30.179000+00:00,phase1_completed,none,3,3,3.25,3.75,4,3.25,2.5,3.5,4.5,4,4.5,5,4.75,2,3.5,,,male,0,0,none,,1,1770286327052,4,218,0-5J5KW,1770287185502,True,,budapest,,secondary,,,0,24.481,1770287157222,trial_46,9043461R.png,9.png,9043461R.png,1770287132741,0-5J5KW
17,0.5532,0,False,4.08,4.42,2.92,2.92,3.83,1770285939191,6,2026-02-05T09:58:30.179000+00:00,phase1_completed,none,3,3,3.25,3.75,4,3.25,2.5,3.5,4.5,4,4.5,5,4.75,2,3.5,,,male,0,0,none,,1,1770286327052,4,218,0-5J5KW,1770287185502,True,,budapest,,secondary,,,0,5.822,1770287163390,trial_47,9043461L.png,34.png,9043461L.png,1770287157568,0-5J5KW
17,0.8986,1,False,4.08,4.42,2.92,2.92,3.83,1770285939191,6,2026-02-05T09:58:30.179000+00:00,phase1_completed,none,3,3,3.25,3.75,4,3.25,2.5,3.5,4.5,4,4.5,5,4.75,2,3.5,,,male,1,3,none,,1,1770286327052,4,218,0-5J5KW,1770287185502,True,,budapest,,secondary,,,0,11.864,1770287175653,trial_48,9683886R.png,22.png,9683886R.png,1770287163789,0-5J5KW
17,0.9867,1,False,4.08,4.42,2.92,2.92,3.83,1770285939191,7,2026-02-05T09:58:30.179000+00:00,phase1_completed,none,3,3,3.25,3.75,4,3.25,2.5,3.5,4.5,4,4.5,5,4.75,2,3.5,,,male,1,3,none,,1,1770286327052,4,218,0-5J5KW,1770287185502,True,,budapest,,secondary,,,0,4.087,1770287180106,trial_49,9267247L.png,38.png,9267247L.png,1770287176019,0-5J5KW
17,0.9625,1,False,4.08,4.42,2.92,2.92,3.83,1770285939191,6,2026-02-05T09:58:30.179000+00:00,phase1_completed,none,3,3,3.25,3.75,4,3.25,2.5,3.5,4.5,4,4.5,5,4.75,2,3.5,,,male,1,3,none,,1,1770286327052,4,218,0-5J5KW,1770287185502,True,,budapest,,secondary,,,0,11.887,1770286602258,trial_5,9037494R.png,31.png,9037494R.png,1770286590371,0-5J5KW
17,0.401,0,False,4.08,4.42,2.92,2.92,3.83,1770285939191,5,2026-02-05T09:58:30.179000+00:00,phase1_completed,none,3,3,3.25,3.75,4,3.25,2.5,3.5,4.5,4,4.5,5,4.75,2,3.5,,,male,0,0,none,,0,1770286327052,4,218,0-5J5KW,1770287185502,True,,budapest,,secondary,,,0,4.879,1770287185322,trial_50,9035779L.png,45.png,9035779L.png,1770287180443,0-5J5KW
17,0.3771,0,False,4.08,4.42,2.92,2.92,3.83,1770285939191,4,2026-02-05T09:58:30.179000+00:00,phase1_completed,none,3,3,3.25,3.75,4,3.25,2.5,3.5,4.5,4,4.5,5,4.75,2,3.5,,,male,0,0,none,,1,1770286327052,4,218,0-5J5KW,1770287185502,True,,budapest,,secondary,,,0,10.835,1770286613427,trial_6,9872350R.png,30.png,9872350R.png,1770286602592,0-5J5KW
17,0.9663,1,False,4.08,4.42,2.92,2.92,3.83,1770285939191,7,2026-02-05T09:58:30.179000+00:00,phase1_completed,none,3,3,3.25,3.75,4,3.25,2.5,3.5,4.5,4,4.5,5,4.75,2,3.5,,,male,1,3,none,,1,1770286327052,4,218,0-5J5KW,1770287185502,True,,budapest,,secondary,,,0,9.456,1770286623198,trial_7,9056326L.png,19.png,9056326L.png,1770286613742,0-5J5KW
17,0.8842,1,False,4.08,4.42,2.92,2.92,3.83,1770285939191,6,2026-02-05T09:58:30.179000+00:00,phase1_completed,none,3,3,3.25,3.75,4,3.25,2.5,3.5,4.5,4,4.5,5,4.75,2,3.5,,,male,1,2,none,,1,1770286327052,4,218,0-5J5KW,1770287185502,True,,budapest,,secondary,,,0,23.104,1770286646638,trial_8,9304828L.png,46.png,9304828L.png,1770286623534,0-5J5KW
17,0.916,1,False,4.08,4.42,2.92,2.92,3.83,1770285939191,6,2026-02-05T09:58:30.179000+00:00,phase1_completed,none,3,3,3.25,3.75,4,3.25,2.5,3.5,4.5,4,4.5,5,4.75,2,3.5,,,male,1,2,none,,0,1770286327052,4,218,0-5J5KW,1770287185502,True,,budapest,,secondary,,,0,5.21,1770286652214,trial_9,9862321L.png,17.png,9862321L.png,1770286647004,0-5J5KW
16,0.8842,1,False,2.83,3.17,4.17,3.17,3.42,1770285858348,7,2026-02-05T09:59:44.375000+00:00,phase1_completed,none,3,3,4.25,3,3.75,3.25,3.25,3.75,3.5,3,3,2.5,3.5,4.5,3,,,male,1,2,none,,1,1770286295355,2,171,0-9ZCPE,1770286821216,True,,budapest,,secondary,,,0,11.708,1770286498162,trial_1,9304828L.png,46.png,9304828L.png,1770286486454,0-9ZCPE
16,0.329,0,False,2.83,3.17,4.17,3.17,3.42,1770285858348,3,2026-02-05T09:59:44.375000+00:00,phase1_completed,none,3,3,4.25,3,3.75,3.25,3.25,3.75,3.5,3,3,2.5,3.5,4.5,3,,,male,0,0,none,,0,1770286295355,2,171,0-9ZCPE,1770286821216,True,,budapest,,secondary,,,0,8.817,1770286623442,trial_10,9043461R.png,9.png,9043461R.png,1770286614625,0-9ZCPE
16,0.9625,1,False,2.83,3.17,4.17,3.17,3.42,1770285858348,3,2026-02-05T09:59:44.375000+00:00,phase1_completed,none,3,3,4.25,3,3.75,3.25,3.25,3.75,3.5,3,3,2.5,3.5,4.5,3,,,male,1,3,none,,0,1770286295355,2,171,0-9ZCPE,1770286821216,True,,budapest,,secondary,,,0,7.11,1770286630914,trial_11,9037494R.png,31.png,9037494R.png,1770286623804,0-9ZCPE
16,0.916,1,False,2.83,3.17,4.17,3.17,3.42,1770285858348,5,2026-02-05T09:59:44.375000+00:00,phase1_completed,none,3,3,4.25,3,3.75,3.25,3.25,3.75,3.5,3,3,2.5,3.5,4.5,3,,,male,1,2,none,,0,1770286295355,2,171,0-9ZCPE,1770286821216,True,,budapest,,secondary,,,0,5.3,1770286636570,trial_12,9862321L.png,17.png,9862321L.png,1770286631270,0-9ZCPE
16,0.4633,1,False,2.83,3.17,4.17,3.17,3.42,1770285858348,4,2026-02-05T09:59:44.375000+00:00,phase1_completed,none,3,3,4.25,3,3.75,3.25,3.25,3.75,3.5,3,3,2.5,3.5,4.5,3,,,male,0,0,none,,1,1770286295355,2,171,0-9ZCPE,1770286821216,True,,budapest,,secondary,,,0,3.717,1770286640602,trial_13,9140556L.png,7.png,9140556L.png,1770286636885,0-9ZCPE
16,0.5823,0,False,2.83,3.17,4.17,3.17,3.42,1770285858348,4,2026-02-05T09:59:44.375000+00:00,phase1_completed,none,3,3,4.25,3,3.75,3.25,3.25,3.75,3.5,3,3,2.5,3.5,4.5,3,,,male,1,2,none,,1,1770286295355,2,171,0-9ZCPE,1770286821216,True,,budapest,,secondary,,,0,6.481,1770286647426,trial_14,9008884R.png,20.png,9008884R.png,1770286640945,0-9ZCPE
16,0.9329,1,False,2.83,3.17,4.17,3.17,3.42,1770285858348,6,2026-02-05T09:59:44.375000+00:00,phase1_completed,none,3,3,4.25,3,3.75,3.25,3.25,3.75,3.5,3,3,2.5,3.5,4.5,3,,,male,1,3,none,,1,1770286295355,2,171,0-9ZCPE,1770286821216,True,,budapest,,secondary,,,0,2.379,1770286650146,trial_15,9075939L.png,16.png,9075939L.png,1770286647767,0-9ZCPE
16,0.0426,1,False,2.83,3.17,4.17,3.17,3.42,1770285858348,5,2026-02-05T09:59:44.375000+00:00,phase1_completed,none,3,3,4.25,3,3.75,3.25,3.25,3.75,3.5,3,3,2.5,3.5,4.5,3,,,male,0,0,none,,1,1770286295355,2,171,0-9ZCPE,1770286821216,True,,budapest,,secondary,,,0,4.46,1770286655034,trial_16,9360243L.png,50.png,9360243L.png,1770286650574,0-9ZCPE
16,0.2577,1,False,2.83,3.17,4.17,3.17,3.42,1770285858348,5,2026-02-05T09:59:44.375000+00:00,phase1_completed,none,3,3,4.25,3,3.75,3.25,3.25,3.75,3.5,3,3,2.5,3.5,4.5,3,,,male,0,0,none,,0,1770286295355,2,171,0-9ZCPE,1770286821216,True,,budapest,,secondary,,,0,3.622,1770286659098,trial_17,9827858L.png,8.png,9827858L.png,1770286655476,0-9ZCPE
16,0.9663,1,False,2.83,3.17,4.17,3.17,3.42,1770285858348,7,2026-02-05T09:59:44.375000+00:00,phase1_completed,none,3,3,4.25,3,3.75,3.25,3.25,3.75,3.5,3,3,2.5,3.5,4.5,3,,,male,1,3,none,,1,1770286295355,2,171,0-9ZCPE,1770286821216,True,,budapest,,secondary,,,0,4.557,1770286664017,trial_18,9056326L.png,19.png,9056326L.png,1770286659460,0-9ZCPE
16,0.2252,0,False,2.83,3.17,4.17,3.17,3.42,1770285858348,5,2026-02-05T09:59:44.375000+00:00,phase1_completed,none,3,3,4.25,3,3.75,3.25,3.25,3.75,3.5,3,3,2.5,3.5,4.5,3,,,male,0,0,none,,0,1770286295355,2,171,0-9ZCPE,1770286821216,True,,budapest,,secondary,,,0,6.936,1770286671290,trial_19,9097360L.png,1.png,9097360L.png,1770286664354,0-9ZCPE
16,0.7533,0,False,2.83,3.17,4.17,3.17,3.42,1770285858348,7,2026-02-05T09:59:44.375000+00:00,phase1_completed,none,3,3,4.25,3,3.75,3.25,3.25,3.75,3.5,3,3,2.5,3.5,4.5,3,,,male,0,0,none,,0,1770286295355,2,171,0-9ZCPE,1770286821216,True,,budapest,,secondary,,,0,8.913,1770286507403,trial_2,9166468R.png,18.png,9166468R.png,1770286498490,0-9ZCPE
16,0.5532,0,False,2.83,3.17,4.17,3.17,3.42,1770285858348,4,2026-02-05T09:59:44.375000+00:00,phase1_completed,none,3,3,4.25,3,3.75,3.25,3.25,3.75,3.5,3,3,2.5,3.5,4.5,3,,,male,0,0,none,,0,1770286295355,2,171,0-9ZCPE,1770286821216,True,,budapest,,secondary,,,0,6.451,1770286678154,trial_20,9043461L.png,34.png,9043461L.png,1770286671703,0-9ZCPE
16,0.5825,0,False,2.83,3.17,4.17,3.17,3.42,1770285858348,4,2026-02-05T09:59:44.375000+00:00,phase1_completed,none,3,3,4.25,3,3.75,3.25,3.25,3.75,3.5,3,3,2.5,3.5,4.5,3,,,male,1,2,none,,1,1770286295355,2,171,0-9ZCPE,1770286821216,True,,budapest,,secondary,,,0,5.212,1770286683690,trial_21,9626432R.png,15.png,9626432R.png,1770286678478,0-9ZCPE
16,0.8646,0,False,2.83,3.17,4.17,3.17,3.42,1770285858348,4,2026-02-05T09:59:44.375000+00:00,phase1_completed,none,3,3,4.25,3,3.75,3.25,3.25,3.75,3.5,3,3,2.5,3.5,4.5,3,,,male,0,0,none,,0,1770286295355,2,171,0-9ZCPE,1770286821216,True,,budapest,,secondary,,,0,3.413,1770286687417,trial_22,9719890R.png,25.png,9719890R.png,1770286684004,0-9ZCPE
16,0.8986,1,False,2.83,3.17,4.17,3.17,3.42,1770285858348,5,2026-02-05T09:59:44.375000+00:00,phase1_completed,none,3,3,4.25,3,3.75,3.25,3.25,3.75,3.5,3,3,2.5,3.5,4.5,3,,,male,1,3,none,,0,1770286295355,2,171,0-9ZCPE,1770286821216,True,,budapest,,secondary,,,0,5.072,1770286692834,trial_23,9683886R.png,22.png,9683886R.png,1770286687762,0-9ZCPE
16,0.1582,0,False,2.83,3.17,4.17,3.17,3.42,1770285858348,4,2026-02-05T09:59:44.375000+00:00,phase1_completed,none,3,3,4.25,3,3.75,3.25,3.25,3.75,3.5,3,3,2.5,3.5,4.5,3,,,male,1,2,none,,0,1770286295355,2,171,0-9ZCPE,1770286821216,True,,budapest,,secondary,,,0,7.892,1770286701073,trial_24,9466142R.png,5.png,9466142R.png,1770286693181,0-9ZCPE
16,0.8162,0,False,2.83,3.17,4.17,3.17,3.42,1770285858348,4,2026-02-05T09:59:44.375000+00:00,phase1_completed,none,3,3,4.25,3,3.75,3.25,3.25,3.75,3.5,3,3,2.5,3.5,4.5,3,,,male,0,0,none,,1,1770286295355,2,171,0-9ZCPE,1770286821216,True,,budapest,,secondary,,,0,2.66,1770286704105,trial_25,9253225L.png,21.png,9253225L.png,1770286701445,0-9ZCPE
16,0.6423,0,False,2.83,3.17,4.17,3.17,3.42,1770285858348,5,2026-02-05T09:59:44.375000+00:00,phase1_completed,none,3,3,4.25,3,3.75,3.25,3.25,3.75,3.5,3,3,2.5,3.5,4.5,3,,,male,0,0,none,,1,1770286295355,2,171,0-9ZCPE,1770286821216,True,,budapest,,secondary,,,0,2.006,1770286706490,trial_26,9143031L.png,4.png,9143031L.png,1770286704484,0-9ZCPE
16,0.0818,1,False,2.83,3.17,4.17,3.17,3.42,1770285858348,5,2026-02-05T09:59:44.375000+00:00,phase1_completed,none,3,3,4.25,3,3.75,3.25,3.25,3.75,3.5,3,3,2.5,3.5,4.5,3,,,male,0,0,none,,1,1770286295355,2,171,0-9ZCPE,1770286821216,True,,budapest,,secondary,,,0,3.541,1770286710362,trial_27,9397988L.png,42.png,9397988L.png,1770286706821,0-9ZCPE
16,0.9867,1,False,2.83,3.17,4.17,3.17,3.42,1770285858348,6,2026-02-05T09:59:44.375000+00:00,phase1_completed,none,3,3,4.25,3,3.75,3.25,3.25,3.75,3.5,3,3,2.5,3.5,4.5,3,,,male,1,3,none,,1,1770286295355,2,171,0-9ZCPE,1770286821216,True,,budapest,,secondary,,,0,2.175,1770286712882,trial_28,9267247L.png,38.png,9267247L.png,1770286710707,0-9ZCPE
16,0.0496,1,False,2.83,3.17,4.17,3.17,3.42,1770285858348,5,2026-02-05T09:59:44.375000+00:00,phase1_completed,none,3,3,4.25,3,3.75,3.25,3.25,3.75,3.5,3,3,2.5,3.5,4.5,3,,,male,0,0,none,,1,1770286295355,2,171,0-9ZCPE,1770286821216,True,,budapest,,secondary,,,0,5.025,1770286718241,trial_29,9023935L.png,41.png,9023935L.png,1770286713216,0-9ZCPE
16,0.8846,0,False,2.83,3.17,4.17,3.17,3.42,1770285858348,5,2026-02-05T09:59:44.375000+00:00,phase1_completed,none,3,3,4.25,3,3.75,3.25,3.25,3.75,3.5,3,3,2.5,3.5,4.5,3,,,male,1,2,none,,0,1770286295355,2,171,0-9ZCPE,1770286821216,True,,budapest,,secondary,,,0,10.657,1770286518442,trial_3,9998089R.png,24.png,9998089R.png,1770286507785,0-9ZCPE
16,0.9843,1,False,2.83,3.17,4.17,3.17,3.42,1770285858348,5,2026-02-05T09:59:44.375000+00:00,phase1_completed,none,3,3,4.25,3,3.75,3.25,3.25,3.75,3.5,3,3,2.5,3.5,4.5,3,,,male,1,2,none,,1,1770286295355,2,171,0-9ZCPE,1770286821216,True,,budapest,,secondary,,,0,2.58,1770286721178,trial_30,9322109R.png,14.png,9322109R.png,1770286718598,0-9ZCPE
16,0.4903,1,False,2.83,3.17,4.17,3.17,3.42,1770285858348,6,2026-02-05T09:59:44.375000+00:00,phase1_completed,none,3,3,4.25,3,3.75,3.25,3.25,3.75,3.5,3,3,2.5,3.5,4.5,3,,,male,1,4,none,,1,1770286295355,2,171,0-9ZCPE,1770286821216,True,,budapest,,secondary,,,0,2.281,1770286723785,trial_31,9311154L.png,39.png,9311154L.png,1770286721504,0-9ZCPE
16,0.1918,0,False,2.83,3.17,4.17,3.17,3.42,1770285858348,5,2026-02-05T09:59:44.375000+00:00,phase1_completed,none,3,3,4.25,3,3.75,3.25,3.25,3.75,3.5,3,3,2.5,3.5,4.5,3,,,male,1,2,none,,1,1770286295355,2,171,0-9ZCPE,1770286821216,True,,budapest,,secondary,,,0,17.249,1770286741425,trial_32,9788301L.png,33.png,9788301L.png,1770286724176,0-9ZCPE
16,0.0923,0,False,2.83,3.17,4.17,3.17,3.42,1770285858348,5,2026-02-05T09:59:44.375000+00:00,phase1_completed,none,3,3,4.25,3,3.75,3.25,3.25,3.75,3.5,3,3,2.5,3.5,4.5,3,,,male,1,3,none,,1,1770286295355,2,171,0-9ZCPE,1770286821216,True,,budapest,,secondary,,,0,3.125,1770286744881,trial_33,9305336L.png,12.png,9305336L.png,1770286741756,0-9ZCPE
16,0.0389,1,False,2.83,3.17,4.17,3.17,3.42,1770285858348,5,2026-02-05T09:59:44.375000+00:00,phase1_completed,none,3,3,4.25,3,3.75,3.25,3.25,3.75,3.5,3,3,2.5,3.5,4.5,3,,,male,0,0,none,,1,1770286295355,2,171,0-9ZCPE,1770286821216,True,,budapest,,secondary,,,0,3.593,1770286748913,trial_34,9911788L.png,10.png,9911788L.png,1770286745320,0-9ZCPE
16,0.3771,0,False,2.83,3.17,4.17,3.17,3.42,1770285858348,5,2026-02-05T09:59:44.375000+00:00,phase1_completed,none,3,3,4.25,3,3.75,3.25,3.25,3.75,3.5,3,3,2.5,3.5,4.5,3,,,male,0,0,none,,0,1770286295355,2,171,0-9ZCPE,1770286821216,True,,budapest,,secondary,,,0,2.661,1770286751929,trial_35,9872350R.png,30.png,9872350R.png,1770286749268,0-9ZCPE
16,0.584,0,False,2.83,3.17,4.17,3.17,3.42,1770285858348,4,2026-02-05T09:59:44.375000+00:00,phase1_completed,none,3,3,4.25,3,3.75,3.25,3.25,3.75,3.5,3,3,2.5,3.5,4.5,3,,,male,0,0,none,,1,1770286295355,2,171,0-9ZCPE,1770286821216,True,,budapest,,secondary,,,0,4.748,1770286757057,trial_36,9598675R.png,27.png,9598675R.png,1770286752309,0-9ZCPE
16,0.8107,0,False,2.83,3.17,4.17,3.17,3.42,1770285858348,5,2026-02-05T09:59:44.375000+00:00,phase1_completed,none,3,3,4.25,3,3.75,3.25,3.25,3.75,3.5,3,3,2.5,3.5,4.5,3,,,male,0,0,none,,0,1770286295355,2,171,0-9ZCPE,1770286821216,True,,budapest,,secondary,,,0,4.296,1770286761705,trial_37,9870268R.png,26.png,9870268R.png,1770286757409,0-9ZCPE
16,0.5639,0,False,2.83,3.17,4.17,3.17,3.42,1770285858348,5,2026-02-05T09:59:44.375000+00:00,phase1_completed,none,3,3,4.25,3,3.75,3.25,3.25,3.75,3.5,3,3,2.5,3.5,4.5,3,,,male,0,0,none,,1,1770286295355,2,171,0-9ZCPE,1770286821216,True,,budapest,,secondary,,,0,2.744,1770286764793,trial_38,9100699L.png,48.png,9100699L.png,1770286762049,0-9ZCPE
16,0.9974,1,False,2.83,3.17,4.17,3.17,3.42,1770285858348,7,2026-02-05T09:59:44.375000+00:00,phase1_completed,none,3,3,4.25,3,3.75,3.25,3.25,3.75,3.5,3,3,2.5,3.5,4.5,3,,,male,1,3,none,,1,1770286295355,2,171,0-9ZCPE,1770286821216,True,,budapest,,secondary,,,0,5.04,1770286770177,trial_39,9271965R.png,47.png,9271965R.png,1770286765137,0-9ZCPE
16,0.401,0,False,2.83,3.17,4.17,3.17,3.42,1770285858348,4,2026-02-05T09:59:44.375000+00:00,phase1_completed,none,3,3,4.25,3,3.75,3.25,3.25,3.75,3.5,3,3,2.5,3.5,4.5,3,,,male,0,0,none,,0,1770286295355,2,171,0-9ZCPE,1770286821216,True,,budapest,,secondary,,,0,5.78,1770286524530,trial_4,9035779L.png,45.png,9035779L.png,1770286518750,0-9ZCPE
16,0.3014,1,False,2.83,3.17,4.17,3.17,3.42,1770285858348,4,2026-02-05T09:59:44.375000+00:00,phase1_completed,none,3,3,4.25,3,3.75,3.25,3.25,3.75,3.5,3,3,2.5,3.5,4.5,3,,,male,0,0,none,,1,1770286295355,2,171,0-9ZCPE,1770286821216,True,,budapest,,secondary,,,0,2.631,1770286773138,trial_40,9299531R.png,36.png,9299531R.png,1770286770507,0-9ZCPE
16,0.645,0,False,2.83,3.17,4.17,3.17,3.42,1770285858348,4,2026-02-05T09:59:44.375000+00:00,phase1_completed,none,3,3,4.25,3,3.75,3.25,3.25,3.75,3.5,3,3,2.5,3.5,4.5,3,,,male,0,0,none,,1,1770286295355,2,171,0-9ZCPE,1770286821216,True,,budapest,,secondary,,,0,5.57,1770286779025,trial_41,9480211R.png,3.png,9480211R.png,1770286773455,0-9ZCPE
16,0.6514,1,False,2.83,3.17,4.17,3.17,3.42,1770285858348,4,2026-02-05T09:59:44.375000+00:00,phase1_completed,none,3,3,4.25,3,3.75,3.25,3.25,3.75,3.5,3,3,2.5,3.5,4.5,3,,,male,1,2,none,,1,1770286295355,2,171,0-9ZCPE,1770286821216,True,,budapest,,secondary,,,0,2.223,1770286781593,trial_42,9448315L.png,28.png,9448315L.png,1770286779370,0-9ZCPE
16,0.9124,0,False,2.83,3.17,4.17,3.17,3.42,1770285858348,4,2026-02-05T09:59:44.375000+00:00,phase1_completed,none,3,3,4.25,3,3.75,3.25,3.25,3.75,3.5,3,3,2.5,3.5,4.5,3,,,male,0,0,none,,1,1770286295355,2,171,0-9ZCPE,1770286821216,True,,budapest,,secondary,,,0,1.936,1770286783857,trial_43,9717450L.png,40.png,9717450L.png,1770286781921,0-9ZCPE
16,0.9095,1,False,2.83,3.17,4.17,3.17,3.42,1770285858348,3,2026-02-05T09:59:44.375000+00:00,phase1_completed,none,3,3,4.25,3,3.75,3.25,3.25,3.75,3.5,3,3,2.5,3.5,4.5,3,,,male,1,2,none,,0,1770286295355,2,171,0-9ZCPE,1770286821216,True,,budapest,,secondary,,,0,6.445,1770286790609,trial_44,9534110L.png,49.png,9534110L.png,1770286784164,0-9ZCPE
16,0.7641,0,False,2.83,3.17,4.17,3.17,3.42,1770285858348,4,2026-02-05T09:59:44.375000+00:00,phase1_completed,none,3,3,4.25,3,3.75,3.25,3.25,3.75,3.5,3,3,2.5,3.5,4.5,3,,,male,0,0,none,,0,1770286295355,2,171,0-9ZCPE,1770286821216,True,,budapest,,secondary,,,0,3.805,1770286794762,trial_45,9667180L.png,35.png,9667180L.png,1770286790957,0-9ZCPE
16,0.6057,0,False,2.83,3.17,4.17,3.17,3.42,1770285858348,4,2026-02-05T09:59:44.375000+00:00,phase1_completed,none,3,3,4.25,3,3.75,3.25,3.25,3.75,3.5,3,3,2.5,3.5,4.5,3,,,male,1,2,none,,1,1770286295355,2,171,0-9ZCPE,1770286821216,True,,budapest,,secondary,,,0,2.049,1770286797177,trial_46,9606955R.png,11.png,9606955R.png,1770286795128,0-9ZCPE
16,0.5424,1,False,2.83,3.17,4.17,3.17,3.42,1770285858348,4,2026-02-05T09:59:44.375000+00:00,phase1_completed,none,3,3,4.25,3,3.75,3.25,3.25,3.75,3.5,3,3,2.5,3.5,4.5,3,,,male,1,2,none,,0,1770286295355,2,171,0-9ZCPE,1770286821216,True,,budapest,,secondary,,,0,4.462,1770286802001,trial_47,9648224L.png,44.png,9648224L.png,1770286797539,0-9ZCPE
16,0.8709,1,False,2.83,3.17,4.17,3.17,3.42,1770285858348,4,2026-02-05T09:59:44.375000+00:00,phase1_completed,none,3,3,4.25,3,3.75,3.25,3.25,3.75,3.5,3,3,2.5,3.5,4.5,3,,,male,1,2,none,,1,1770286295355,2,171,0-9ZCPE,1770286821216,True,,budapest,,secondary,,,0,1.755,1770286804162,trial_48,9354156R.png,6.png,9354156R.png,1770286802407,0-9ZCPE
16,0.4814,0,False,2.83,3.17,4.17,3.17,3.42,1770285858348,5,2026-02-05T09:59:44.375000+00:00,phase1_completed,none,3,3,4.25,3,3.75,3.25,3.25,3.75,3.5,3,3,2.5,3.5,4.5,3,,,male,0,0,none,,0,1770286295355,2,171,0-9ZCPE,1770286821216,True,,budapest,,secondary,,,0,11.332,1770286815841,trial_49,9645608L.png,43.png,9645608L.png,1770286804509,0-9ZCPE
16,0.5533,0,False,2.83,3.17,4.17,3.17,3.42,1770285858348,5,2026-02-05T09:59:44.375000+00:00,phase1_completed,none,3,3,4.25,3,3.75,3.25,3.25,3.75,3.5,3,3,2.5,3.5,4.5,3,,,male,0,0,none,,1,1770286295355,2,171,0-9ZCPE,1770286821216,True,,budapest,,secondary,,,0,8.051,1770286532938,trial_5,9261557L.png,23.png,9261557L.png,1770286524887,0-9ZCPE
16,0.79,1,False,2.83,3.17,4.17,3.17,3.42,1770285858348,7,2026-02-05T09:59:44.375000+00:00,phase1_completed,none,3,3,4.25,3,3.75,3.25,3.25,3.75,3.5,3,3,2.5,3.5,4.5,3,,,male,1,2,none,,1,1770286295355,2,171,0-9ZCPE,1770286821216,True,,budapest,,secondary,,,0,4.868,1770286821065,trial_50,9142551R.png,37.png,9142551R.png,1770286816197,0-9ZCPE
16,0.5749,1,False,2.83,3.17,4.17,3.17,3.42,1770285858348,5,2026-02-05T09:59:44.375000+00:00,phase1_completed,none,3,3,4.25,3,3.75,3.25,3.25,3.75,3.5,3,3,2.5,3.5,4.5,3,,,male,1,2,none,,1,1770286295355,2,171,0-9ZCPE,1770286821216,True,,budapest,,secondary,,,0,71.223,1770286604506,trial_6,9797850R.png,32.png,9797850R.png,1770286533283,0-9ZCPE
16,0.8137,0,False,2.83,3.17,4.17,3.17,3.42,1770285858348,4,2026-02-05T09:59:44.375000+00:00,phase1_completed,none,3,3,4.25,3,3.75,3.25,3.25,3.75,3.5,3,3,2.5,3.5,4.5,3,,,male,1,3,none,,1,1770286295355,2,171,0-9ZCPE,1770286821216,True,,budapest,,secondary,,,0,2.618,1770286607810,trial_7,9046206L.png,29.png,9046206L.png,1770286605192,0-9ZCPE
16,0.9948,1,False,2.83,3.17,4.17,3.17,3.42,1770285858348,5,2026-02-05T09:59:44.375000+00:00,phase1_completed,none,3,3,4.25,3,3.75,3.25,3.25,3.75,3.5,3,3,2.5,3.5,4.5,3,,,male,1,3,none,,1,1770286295355,2,171,0-9ZCPE,1770286821216,True,,budapest,,secondary,,,0,2.476,1770286610610,trial_8,9113018R.png,2.png,9113018R.png,1770286608134,0-9ZCPE
16,0.8517,0,False,2.83,3.17,4.17,3.17,3.42,1770285858348,5,2026-02-05T09:59:44.375000+00:00,phase1_completed,none,3,3,4.25,3,3.75,3.25,3.25,3.75,3.5,3,3,2.5,3.5,4.5,3,,,male,0,0,none,,1,1770286295355,2,171,0-9ZCPE,1770286821216,True,,budapest,,secondary,,,0,3.34,1770286614290,trial_9,9810475L.png,13.png,9810475L.png,1770286610950,0-9ZCPE
17,0.8517,0,False,3.08,4.67,3.58,2.25,3.92,1770285811281,5,2026-02-05T09:59:13.456000+00:00,phase1_completed,none,2.5,2.5,4,2.75,4.75,2.25,2,4.25,4.5,5,4.5,3.75,4.5,2.5,2.75,,,female,0,0,none,,1,1770286141793,3,278,0-A3J7A,1770286698666,True,,budapest,,secondary,,,0,14.37,1770286304721,trial_1,9810475L.png,13.png,9810475L.png,1770286290351,0-A3J7A
17,0.9843,1,False,3.08,4.67,3.58,2.25,3.92,1770285811281,7,2026-02-05T09:59:13.456000+00:00,phase1_completed,none,2.5,2.5,4,2.75,4.75,2.25,2,4.25,4.5,5,4.5,3.75,4.5,2.5,2.75,,,female,1,2,none,,1,1770286141793,3,278,0-A3J7A,1770286698666,True,,budapest,,secondary,,,0,3.222,1770286371945,trial_10,9322109R.png,14.png,9322109R.png,1770286368723,0-A3J7A
17,0.8846,0,False,3.08,4.67,3.58,2.25,3.92,1770285811281,7,2026-02-05T09:59:13.456000+00:00,phase1_completed,none,2.5,2.5,4,2.75,4.75,2.25,2,4.25,4.5,5,4.5,3.75,4.5,2.5,2.75,,,female,1,2,none,,0,1770286141793,3,278,0-A3J7A,1770286698666,True,,budapest,,secondary,,,0,9.048,1770286381337,trial_11,9998089R.png,24.png,9998089R.png,1770286372289,0-A3J7A
17,0.9124,0,False,3.08,4.67,3.58,2.25,3.92,1770285811281,7,2026-02-05T09:59:13.456000+00:00,phase1_completed,none,2.5,2.5,4,2.75,4.75,2.25,2,4.25,4.5,5,4.5,3.75,4.5,2.5,2.75,,,female,0,0,none,,0,1770286141793,3,278,0-A3J7A,1770286698666,True,,budapest,,secondary,,,0,3.962,1770286385665,trial_12,9717450L.png,40.png,9717450L.png,1770286381703,0-A3J7A
17,0.8842,1,False,3.08,4.67,3.58,2.25,3.92,1770285811281,2,2026-02-05T09:59:13.456000+00:00,phase1_completed,none,2.5,2.5,4,2.75,4.75,2.25,2,4.25,4.5,5,4.5,3.75,4.5,2.5,2.75,,,female,1,2,none,,1,1770286141793,3,278,0-A3J7A,1770286698666,True,,budapest,,secondary,,,0,9.483,1770286395488,trial_13,9304828L.png,46.png,9304828L.png,1770286386005,0-A3J7A
17,0.401,0,False,3.08,4.67,3.58,2.25,3.92,1770285811281,6,2026-02-05T09:59:13.456000+00:00,phase1_completed,none,2.5,2.5,4,2.75,4.75,2.25,2,4.25,4.5,5,4.5,3.75,4.5,2.5,2.75,,,female,0,0,none,,0,1770286141793,3,278,0-A3J7A,1770286698666,True,,budapest,,secondary,,,0,9.605,1770286405465,trial_14,9035779L.png,45.png,9035779L.png,1770286395860,0-A3J7A
17,0.5533,0,False,3.08,4.67,3.58,2.25,3.92,1770285811281,5,2026-02-05T09:59:13.456000+00:00,phase1_completed,none,2.5,2.5,4,2.75,4.75,2.25,2,4.25,4.5,5,4.5,3.75,4.5,2.5,2.75,,,female,0,0,none,,0,1770286141793,3,278,0-A3J7A,1770286698666,True,,budapest,,secondary,,,0,6.67,1770286412512,trial_15,9261557L.png,23.png,9261557L.png,1770286405842,0-A3J7A
17,0.9663,1,False,3.08,4.67,3.58,2.25,3.92,1770285811281,7,2026-02-05T09:59:13.456000+00:00,phase1_completed,none,2.5,2.5,4,2.75,4.75,2.25,2,4.25,4.5,5,4.5,3.75,4.5,2.5,2.75,,,female,1,3,none,,1,1770286141793,3,278,0-A3J7A,1770286698666,True,,budapest,,secondary,,,0,6.412,1770286419289,trial_16,9056326L.png,19.png,9056326L.png,1770286412877,0-A3J7A
17,0.584,0,False,3.08,4.67,3.58,2.25,3.92,1770285811281,6,2026-02-05T09:59:13.456000+00:00,phase1_completed,none,2.5,2.5,4,2.75,4.75,2.25,2,4.25,4.5,5,4.5,3.75,4.5,2.5,2.75,,,female,0,0,none,,0,1770286141793,3,278,0-A3J7A,1770286698666,True,,budapest,,secondary,,,0,6.905,1770286426529,trial_17,9598675R.png,27.png,9598675R.png,1770286419624,0-A3J7A
17,0.2577,1,False,3.08,4.67,3.58,2.25,3.92,1770285811281,7,2026-02-05T09:59:13.456000+00:00,phase1_completed,none,2.5,2.5,4,2.75,4.75,2.25,2,4.25,4.5,5,4.5,3.75,4.5,2.5,2.75,,,female,0,0,none,,0,1770286141793,3,278,0-A3J7A,1770286698666,True,,budapest,,secondary,,,0,4.408,1770286431272,trial_18,9827858L.png,8.png,9827858L.png,1770286426864,0-A3J7A
17,0.9095,1,False,3.08,4.67,3.58,2.25,3.92,1770285811281,6,2026-02-05T09:59:13.456000+00:00,phase1_completed,none,2.5,2.5,4,2.75,4.75,2.25,2,4.25,4.5,5,4.5,3.75,4.5,2.5,2.75,,,female,1,2,none,,0,1770286141793,3,278,0-A3J7A,1770286698666,True,,budapest,,secondary,,,0,7.279,1770286438872,trial_19,9534110L.png,49.png,9534110L.png,1770286431593,0-A3J7A
17,0.5639,0,False,3.08,4.67,3.58,2.25,3.92,1770285811281,7,2026-02-05T09:59:13.456000+00:00,phase1_completed,none,2.5,2.5,4,2.75,4.75,2.25,2,4.25,4.5,5,4.5,3.75,4.5,2.5,2.75,,,female,0,0,none,,0,1770286141793,3,278,0-A3J7A,1770286698666,True,,budapest,,secondary,,,0,4.518,1770286309569,trial_2,9100699L.png,48.png,9100699L.png,1770286305051,0-A3J7A
17,0.916,1,False,3.08,4.67,3.58,2.25,3.92,1770285811281,4,2026-02-05T09:59:13.456000+00:00,phase1_completed,none,2.5,2.5,4,2.75,4.75,2.25,2,4.25,4.5,5,4.5,3.75,4.5,2.5,2.75,,,female,1,2,none,,0,1770286141793,3,278,0-A3J7A,1770286698666,True,,budapest,,secondary,,,0,6.477,1770286445664,trial_20,9862321L.png,17.png,9862321L.png,1770286439187,0-A3J7A
17,0.4903,1,False,3.08,4.67,3.58,2.25,3.92,1770285811281,6,2026-02-05T09:59:13.456000+00:00,phase1_completed,none,2.5,2.5,4,2.75,4.75,2.25,2,4.25,4.5,5,4.5,3.75,4.5,2.5,2.75,,,female,1,4,none,,1,1770286141793,3,278,0-A3J7A,1770286698666,True,,budapest,,secondary,,,0,9.955,1770286455944,trial_21,9311154L.png,39.png,9311154L.png,1770286445989,0-A3J7A
17,0.8709,1,False,3.08,4.67,3.58,2.25,3.92,1770285811281,6,2026-02-05T09:59:13.456000+00:00,phase1_completed,none,2.5,2.5,4,2.75,4.75,2.25,2,4.25,4.5,5,4.5,3.75,4.5,2.5,2.75,,,female,1,2,none,,0,1770286141793,3,278,0-A3J7A,1770286698666,True,,budapest,,secondary,,,0,5.59,1770286461896,trial_22,9354156R.png,6.png,9354156R.png,1770286456306,0-A3J7A
17,0.6514,1,False,3.08,4.67,3.58,2.25,3.92,1770285811281,4,2026-02-05T09:59:13.456000+00:00,phase1_completed,none,2.5,2.5,4,2.75,4.75,2.25,2,4.25,4.5,5,4.5,3.75,4.5,2.5,2.75,,,female,1,2,none,,0,1770286141793,3,278,0-A3J7A,1770286698666,True,,budapest,,secondary,,,0,13.143,1770286475425,trial_23,9448315L.png,28.png,9448315L.png,1770286462282,0-A3J7A
17,0.4814,0,False,3.08,4.67,3.58,2.25,3.92,1770285811281,5,2026-02-05T09:59:13.456000+00:00,phase1_completed,none,2.5,2.5,4,2.75,4.75,2.25,2,4.25,4.5,5,4.5,3.75,4.5,2.5,2.75,,,female,0,0,none,,0,1770286141793,3,278,0-A3J7A,1770286698666,True,,budapest,,secondary,,,0,4.466,1770286480249,trial_24,9645608L.png,43.png,9645608L.png,1770286475783,0-A3J7A
17,0.329,0,False,3.08,4.67,3.58,2.25,3.92,1770285811281,3,2026-02-05T09:59:13.456000+00:00,phase1_completed,none,2.5,2.5,4,2.75,4.75,2.25,2,4.25,4.5,5,4.5,3.75,4.5,2.5,2.75,,,female,0,0,none,,1,1770286141793,3,278,0-A3J7A,1770286698666,True,,budapest,,secondary,,,0,5.61,1770286486201,trial_25,9043461R.png,9.png,9043461R.png,1770286480591,0-A3J7A
17,0.9974,1,False,3.08,4.67,3.58,2.25,3.92,1770285811281,7,2026-02-05T09:59:13.456000+00:00,phase1_completed,none,2.5,2.5,4,2.75,4.75,2.25,2,4.25,4.5,5,4.5,3.75,4.5,2.5,2.75,,,female,1,3,none,,1,1770286141793,3,278,0-A3J7A,1770286698666,True,,budapest,,secondary,,,0,8.101,1770286494649,trial_26,9271965R.png,47.png,9271965R.png,1770286486548,0-A3J7A
17,0.1582,0,False,3.08,4.67,3.58,2.25,3.92,1770285811281,7,2026-02-05T09:59:13.456000+00:00,phase1_completed,none,2.5,2.5,4,2.75,4.75,2.25,2,4.25,4.5,5,4.5,3.75,4.5,2.5,2.75,,,female,1,2,none,,0,1770286141793,3,278,0-A3J7A,1770286698666,True,,budapest,,secondary,,,0,4.598,1770286499593,trial_27,9466142R.png,5.png,9466142R.png,1770286494995,0-A3J7A
17,0.0426,1,False,3.08,4.67,3.58,2.25,3.92,1770285811281,4,2026-02-05T09:59:13.456000+00:00,phase1_completed,none,2.5,2.5,4,2.75,4.75,2.25,2,4.25,4.5,5,4.5,3.75,4.5,2.5,2.75,,,female,0,0,none,,0,1770286141793,3,278,0-A3J7A,1770286698666,True,,budapest,,secondary,,,0,20.332,1770286520265,trial_28,9360243L.png,50.png,9360243L.png,1770286499933,0-A3J7A
17,0.79,1,False,3.08,4.67,3.58,2.25,3.92,1770285811281,4,2026-02-05T09:59:13.456000+00:00,phase1_completed,none,2.5,2.5,4,2.75,4.75,2.25,2,4.25,4.5,5,4.5,3.75,4.5,2.5,2.75,,,female,1,2,none,,0,1770286141793,3,278,0-A3J7A,1770286698666,True,,budapest,,secondary,,,0,8.062,1770286528713,trial_29,9142551R.png,37.png,9142551R.png,1770286520651,0-A3J7A
17,0.5749,1,False,3.08,4.67,3.58,2.25,3.92,1770285811281,6,2026-02-05T09:59:13.456000+00:00,phase1_completed,none,2.5,2.5,4,2.75,4.75,2.25,2,4.25,4.5,5,4.5,3.75,4.5,2.5,2.75,,,female,1,2,none,,1,1770286141793,3,278,0-A3J7A,1770286698666,True,,budapest,,secondary,,,0,7.67,1770286317594,trial_3,9797850R.png,32.png,9797850R.png,1770286309924,0-A3J7A
17,0.1918,0,False,3.08,4.67,3.58,2.25,3.92,1770285811281,7,2026-02-05T09:59:13.456000+00:00,phase1_completed,none,2.5,2.5,4,2.75,4.75,2.25,2,4.25,4.5,5,4.5,3.75,4.5,2.5,2.75,,,female,1,2,none,,0,1770286141793,3,278,0-A3J7A,1770286698666,True,,budapest,,secondary,,,0,5.334,1770286534441,trial_30,9788301L.png,33.png,9788301L.png,1770286529107,0-A3J7A
17,0.9867,1,False,3.08,4.67,3.58,2.25,3.92,1770285811281,7,2026-02-05T09:59:13.456000+00:00,phase1_completed,none,2.5,2.5,4,2.75,4.75,2.25,2,4.25,4.5,5,4.5,3.75,4.5,2.5,2.75,,,female,1,3,none,,1,1770286141793,3,278,0-A3J7A,1770286698666,True,,budapest,,secondary,,,0,4.79,1770286539569,trial_31,9267247L.png,38.png,9267247L.png,1770286534779,0-A3J7A
17,0.3771,0,False,3.08,4.67,3.58,2.25,3.92,1770285811281,6,2026-02-05T09:59:13.456000+00:00,phase1_completed,none,2.5,2.5,4,2.75,4.75,2.25,2,4.25,4.5,5,4.5,3.75,4.5,2.5,2.75,,,female,0,0,none,,0,1770286141793,3,278,0-A3J7A,1770286698666,True,,budapest,,secondary,,,0,7.411,1770286547345,trial_32,9872350R.png,30.png,9872350R.png,1770286539934,0-A3J7A
17,0.4633,1,False,3.08,4.67,3.58,2.25,3.92,1770285811281,7,2026-02-05T09:59:13.456000+00:00,phase1_completed,none,2.5,2.5,4,2.75,4.75,2.25,2,4.25,4.5,5,4.5,3.75,4.5,2.5,2.75,,,female,0,0,none,,0,1770286141793,3,278,0-A3J7A,1770286698666,True,,budapest,,secondary,,,0,4.222,1770286551921,trial_33,9140556L.png,7.png,9140556L.png,1770286547699,0-A3J7A
17,0.8986,1,False,3.08,4.67,3.58,2.25,3.92,1770285811281,5,2026-02-05T09:59:13.456000+00:00,phase1_completed,none,2.5,2.5,4,2.75,4.75,2.25,2,4.25,4.5,5,4.5,3.75,4.5,2.5,2.75,,,female,1,3,none,,1,1770286141793,3,278,0-A3J7A,1770286698666,True,,budapest,,secondary,,,0,5.487,1770286557721,trial_34,9683886R.png,22.png,9683886R.png,1770286552234,0-A3J7A
17,0.645,0,False,3.08,4.67,3.58,2.25,3.92,1770285811281,7,2026-02-05T09:59:13.456000+00:00,phase1_completed,none,2.5,2.5,4,2.75,4.75,2.25,2,4.25,4.5,5,4.5,3.75,4.5,2.5,2.75,,,female,0,0,none,,0,1770286141793,3,278,0-A3J7A,1770286698666,True,,budapest,,secondary,,,0,10.613,1770286568657,trial_35,9480211R.png,3.png,9480211R.png,1770286558044,0-A3J7A
17,0.5424,1,False,3.08,4.67,3.58,2.25,3.92,1770285811281,7,2026-02-05T09:59:13.456000+00:00,phase1_completed,none,2.5,2.5,4,2.75,4.75,2.25,2,4.25,4.5,5,4.5,3.75,4.5,2.5,2.75,,,female,1,2,none,,1,1770286141793,3,278,0-A3J7A,1770286698666,True,,budapest,,secondary,,,0,5.786,1770286574841,trial_36,9648224L.png,44.png,9648224L.png,1770286569055,0-A3J7A
17,0.7641,0,False,3.08,4.67,3.58,2.25,3.92,1770285811281,7,2026-02-05T09:59:13.456000+00:00,phase1_completed,none,2.5,2.5,4,2.75,4.75,2.25,2,4.25,4.5,5,4.5,3.75,4.5,2.5,2.75,,,female,0,0,none,,0,1770286141793,3,278,0-A3J7A,1770286698666,True,,budapest,,secondary,,,0,3.002,1770286578169,trial_37,9667180L.png,35.png,9667180L.png,1770286575167,0-A3J7A
17,0.6423,0,False,3.08,4.67,3.58,2.25,3.92,1770285811281,6,2026-02-05T09:59:13.456000+00:00,phase1_completed,none,2.5,2.5,4,2.75,4.75,2.25,2,4.25,4.5,5,4.5,3.75,4.5,2.5,2.75,,,female,0,0,none,,1,1770286141793,3,278,0-A3J7A,1770286698666,True,,budapest,,secondary,,,0,5.712,1770286584225,trial_38,9143031L.png,4.png,9143031L.png,1770286578513,0-A3J7A
17,0.5825,0,False,3.08,4.67,3.58,2.25,3.92,1770285811281,4,2026-02-05T09:59:13.456000+00:00,phase1_completed,none,2.5,2.5,4,2.75,4.75,2.25,2,4.25,4.5,5,4.5,3.75,4.5,2.5,2.75,,,female,1,2,none,,1,1770286141793,3,278,0-A3J7A,1770286698666,True,,budapest,,secondary,,,0,16.119,1770286600697,trial_39,9626432R.png,15.png,9626432R.png,1770286584578,0-A3J7A
17,0.8646,0,False,3.08,4.67,3.58,2.25,3.92,1770285811281,4,2026-02-05T09:59:13.456000+00:00,phase1_completed,none,2.5,2.5,4,2.75,4.75,2.25,2,4.25,4.5,5,4.5,3.75,4.5,2.5,2.75,,,female,0,0,none,,1,1770286141793,3,278,0-A3J7A,1770286698666,True,,budapest,,secondary,,,0,14.004,1770286331929,trial_4,9719890R.png,25.png,9719890R.png,1770286317925,0-A3J7A
17,0.8162,0,False,3.08,4.67,3.58,2.25,3.92,1770285811281,6,2026-02-05T09:59:13.456000+00:00,phase1_completed,none,2.5,2.5,4,2.75,4.75,2.25,2,4.25,4.5,5,4.5,3.75,4.5,2.5,2.75,,,female,0,0,none,,1,1770286141793,3,278,0-A3J7A,1770286698666,True,,budapest,,secondary,,,0,8.773,1770286609841,trial_40,9253225L.png,21.png,9253225L.png,1770286601068,0-A3J7A
17,0.3014,1,False,3.08,4.67,3.58,2.25,3.92,1770285811281,4,2026-02-05T09:59:13.456000+00:00,phase1_completed,none,2.5,2.5,4,2.75,4.75,2.25,2,4.25,4.5,5,4.5,3.75,4.5,2.5,2.75,,,female,0,0,none,,1,1770286141793,3,278,0-A3J7A,1770286698666,True,,budapest,,secondary,,,0,12.815,1770286623089,trial_41,9299531R.png,36.png,9299531R.png,1770286610274,0-A3J7A
17,0.5532,0,False,3.08,4.67,3.58,2.25,3.92,1770285811281,7,2026-02-05T09:59:13.456000+00:00,phase1_completed,none,2.5,2.5,4,2.75,4.75,2.25,2,4.25,4.5,5,4.5,3.75,4.5,2.5,2.75,,,female,0,0,none,,0,1770286141793,3,278,0-A3J7A,1770286698666,True,,budapest,,secondary,,,0,24.032,1770286647497,trial_42,9043461L.png,34.png,9043461L.png,1770286623465,0-A3J7A
17,0.8107,0,False,3.08,4.67,3.58,2.25,3.92,1770285811281,7,2026-02-05T09:59:13.456000+00:00,phase1_completed,none,2.5,2.5,4,2.75,4.75,2.25,2,4.25,4.5,5,4.5,3.75,4.5,2.5,2.75,,,female,0,0,none,,0,1770286141793,3,278,0-A3J7A,1770286698666,True,,budapest,,secondary,,,0,4.406,1770286652377,trial_43,9870268R.png,26.png,9870268R.png,1770286647971,0-A3J7A
17,0.0818,1,False,3.08,4.67,3.58,2.25,3.92,1770285811281,7,2026-02-05T09:59:13.456000+00:00,phase1_completed,none,2.5,2.5,4,2.75,4.75,2.25,2,4.25,4.5,5,4.5,3.75,4.5,2.5,2.75,,,female,0,0,none,,0,1770286141793,3,278,0-A3J7A,1770286698666,True,,budapest,,secondary,,,0,2.398,1770286655185,trial_44,9397988L.png,42.png,9397988L.png,1770286652787,0-A3J7A
17,0.9625,1,False,3.08,4.67,3.58,2.25,3.92,1770285811281,6,2026-02-05T09:59:13.456000+00:00,phase1_completed,none,2.5,2.5,4,2.75,4.75,2.25,2,4.25,4.5,5,4.5,3.75,4.5,2.5,2.75,,,female,1,3,none,,1,1770286141793,3,278,0-A3J7A,1770286698666,True,,budapest,,secondary,,,0,3.092,1770286658720,trial_45,9037494R.png,31.png,9037494R.png,1770286655628,0-A3J7A
17,0.6057,0,False,3.08,4.67,3.58,2.25,3.92,1770285811281,4,2026-02-05T09:59:13.456000+00:00,phase1_completed,none,2.5,2.5,4,2.75,4.75,2.25,2,4.25,4.5,5,4.5,3.75,4.5,2.5,2.75,,,female,1,2,none,,0,1770286141793,3,278,0-A3J7A,1770286698666,True,,budapest,,secondary,,,0,16.854,1770286676081,trial_46,9606955R.png,11.png,9606955R.png,1770286659227,0-A3J7A
17,0.0496,1,False,3.08,4.67,3.58,2.25,3.92,1770285811281,7,2026-02-05T09:59:13.456000+00:00,phase1_completed,none,2.5,2.5,4,2.75,4.75,2.25,2,4.25,4.5,5,4.5,3.75,4.5,2.5,2.75,,,female,0,0,none,,1,1770286141793,3,278,0-A3J7A,1770286698666,True,,budapest,,secondary,,,0,4.251,1770286680721,trial_47,9023935L.png,41.png,9023935L.png,1770286676470,0-A3J7A
17,0.8137,0,False,3.08,4.67,3.58,2.25,3.92,1770285811281,6,2026-02-05T09:59:13.456000+00:00,phase1_completed,none,2.5,2.5,4,2.75,4.75,2.25,2,4.25,4.5,5,4.5,3.75,4.5,2.5,2.75,,,female,1,3,none,,0,1770286141793,3,278,0-A3J7A,1770286698666,True,,budapest,,secondary,,,0,6.207,1770286687313,trial_48,9046206L.png,29.png,9046206L.png,1770286681106,0-A3J7A
17,0.2252,0,False,3.08,4.67,3.58,2.25,3.92,1770285811281,6,2026-02-05T09:59:13.456000+00:00,phase1_completed,none,2.5,2.5,4,2.75,4.75,2.25,2,4.25,4.5,5,4.5,3.75,4.5,2.5,2.75,,,female,0,0,none,,0,1770286141793,3,278,0-A3J7A,1770286698666,True,,budapest,,secondary,,,0,3.407,1770286691105,trial_49,9097360L.png,1.png,9097360L.png,1770286687698,0-A3J7A
17,0.9329,1,False,3.08,4.67,3.58,2.25,3.92,1770285811281,5,2026-02-05T09:59:13.456000+00:00,phase1_completed,none,2.5,2.5,4,2.75,4.75,2.25,2,4.25,4.5,5,4.5,3.75,4.5,2.5,2.75,,,female,1,3,none,,1,1770286141793,3,278,0-A3J7A,1770286698666,True,,budapest,,secondary,,,0,7.106,1770286339409,trial_5,9075939L.png,16.png,9075939L.png,1770286332303,0-A3J7A
17,0.9948,1,False,3.08,4.67,3.58,2.25,3.92,1770285811281,5,2026-02-05T09:59:13.456000+00:00,phase1_completed,none,2.5,2.5,4,2.75,4.75,2.25,2,4.25,4.5,5,4.5,3.75,4.5,2.5,2.75,,,female,1,3,none,,1,1770286141793,3,278,0-A3J7A,1770286698666,True,,budapest,,secondary,,,0,7.026,1770286698489,trial_50,9113018R.png,2.png,9113018R.png,1770286691463,0-A3J7A
17,0.7533,0,False,3.08,4.67,3.58,2.25,3.92,1770285811281,7,2026-02-05T09:59:13.456000+00:00,phase1_completed,none,2.5,2.5,4,2.75,4.75,2.25,2,4.25,4.5,5,4.5,3.75,4.5,2.5,2.75,,,female,0,0,none,,0,1770286141793,3,278,0-A3J7A,1770286698666,True,,budapest,,secondary,,,0,5.769,1770286345529,trial_6,9166468R.png,18.png,9166468R.png,1770286339760,0-A3J7A
17,0.0389,1,False,3.08,4.67,3.58,2.25,3.92,1770285811281,3,2026-02-05T09:59:13.456000+00:00,phase1_completed,none,2.5,2.5,4,2.75,4.75,2.25,2,4.25,4.5,5,4.5,3.75,4.5,2.5,2.75,,,female,0,0,none,,1,1770286141793,3,278,0-A3J7A,1770286698666,True,,budapest,,secondary,,,0,6.893,1770286352769,trial_7,9911788L.png,10.png,9911788L.png,1770286345876,0-A3J7A
17,0.0923,0,False,3.08,4.67,3.58,2.25,3.92,1770285811281,3,2026-02-05T09:59:13.456000+00:00,phase1_completed,none,2.5,2.5,4,2.75,4.75,2.25,2,4.25,4.5,5,4.5,3.75,4.5,2.5,2.75,,,female,1,3,none,,1,1770286141793,3,278,0-A3J7A,1770286698666,True,,budapest,,secondary,,,0,7.021,1770286360145,trial_8,9305336L.png,12.png,9305336L.png,1770286353124,0-A3J7A
17,0.5823,0,False,3.08,4.67,3.58,2.25,3.92,1770285811281,4,2026-02-05T09:59:13.456000+00:00,phase1_completed,none,2.5,2.5,4,2.75,4.75,2.25,2,4.25,4.5,5,4.5,3.75,4.5,2.5,2.75,,,female,1,2,none,,0,1770286141793,3,278,0-A3J7A,1770286698666,True,,budapest,,secondary,,,0,7.926,1770286368417,trial_9,9008884R.png,20.png,9008884R.png,1770286360491,0-A3J7A
17,0.4903,1,False,2.58,2.75,4.25,3.42,4,1770285989494,7,2026-02-05T09:58:39.121000+00:00,phase1_completed,none,3.75,3.25,4.5,2.5,4.5,3,4,4,3.75,3.25,2.25,3,2.75,4.25,2.25,,,male,1,4,none,,1,1770286087749,0,505,0-A8V26,1770286642062,True,,budapest,,secondary,,,0,10.495,1770286237598,trial_1,9311154L.png,39.png,9311154L.png,1770286227103,0-A8V26
17,0.5639,0,False,2.58,2.75,4.25,3.42,4,1770285989494,5,2026-02-05T09:58:39.121000+00:00,phase1_completed,none,3.75,3.25,4.5,2.5,4.5,3,4,4,3.75,3.25,2.25,3,2.75,4.25,2.25,,,male,0,0,none,,1,1770286087749,0,505,0-A8V26,1770286642062,True,,budapest,,secondary,,,0,6.101,1770286317349,trial_10,9100699L.png,48.png,9100699L.png,1770286311248,0-A8V26
17,0.4814,0,False,2.58,2.75,4.25,3.42,4,1770285989494,3,2026-02-05T09:58:39.121000+00:00,phase1_completed,none,3.75,3.25,4.5,2.5,4.5,3,4,4,3.75,3.25,2.25,3,2.75,4.25,2.25,,,male,0,0,none,,1,1770286087749,0,505,0-A8V26,1770286642062,True,,budapest,,secondary,,,0,17.491,1770286335166,trial_11,9645608L.png,43.png,9645608L.png,1770286317675,0-A8V26
17,0.584,0,False,2.58,2.75,4.25,3.42,4,1770285989494,5,2026-02-05T09:58:39.121000+00:00,phase1_completed,none,3.75,3.25,4.5,2.5,4.5,3,4,4,3.75,3.25,2.25,3,2.75,4.25,2.25,,,male,0,0,none,,1,1770286087749,0,505,0-A8V26,1770286642062,True,,budapest,,secondary,,,0,8.464,1770286344029,trial_12,9598675R.png,27.png,9598675R.png,1770286335565,0-A8V26
17,0.9948,1,False,2.58,2.75,4.25,3.42,4,1770285989494,7,2026-02-05T09:58:39.121000+00:00,phase1_completed,none,3.75,3.25,4.5,2.5,4.5,3,4,4,3.75,3.25,2.25,3,2.75,4.25,2.25,,,male,1,3,none,,1,1770286087749,0,505,0-A8V26,1770286642062,True,,budapest,,secondary,,,0,5.114,1770286349493,trial_13,9113018R.png,2.png,9113018R.png,1770286344379,0-A8V26
17,0.329,0,False,2.58,2.75,4.25,3.42,4,1770285989494,6,2026-02-05T09:58:39.121000+00:00,phase1_completed,none,3.75,3.25,4.5,2.5,4.5,3,4,4,3.75,3.25,2.25,3,2.75,4.25,2.25,,,male,0,0,none,,0,1770286087749,0,505,0-A8V26,1770286642062,True,,budapest,,secondary,,,0,8.043,1770286357886,trial_14,9043461R.png,9.png,9043461R.png,1770286349843,0-A8V26
17,0.0923,0,False,2.58,2.75,4.25,3.42,4,1770285989494,5,2026-02-05T09:58:39.121000+00:00,phase1_completed,none,3.75,3.25,4.5,2.5,4.5,3,4,4,3.75,3.25,2.25,3,2.75,4.25,2.25,,,male,1,3,none,,1,1770286087749,0,505,0-A8V26,1770286642062,True,,budapest,,secondary,,,0,5.14,1770286363358,trial_15,9305336L.png,12.png,9305336L.png,1770286358218,0-A8V26
17,0.7641,0,False,2.58,2.75,4.25,3.42,4,1770285989494,6,2026-02-05T09:58:39.121000+00:00,phase1_completed,none,3.75,3.25,4.5,2.5,4.5,3,4,4,3.75,3.25,2.25,3,2.75,4.25,2.25,,,male,0,0,none,,0,1770286087749,0,505,0-A8V26,1770286642062,True,,budapest,,secondary,,,0,3.868,1770286367582,trial_16,9667180L.png,35.png,9667180L.png,1770286363714,0-A8V26
17,0.5532,0,False,2.58,2.75,4.25,3.42,4,1770285989494,5,2026-02-05T09:58:39.121000+00:00,phase1_completed,none,3.75,3.25,4.5,2.5,4.5,3,4,4,3.75,3.25,2.25,3,2.75,4.25,2.25,,,male,0,0,none,,1,1770286087749,0,505,0-A8V26,1770286642062,True,,budapest,,secondary,,,0,5.586,1770286373509,trial_17,9043461L.png,34.png,9043461L.png,1770286367923,0-A8V26
17,0.6423,0,False,2.58,2.75,4.25,3.42,4,1770285989494,6,2026-02-05T09:58:39.121000+00:00,phase1_completed,none,3.75,3.25,4.5,2.5,4.5,3,4,4,3.75,3.25,2.25,3,2.75,4.25,2.25,,,male,0,0,none,,1,1770286087749,0,505,0-A8V26,1770286642062,True,,budapest,,secondary,,,0,6.699,1770286380557,trial_18,9143031L.png,4.png,9143031L.png,1770286373858,0-A8V26
17,0.401,0,False,2.58,2.75,4.25,3.42,4,1770285989494,5,2026-02-05T09:58:39.121000+00:00,phase1_completed,none,3.75,3.25,4.5,2.5,4.5,3,4,4,3.75,3.25,2.25,3,2.75,4.25,2.25,,,male,0,0,none,,1,1770286087749,0,505,0-A8V26,1770286642062,True,,budapest,,secondary,,,0,11.705,1770286392646,trial_19,9035779L.png,45.png,9035779L.png,1770286380941,0-A8V26
17,0.0818,1,False,2.58,2.75,4.25,3.42,4,1770285989494,3,2026-02-05T09:58:39.121000+00:00,phase1_completed,none,3.75,3.25,4.5,2.5,4.5,3,4,4,3.75,3.25,2.25,3,2.75,4.25,2.25,,,male,0,0,none,,1,1770286087749,0,505,0-A8V26,1770286642062,True,,budapest,,secondary,,,0,22.947,1770286260926,trial_2,9397988L.png,42.png,9397988L.png,1770286237979,0-A8V26
17,0.0496,1,False,2.58,2.75,4.25,3.42,4,1770285989494,5,2026-02-05T09:58:39.121000+00:00,phase1_completed,none,3.75,3.25,4.5,2.5,4.5,3,4,4,3.75,3.25,2.25,3,2.75,4.25,2.25,,,male,0,0,none,,1,1770286087749,0,505,0-A8V26,1770286642062,True,,budapest,,secondary,,,0,6.466,1770286399469,trial_20,9023935L.png,41.png,9023935L.png,1770286393003,0-A8V26
17,0.8107,0,False,2.58,2.75,4.25,3.42,4,1770285989494,4,2026-02-05T09:58:39.121000+00:00,phase1_completed,none,3.75,3.25,4.5,2.5,4.5,3,4,4,3.75,3.25,2.25,3,2.75,4.25,2.25,,,male,0,0,none,,0,1770286087749,0,505,0-A8V26,1770286642062,True,,budapest,,secondary,,,0,7.586,1770286407429,trial_21,9870268R.png,26.png,9870268R.png,1770286399843,0-A8V26
17,0.8137,0,False,2.58,2.75,4.25,3.42,4,1770285989494,4,2026-02-05T09:58:39.121000+00:00,phase1_completed,none,3.75,3.25,4.5,2.5,4.5,3,4,4,3.75,3.25,2.25,3,2.75,4.25,2.25,,,male,1,3,none,,1,1770286087749,0,505,0-A8V26,1770286642062,True,,budapest,,secondary,,,0,3.828,1770286411614,trial_22,9046206L.png,29.png,9046206L.png,1770286407786,0-A8V26
17,0.9095,1,False,2.58,2.75,4.25,3.42,4,1770285989494,5,2026-02-05T09:58:39.121000+00:00,phase1_completed,none,3.75,3.25,4.5,2.5,4.5,3,4,4,3.75,3.25,2.25,3,2.75,4.25,2.25,,,male,1,2,none,,1,1770286087749,0,505,0-A8V26,1770286642062,True,,budapest,,secondary,,,0,6.145,1770286418109,trial_23,9534110L.png,49.png,9534110L.png,1770286411964,0-A8V26
17,0.5823,0,False,2.58,2.75,4.25,3.42,4,1770285989494,5,2026-02-05T09:58:39.121000+00:00,phase1_completed,none,3.75,3.25,4.5,2.5,4.5,3,4,4,3.75,3.25,2.25,3,2.75,4.25,2.25,,,male,1,2,none,,1,1770286087749,0,505,0-A8V26,1770286642062,True,,budapest,,secondary,,,0,6.09,1770286424621,trial_24,9008884R.png,20.png,9008884R.png,1770286418531,0-A8V26
17,0.9843,1,False,2.58,2.75,4.25,3.42,4,1770285989494,6,2026-02-05T09:58:39.121000+00:00,phase1_completed,none,3.75,3.25,4.5,2.5,4.5,3,4,4,3.75,3.25,2.25,3,2.75,4.25,2.25,,,male,1,2,none,,1,1770286087749,0,505,0-A8V26,1770286642062,True,,budapest,,secondary,,,0,4.158,1770286429157,trial_25,9322109R.png,14.png,9322109R.png,1770286424999,0-A8V26
17,0.2252,0,False,2.58,2.75,4.25,3.42,4,1770285989494,7,2026-02-05T09:58:39.121000+00:00,phase1_completed,none,3.75,3.25,4.5,2.5,4.5,3,4,4,3.75,3.25,2.25,3,2.75,4.25,2.25,,,male,0,0,none,,1,1770286087749,0,505,0-A8V26,1770286642062,True,,budapest,,secondary,,,0,3.639,1770286433302,trial_26,9097360L.png,1.png,9097360L.png,1770286429663,0-A8V26
17,0.2577,1,False,2.58,2.75,4.25,3.42,4,1770285989494,5,2026-02-05T09:58:39.121000+00:00,phase1_completed,none,3.75,3.25,4.5,2.5,4.5,3,4,4,3.75,3.25,2.25,3,2.75,4.25,2.25,,,male,0,0,none,,0,1770286087749,0,505,0-A8V26,1770286642062,True,,budapest,,secondary,,,0,6.034,1770286439670,trial_27,9827858L.png,8.png,9827858L.png,1770286433636,0-A8V26
17,0.8162,0,False,2.58,2.75,4.25,3.42,4,1770285989494,5,2026-02-05T09:58:39.121000+00:00,phase1_completed,none,3.75,3.25,4.5,2.5,4.5,3,4,4,3.75,3.25,2.25,3,2.75,4.25,2.25,,,male,0,0,none,,1,1770286087749,0,505,0-A8V26,1770286642062,True,,budapest,,secondary,,,0,3.173,1770286443221,trial_28,9253225L.png,21.png,9253225L.png,1770286440048,0-A8V26
17,0.3014,1,False,2.58,2.75,4.25,3.42,4,1770285989494,5,2026-02-05T09:58:39.121000+00:00,phase1_completed,none,3.75,3.25,4.5,2.5,4.5,3,4,4,3.75,3.25,2.25,3,2.75,4.25,2.25,,,male,0,0,none,,1,1770286087749,0,505,0-A8V26,1770286642062,True,,budapest,,secondary,,,0,3.912,1770286447494,trial_29,9299531R.png,36.png,9299531R.png,1770286443582,0-A8V26
17,0.1582,0,False,2.58,2.75,4.25,3.42,4,1770285989494,7,2026-02-05T09:58:39.121000+00:00,phase1_completed,none,3.75,3.25,4.5,2.5,4.5,3,4,4,3.75,3.25,2.25,3,2.75,4.25,2.25,,,male,1,2,none,,0,1770286087749,0,505,0-A8V26,1770286642062,True,,budapest,,secondary,,,0,5.45,1770286266767,trial_3,9466142R.png,5.png,9466142R.png,1770286261317,0-A8V26
17,0.5424,1,False,2.58,2.75,4.25,3.42,4,1770285989494,4,2026-02-05T09:58:39.121000+00:00,phase1_completed,none,3.75,3.25,4.5,2.5,4.5,3,4,4,3.75,3.25,2.25,3,2.75,4.25,2.25,,,male,1,2,none,,0,1770286087749,0,505,0-A8V26,1770286642062,True,,budapest,,secondary,,,0,5.102,1770286452949,trial_30,9648224L.png,44.png,9648224L.png,1770286447847,0-A8V26
17,0.9663,1,False,2.58,2.75,4.25,3.42,4,1770285989494,7,2026-02-05T09:58:39.121000+00:00,phase1_completed,none,3.75,3.25,4.5,2.5,4.5,3,4,4,3.75,3.25,2.25,3,2.75,4.25,2.25,,,male,1,3,none,,1,1770286087749,0,505,0-A8V26,1770286642062,True,,budapest,,secondary,,,0,4.319,1770286457621,trial_31,9056326L.png,19.png,9056326L.png,1770286453302,0-A8V26
17,0.8846,0,False,2.58,2.75,4.25,3.42,4,1770285989494,7,2026-02-05T09:58:39.121000+00:00,phase1_completed,none,3.75,3.25,4.5,2.5,4.5,3,4,4,3.75,3.25,2.25,3,2.75,4.25,2.25,,,male,1,2,none,,0,1770286087749,0,505,0-A8V26,1770286642062,True,,budapest,,secondary,,,0,10.846,1770286468909,trial_32,9998089R.png,24.png,9998089R.png,1770286458063,0-A8V26
17,0.8646,0,False,2.58,2.75,4.25,3.42,4,1770285989494,5,2026-02-05T09:58:39.121000+00:00,phase1_completed,none,3.75,3.25,4.5,2.5,4.5,3,4,4,3.75,3.25,2.25,3,2.75,4.25,2.25,,,male,0,0,none,,1,1770286087749,0,505,0-A8V26,1770286642062,True,,budapest,,secondary,,,0,8.909,1770286478157,trial_33,9719890R.png,25.png,9719890R.png,1770286469248,0-A8V26
17,0.8842,1,False,2.58,2.75,4.25,3.42,4,1770285989494,5,2026-02-05T09:58:39.121000+00:00,phase1_completed,none,3.75,3.25,4.5,2.5,4.5,3,4,4,3.75,3.25,2.25,3,2.75,4.25,2.25,,,male,1,2,none,,1,1770286087749,0,505,0-A8V26,1770286642062,True,,budapest,,secondary,,,0,8.453,1770286487038,trial_34,9304828L.png,46.png,9304828L.png,1770286478585,0-A8V26
17,0.9329,1,False,2.58,2.75,4.25,3.42,4,1770285989494,7,2026-02-05T09:58:39.121000+00:00,phase1_completed,none,3.75,3.25,4.5,2.5,4.5,3,4,4,3.75,3.25,2.25,3,2.75,4.25,2.25,,,male,1,3,none,,1,1770286087749,0,505,0-A8V26,1770286642062,True,,budapest,,secondary,,,0,3.393,1770286490766,trial_35,9075939L.png,16.png,9075939L.png,1770286487373,0-A8V26
17,0.6057,0,False,2.58,2.75,4.25,3.42,4,1770285989494,7,2026-02-05T09:58:39.121000+00:00,phase1_completed,none,3.75,3.25,4.5,2.5,4.5,3,4,4,3.75,3.25,2.25,3,2.75,4.25,2.25,,,male,1,2,none,,1,1770286087749,0,505,0-A8V26,1770286642062,True,,budapest,,secondary,,,0,4.223,1770286495357,trial_36,9606955R.png,11.png,9606955R.png,1770286491134,0-A8V26
17,0.5825,0,False,2.58,2.75,4.25,3.42,4,1770285989494,5,2026-02-05T09:58:39.121000+00:00,phase1_completed,none,3.75,3.25,4.5,2.5,4.5,3,4,4,3.75,3.25,2.25,3,2.75,4.25,2.25,,,male,1,2,none,,1,1770286087749,0,505,0-A8V26,1770286642062,True,,budapest,,secondary,,,0,3.275,1770286498990,trial_37,9626432R.png,15.png,9626432R.png,1770286495715,0-A8V26
17,0.0426,1,False,2.58,2.75,4.25,3.42,4,1770285989494,5,2026-02-05T09:58:39.121000+00:00,phase1_completed,none,3.75,3.25,4.5,2.5,4.5,3,4,4,3.75,3.25,2.25,3,2.75,4.25,2.25,,,male,0,0,none,,1,1770286087749,0,505,0-A8V26,1770286642062,True,,budapest,,secondary,,,0,5.745,1770286505070,trial_38,9360243L.png,50.png,9360243L.png,1770286499325,0-A8V26
17,0.9625,1,False,2.58,2.75,4.25,3.42,4,1770285989494,5,2026-02-05T09:58:39.121000+00:00,phase1_completed,none,3.75,3.25,4.5,2.5,4.5,3,4,4,3.75,3.25,2.25,3,2.75,4.25,2.25,,,male,1,3,none,,1,1770286087749,0,505,0-A8V26,1770286642062,True,,budapest,,secondary,,,0,4.537,1770286509990,trial_39,9037494R.png,31.png,9037494R.png,1770286505453,0-A8V26
17,0.6514,1,False,2.58,2.75,4.25,3.42,4,1770285989494,4,2026-02-05T09:58:39.121000+00:00,phase1_completed,none,3.75,3.25,4.5,2.5,4.5,3,4,4,3.75,3.25,2.25,3,2.75,4.25,2.25,,,male,1,2,none,,0,1770286087749,0,505,0-A8V26,1770286642062,True,,budapest,,secondary,,,0,6.946,1770286274101,trial_4,9448315L.png,28.png,9448315L.png,1770286267155,0-A8V26
17,0.4633,1,False,2.58,2.75,4.25,3.42,4,1770285989494,5,2026-02-05T09:58:39.121000+00:00,phase1_completed,none,3.75,3.25,4.5,2.5,4.5,3,4,4,3.75,3.25,2.25,3,2.75,4.25,2.25,,,male,0,0,none,,1,1770286087749,0,505,0-A8V26,1770286642062,True,,budapest,,secondary,,,0,6.052,1770286516373,trial_40,9140556L.png,7.png,9140556L.png,1770286510321,0-A8V26
17,0.5749,1,False,2.58,2.75,4.25,3.42,4,1770285989494,6,2026-02-05T09:58:39.121000+00:00,phase1_completed,none,3.75,3.25,4.5,2.5,4.5,3,4,4,3.75,3.25,2.25,3,2.75,4.25,2.25,,,male,1,2,none,,0,1770286087749,0,505,0-A8V26,1770286642062,True,,budapest,,secondary,,,0,90.616,1770286607333,trial_41,9797850R.png,32.png,9797850R.png,1770286516717,0-A8V26
17,0.3771,0,False,2.58,2.75,4.25,3.42,4,1770285989494,6,2026-02-05T09:58:39.121000+00:00,phase1_completed,none,3.75,3.25,4.5,2.5,4.5,3,4,4,3.75,3.25,2.25,3,2.75,4.25,2.25,,,male,0,0,none,,0,1770286087749,0,505,0-A8V26,1770286642062,True,,budapest,,secondary,,,0,2.496,1770286610406,trial_42,9872350R.png,30.png,9872350R.png,1770286607910,0-A8V26
17,0.916,1,False,2.58,2.75,4.25,3.42,4,1770285989494,5,2026-02-05T09:58:39.121000+00:00,phase1_completed,none,3.75,3.25,4.5,2.5,4.5,3,4,4,3.75,3.25,2.25,3,2.75,4.25,2.25,,,male,1,2,none,,1,1770286087749,0,505,0-A8V26,1770286642062,True,,budapest,,secondary,,,0,6.262,1770286617134,trial_43,9862321L.png,17.png,9862321L.png,1770286610872,0-A8V26
17,0.79,1,False,2.58,2.75,4.25,3.42,4,1770285989494,5,2026-02-05T09:58:39.121000+00:00,phase1_completed,none,3.75,3.25,4.5,2.5,4.5,3,4,4,3.75,3.25,2.25,3,2.75,4.25,2.25,,,male,1,2,none,,1,1770286087749,0,505,0-A8V26,1770286642062,True,,budapest,,secondary,,,0,3.432,1770286620957,trial_44,9142551R.png,37.png,9142551R.png,1770286617525,0-A8V26
17,0.8709,1,False,2.58,2.75,4.25,3.42,4,1770285989494,5,2026-02-05T09:58:39.121000+00:00,phase1_completed,none,3.75,3.25,4.5,2.5,4.5,3,4,4,3.75,3.25,2.25,3,2.75,4.25,2.25,,,male,1,2,none,,0,1770286087749,0,505,0-A8V26,1770286642062,True,,budapest,,secondary,,,0,2.99,1770286624302,trial_45,9354156R.png,6.png,9354156R.png,1770286621312,0-A8V26
17,0.5533,0,False,2.58,2.75,4.25,3.42,4,1770285989494,4,2026-02-05T09:58:39.121000+00:00,phase1_completed,none,3.75,3.25,4.5,2.5,4.5,3,4,4,3.75,3.25,2.25,3,2.75,4.25,2.25,,,male,0,0,none,,1,1770286087749,0,505,0-A8V26,1770286642062,True,,budapest,,secondary,,,0,3.347,1770286627981,trial_46,9261557L.png,23.png,9261557L.png,1770286624634,0-A8V26
17,0.1918,0,False,2.58,2.75,4.25,3.42,4,1770285989494,5,2026-02-05T09:58:39.121000+00:00,phase1_completed,none,3.75,3.25,4.5,2.5,4.5,3,4,4,3.75,3.25,2.25,3,2.75,4.25,2.25,,,male,1,2,none,,0,1770286087749,0,505,0-A8V26,1770286642062,True,,budapest,,secondary,,,0,3.011,1770286631293,trial_47,9788301L.png,33.png,9788301L.png,1770286628282,0-A8V26
17,0.8986,1,False,2.58,2.75,4.25,3.42,4,1770285989494,4,2026-02-05T09:58:39.121000+00:00,phase1_completed,none,3.75,3.25,4.5,2.5,4.5,3,4,4,3.75,3.25,2.25,3,2.75,4.25,2.25,,,male,1,3,none,,1,1770286087749,0,505,0-A8V26,1770286642062,True,,budapest,,secondary,,,0,2.739,1770286634397,trial_48,9683886R.png,22.png,9683886R.png,1770286631658,0-A8V26
17,0.7533,0,False,2.58,2.75,4.25,3.42,4,1770285989494,5,2026-02-05T09:58:39.121000+00:00,phase1_completed,none,3.75,3.25,4.5,2.5,4.5,3,4,4,3.75,3.25,2.25,3,2.75,4.25,2.25,,,male,0,0,none,,0,1770286087749,0,505,0-A8V26,1770286642062,True,,budapest,,secondary,,,0,4.442,1770286639166,trial_49,9166468R.png,18.png,9166468R.png,1770286634724,0-A8V26
17,0.9974,1,False,2.58,2.75,4.25,3.42,4,1770285989494,7,2026-02-05T09:58:39.121000+00:00,phase1_completed,none,3.75,3.25,4.5,2.5,4.5,3,4,4,3.75,3.25,2.25,3,2.75,4.25,2.25,,,male,1,3,none,,1,1770286087749,0,505,0-A8V26,1770286642062,True,,budapest,,secondary,,,0,4.058,1770286278510,trial_5,9271965R.png,47.png,9271965R.png,1770286274452,0-A8V26
17,0.9867,1,False,2.58,2.75,4.25,3.42,4,1770285989494,7,2026-02-05T09:58:39.121000+00:00,phase1_completed,none,3.75,3.25,4.5,2.5,4.5,3,4,4,3.75,3.25,2.25,3,2.75,4.25,2.25,,,male,1,3,none,,1,1770286087749,0,505,0-A8V26,1770286642062,True,,budapest,,secondary,,,0,2.404,1770286641902,trial_50,9267247L.png,38.png,9267247L.png,1770286639498,0-A8V26
17,0.8517,0,False,2.58,2.75,4.25,3.42,4,1770285989494,5,2026-02-05T09:58:39.121000+00:00,phase1_completed,none,3.75,3.25,4.5,2.5,4.5,3,4,4,3.75,3.25,2.25,3,2.75,4.25,2.25,,,male,0,0,none,,1,1770286087749,0,505,0-A8V26,1770286642062,True,,budapest,,secondary,,,0,10.498,1770286289357,trial_6,9810475L.png,13.png,9810475L.png,1770286278859,0-A8V26
17,0.0389,1,False,2.58,2.75,4.25,3.42,4,1770285989494,7,2026-02-05T09:58:39.121000+00:00,phase1_completed,none,3.75,3.25,4.5,2.5,4.5,3,4,4,3.75,3.25,2.25,3,2.75,4.25,2.25,,,male,0,0,none,,1,1770286087749,0,505,0-A8V26,1770286642062,True,,budapest,,secondary,,,0,5.952,1770286295654,trial_7,9911788L.png,10.png,9911788L.png,1770286289702,0-A8V26
17,0.645,0,False,2.58,2.75,4.25,3.42,4,1770285989494,7,2026-02-05T09:58:39.121000+00:00,phase1_completed,none,3.75,3.25,4.5,2.5,4.5,3,4,4,3.75,3.25,2.25,3,2.75,4.25,2.25,,,male,0,0,none,,0,1770286087749,0,505,0-A8V26,1770286642062,True,,budapest,,secondary,,,0,5.103,1770286301070,trial_8,9480211R.png,3.png,9480211R.png,1770286295967,0-A8V26
17,0.9124,0,False,2.58,2.75,4.25,3.42,4,1770285989494,5,2026-02-05T09:58:39.121000+00:00,phase1_completed,none,3.75,3.25,4.5,2.5,4.5,3,4,4,3.75,3.25,2.25,3,2.75,4.25,2.25,,,male,0,0,none,,0,1770286087749,0,505,0-A8V26,1770286642062,True,,budapest,,secondary,,,0,9.421,1770286310822,trial_9,9717450L.png,40.png,9717450L.png,1770286301401,0-A8V26
17,0.8137,0,False,3.92,3.33,2.67,2.08,3.67,1770285848747,7,2026-02-05T09:58:50.987000+00:00,phase1_completed,none,3.5,1.5,2.25,3.75,3,3.25,1.5,3.25,4.5,3.25,3.75,4.5,3,2.5,3.5,,,male,1,3,none,,0,1770286097090,0,372,0-FA9AN,1770286482305,True,,budapest,,secondary,,,0,13.511,1770286257354,trial_1,9046206L.png,29.png,9046206L.png,1770286243843,0-FA9AN
17,0.8846,0,False,3.92,3.33,2.67,2.08,3.67,1770285848747,7,2026-02-05T09:58:50.987000+00:00,phase1_completed,none,3.5,1.5,2.25,3.75,3,3.25,1.5,3.25,4.5,3.25,3.75,4.5,3,2.5,3.5,,,male,1,2,none,,1,1770286097090,0,372,0-FA9AN,1770286482305,True,,budapest,,secondary,,,0,2.378,1770286315658,trial_10,9998089R.png,24.png,9998089R.png,1770286313280,0-FA9AN
17,0.5825,0,False,3.92,3.33,2.67,2.08,3.67,1770285848747,7,2026-02-05T09:58:50.987000+00:00,phase1_completed,none,3.5,1.5,2.25,3.75,3,3.25,1.5,3.25,4.5,3.25,3.75,4.5,3,2.5,3.5,,,male,1,2,none,,1,1770286097090,0,372,0-FA9AN,1770286482305,True,,budapest,,secondary,,,0,4.836,1770286321034,trial_11,9626432R.png,15.png,9626432R.png,1770286316198,0-FA9AN
17,0.5533,0,False,3.92,3.33,2.67,2.08,3.67,1770285848747,7,2026-02-05T09:58:50.987000+00:00,phase1_completed,none,3.5,1.5,2.25,3.75,3,3.25,1.5,3.25,4.5,3.25,3.75,4.5,3,2.5,3.5,,,male,0,0,none,,1,1770286097090,0,372,0-FA9AN,1770286482305,True,,budapest,,secondary,,,0,3.825,1770286325185,trial_12,9261557L.png,23.png,9261557L.png,1770286321360,0-FA9AN
17,0.5532,0,False,3.92,3.33,2.67,2.08,3.67,1770285848747,6,2026-02-05T09:58:50.987000+00:00,phase1_completed,none,3.5,1.5,2.25,3.75,3,3.25,1.5,3.25,4.5,3.25,3.75,4.5,3,2.5,3.5,,,male,0,0,none,,1,1770286097090,0,372,0-FA9AN,1770286482305,True,,budapest,,secondary,,,0,8.116,1770286333634,trial_13,9043461L.png,34.png,9043461L.png,1770286325518,0-FA9AN
17,0.7533,0,False,3.92,3.33,2.67,2.08,3.67,1770285848747,6,2026-02-05T09:58:50.987000+00:00,phase1_completed,none,3.5,1.5,2.25,3.75,3,3.25,1.5,3.25,4.5,3.25,3.75,4.5,3,2.5,3.5,,,male,0,0,none,,0,1770286097090,0,372,0-FA9AN,1770286482305,True,,budapest,,secondary,,,0,3.584,1770286337538,trial_14,9166468R.png,18.png,9166468R.png,1770286333954,0-FA9AN
17,0.5424,1,False,3.92,3.33,2.67,2.08,3.67,1770285848747,6,2026-02-05T09:58:50.987000+00:00,phase1_completed,none,3.5,1.5,2.25,3.75,3,3.25,1.5,3.25,4.5,3.25,3.75,4.5,3,2.5,3.5,,,male,1,2,none,,0,1770286097090,0,372,0-FA9AN,1770286482305,True,,budapest,,secondary,,,0,5.541,1770286343498,trial_15,9648224L.png,44.png,9648224L.png,1770286337957,0-FA9AN
17,0.9867,1,False,3.92,3.33,2.67,2.08,3.67,1770285848747,7,2026-02-05T09:58:50.987000+00:00,phase1_completed,none,3.5,1.5,2.25,3.75,3,3.25,1.5,3.25,4.5,3.25,3.75,4.5,3,2.5,3.5,,,male,1,3,none,,1,1770286097090,0,372,0-FA9AN,1770286482305,True,,budapest,,secondary,,,0,2.411,1770286346233,trial_16,9267247L.png,38.png,9267247L.png,1770286343822,0-FA9AN
17,0.0389,1,False,3.92,3.33,2.67,2.08,3.67,1770285848747,7,2026-02-05T09:58:50.987000+00:00,phase1_completed,none,3.5,1.5,2.25,3.75,3,3.25,1.5,3.25,4.5,3.25,3.75,4.5,3,2.5,3.5,,,male,0,0,none,,0,1770286097090,0,372,0-FA9AN,1770286482305,True,,budapest,,secondary,,,0,4.563,1770286351194,trial_17,9911788L.png,10.png,9911788L.png,1770286346631,0-FA9AN
17,0.8646,0,False,3.92,3.33,2.67,2.08,3.67,1770285848747,7,2026-02-05T09:58:50.987000+00:00,phase1_completed,none,3.5,1.5,2.25,3.75,3,3.25,1.5,3.25,4.5,3.25,3.75,4.5,3,2.5,3.5,,,male,0,0,none,,1,1770286097090,0,372,0-FA9AN,1770286482305,True,,budapest,,secondary,,,0,6.413,1770286357963,trial_18,9719890R.png,25.png,9719890R.png,1770286351550,0-FA9AN
17,0.9329,1,False,3.92,3.33,2.67,2.08,3.67,1770285848747,6,2026-02-05T09:58:50.987000+00:00,phase1_completed,none,3.5,1.5,2.25,3.75,3,3.25,1.5,3.25,4.5,3.25,3.75,4.5,3,2.5,3.5,,,male,1,3,none,,1,1770286097090,0,372,0-FA9AN,1770286482305,True,,budapest,,secondary,,,0,4.699,1770286363002,trial_19,9075939L.png,16.png,9075939L.png,1770286358303,0-FA9AN
17,0.8842,1,False,3.92,3.33,2.67,2.08,3.67,1770285848747,6,2026-02-05T09:58:50.987000+00:00,phase1_completed,none,3.5,1.5,2.25,3.75,3,3.25,1.5,3.25,4.5,3.25,3.75,4.5,3,2.5,3.5,,,male,1,2,none,,0,1770286097090,0,372,0-FA9AN,1770286482305,True,,budapest,,secondary,,,0,11.904,1770286269610,trial_2,9304828L.png,46.png,9304828L.png,1770286257706,0-FA9AN
17,0.645,0,False,3.92,3.33,2.67,2.08,3.67,1770285848747,6,2026-02-05T09:58:50.987000+00:00,phase1_completed,none,3.5,1.5,2.25,3.75,3,3.25,1.5,3.25,4.5,3.25,3.75,4.5,3,2.5,3.5,,,male,0,0,none,,0,1770286097090,0,372,0-FA9AN,1770286482305,True,,budapest,,secondary,,,0,3.994,1770286367306,trial_20,9480211R.png,3.png,9480211R.png,1770286363312,0-FA9AN
17,0.6514,1,False,3.92,3.33,2.67,2.08,3.67,1770285848747,7,2026-02-05T09:58:50.987000+00:00,phase1_completed,none,3.5,1.5,2.25,3.75,3,3.25,1.5,3.25,4.5,3.25,3.75,4.5,3,2.5,3.5,,,male,1,2,none,,0,1770286097090,0,372,0-FA9AN,1770286482305,True,,budapest,,secondary,,,0,3.081,1770286370730,trial_21,9448315L.png,28.png,9448315L.png,1770286367649,0-FA9AN
17,0.8517,0,False,3.92,3.33,2.67,2.08,3.67,1770285848747,7,2026-02-05T09:58:50.987000+00:00,phase1_completed,none,3.5,1.5,2.25,3.75,3,3.25,1.5,3.25,4.5,3.25,3.75,4.5,3,2.5,3.5,,,male,0,0,none,,1,1770286097090,0,372,0-FA9AN,1770286482305,True,,budapest,,secondary,,,0,7.287,1770286378345,trial_22,9810475L.png,13.png,9810475L.png,1770286371058,0-FA9AN
17,0.9843,1,False,3.92,3.33,2.67,2.08,3.67,1770285848747,5,2026-02-05T09:58:50.987000+00:00,phase1_completed,none,3.5,1.5,2.25,3.75,3,3.25,1.5,3.25,4.5,3.25,3.75,4.5,3,2.5,3.5,,,male,1,2,none,,1,1770286097090,0,372,0-FA9AN,1770286482305,True,,budapest,,secondary,,,0,4.795,1770286383466,trial_23,9322109R.png,14.png,9322109R.png,1770286378671,0-FA9AN
17,0.8986,1,False,3.92,3.33,2.67,2.08,3.67,1770285848747,5,2026-02-05T09:58:50.987000+00:00,phase1_completed,none,3.5,1.5,2.25,3.75,3,3.25,1.5,3.25,4.5,3.25,3.75,4.5,3,2.5,3.5,,,male,1,3,none,,0,1770286097090,0,372,0-FA9AN,1770286482305,True,,budapest,,secondary,,,0,4.58,1770286388394,trial_24,9683886R.png,22.png,9683886R.png,1770286383814,0-FA9AN
17,0.5639,0,False,3.92,3.33,2.67,2.08,3.67,1770285848747,5,2026-02-05T09:58:50.987000+00:00,phase1_completed,none,3.5,1.5,2.25,3.75,3,3.25,1.5,3.25,4.5,3.25,3.75,4.5,3,2.5,3.5,,,male,0,0,none,,1,1770286097090,0,372,0-FA9AN,1770286482305,True,,budapest,,secondary,,,0,2.456,1770286391186,trial_25,9100699L.png,48.png,9100699L.png,1770286388730,0-FA9AN
17,0.4814,0,False,3.92,3.33,2.67,2.08,3.67,1770285848747,5,2026-02-05T09:58:50.987000+00:00,phase1_completed,none,3.5,1.5,2.25,3.75,3,3.25,1.5,3.25,4.5,3.25,3.75,4.5,3,2.5,3.5,,,male,0,0,none,,1,1770286097090,0,372,0-FA9AN,1770286482305,True,,budapest,,secondary,,,0,5.177,1770286396682,trial_26,9645608L.png,43.png,9645608L.png,1770286391505,0-FA9AN
17,0.1582,0,False,3.92,3.33,2.67,2.08,3.67,1770285848747,7,2026-02-05T09:58:50.987000+00:00,phase1_completed,none,3.5,1.5,2.25,3.75,3,3.25,1.5,3.25,4.5,3.25,3.75,4.5,3,2.5,3.5,,,male,1,2,none,,0,1770286097090,0,372,0-FA9AN,1770286482305,True,,budapest,,secondary,,,0,5.755,1770286402770,trial_27,9466142R.png,5.png,9466142R.png,1770286397015,0-FA9AN
17,0.6057,0,False,3.92,3.33,2.67,2.08,3.67,1770285848747,5,2026-02-05T09:58:50.987000+00:00,phase1_completed,none,3.5,1.5,2.25,3.75,3,3.25,1.5,3.25,4.5,3.25,3.75,4.5,3,2.5,3.5,,,male,1,2,none,,0,1770286097090,0,372,0-FA9AN,1770286482305,True,,budapest,,secondary,,,0,4.354,1770286407466,trial_28,9606955R.png,11.png,9606955R.png,1770286403112,0-FA9AN
17,0.9663,1,False,3.92,3.33,2.67,2.08,3.67,1770285848747,7,2026-02-05T09:58:50.987000+00:00,phase1_completed,none,3.5,1.5,2.25,3.75,3,3.25,1.5,3.25,4.5,3.25,3.75,4.5,3,2.5,3.5,,,male,1,3,none,,1,1770286097090,0,372,0-FA9AN,1770286482305,True,,budapest,,secondary,,,0,1.906,1770286409682,trial_29,9056326L.png,19.png,9056326L.png,1770286407776,0-FA9AN
17,0.401,0,False,3.92,3.33,2.67,2.08,3.67,1770285848747,6,2026-02-05T09:58:50.987000+00:00,phase1_completed,none,3.5,1.5,2.25,3.75,3,3.25,1.5,3.25,4.5,3.25,3.75,4.5,3,2.5,3.5,,,male,0,0,none,,0,1770286097090,0,372,0-FA9AN,1770286482305,True,,budapest,,secondary,,,0,12.398,1770286282378,trial_3,9035779L.png,45.png,9035779L.png,1770286269980,0-FA9AN
17,0.3771,0,False,3.92,3.33,2.67,2.08,3.67,1770285848747,6,2026-02-05T09:58:50.987000+00:00,phase1_completed,none,3.5,1.5,2.25,3.75,3,3.25,1.5,3.25,4.5,3.25,3.75,4.5,3,2.5,3.5,,,male,0,0,none,,1,1770286097090,0,372,0-FA9AN,1770286482305,True,,budapest,,secondary,,,0,4.246,1770286414258,trial_30,9872350R.png,30.png,9872350R.png,1770286410012,0-FA9AN
17,0.584,0,False,3.92,3.33,2.67,2.08,3.67,1770285848747,6,2026-02-05T09:58:50.987000+00:00,phase1_completed,none,3.5,1.5,2.25,3.75,3,3.25,1.5,3.25,4.5,3.25,3.75,4.5,3,2.5,3.5,,,male,0,0,none,,1,1770286097090,0,372,0-FA9AN,1770286482305,True,,budapest,,secondary,,,0,2.316,1770286416882,trial_31,9598675R.png,27.png,9598675R.png,1770286414566,0-FA9AN
17,0.916,1,False,3.92,3.33,2.67,2.08,3.67,1770285848747,1,2026-02-05T09:58:50.987000+00:00,phase1_completed,none,3.5,1.5,2.25,3.75,3,3.25,1.5,3.25,4.5,3.25,3.75,4.5,3,2.5,3.5,,,male,1,2,none,,0,1770286097090,0,372,0-FA9AN,1770286482305,True,,budapest,,secondary,,,0,6.819,1770286424018,trial_32,9862321L.png,17.png,9862321L.png,1770286417199,0-FA9AN
17,0.2577,1,False,3.92,3.33,2.67,2.08,3.67,1770285848747,7,2026-02-05T09:58:50.987000+00:00,phase1_completed,none,3.5,1.5,2.25,3.75,3,3.25,1.5,3.25,4.5,3.25,3.75,4.5,3,2.5,3.5,,,male,0,0,none,,0,1770286097090,0,372,0-FA9AN,1770286482305,True,,budapest,,secondary,,,0,4.187,1770286428546,trial_33,9827858L.png,8.png,9827858L.png,1770286424359,0-FA9AN
17,0.6423,0,False,3.92,3.33,2.67,2.08,3.67,1770285848747,5,2026-02-05T09:58:50.987000+00:00,phase1_completed,none,3.5,1.5,2.25,3.75,3,3.25,1.5,3.25,4.5,3.25,3.75,4.5,3,2.5,3.5,,,male,0,0,none,,1,1770286097090,0,372,0-FA9AN,1770286482305,True,,budapest,,secondary,,,0,4.035,1770286432938,trial_34,9143031L.png,4.png,9143031L.png,1770286428903,0-FA9AN
17,0.9948,1,False,3.92,3.33,2.67,2.08,3.67,1770285848747,7,2026-02-05T09:58:50.987000+00:00,phase1_completed,none,3.5,1.5,2.25,3.75,3,3.25,1.5,3.25,4.5,3.25,3.75,4.5,3,2.5,3.5,,,male,1,3,none,,1,1770286097090,0,372,0-FA9AN,1770286482305,True,,budapest,,secondary,,,0,2.515,1770286435746,trial_35,9113018R.png,2.png,9113018R.png,1770286433231,0-FA9AN
17,0.4903,1,False,3.92,3.33,2.67,2.08,3.67,1770285848747,7,2026-02-05T09:58:50.987000+00:00,phase1_completed,none,3.5,1.5,2.25,3.75,3,3.25,1.5,3.25,4.5,3.25,3.75,4.5,3,2.5,3.5,,,male,1,4,none,,1,1770286097090,0,372,0-FA9AN,1770286482305,True,,budapest,,secondary,,,0,2.01,1770286438050,trial_36,9311154L.png,39.png,9311154L.png,1770286436040,0-FA9AN
17,0.8162,0,False,3.92,3.33,2.67,2.08,3.67,1770285848747,7,2026-02-05T09:58:50.987000+00:00,phase1_completed,none,3.5,1.5,2.25,3.75,3,3.25,1.5,3.25,4.5,3.25,3.75,4.5,3,2.5,3.5,,,male,0,0,none,,1,1770286097090,0,372,0-FA9AN,1770286482305,True,,budapest,,secondary,,,0,2.843,1770286441210,trial_37,9253225L.png,21.png,9253225L.png,1770286438367,0-FA9AN
17,0.0923,0,False,3.92,3.33,2.67,2.08,3.67,1770285848747,7,2026-02-05T09:58:50.987000+00:00,phase1_completed,none,3.5,1.5,2.25,3.75,3,3.25,1.5,3.25,4.5,3.25,3.75,4.5,3,2.5,3.5,,,male,1,3,none,,1,1770286097090,0,372,0-FA9AN,1770286482305,True,,budapest,,secondary,,,0,2.518,1770286444058,trial_38,9305336L.png,12.png,9305336L.png,1770286441540,0-FA9AN
17,0.329,0,False,3.92,3.33,2.67,2.08,3.67,1770285848747,7,2026-02-05T09:58:50.987000+00:00,phase1_completed,none,3.5,1.5,2.25,3.75,3,3.25,1.5,3.25,4.5,3.25,3.75,4.5,3,2.5,3.5,,,male,0,0,none,,1,1770286097090,0,372,0-FA9AN,1770286482305,True,,budapest,,secondary,,,0,2.606,1770286446961,trial_39,9043461R.png,9.png,9043461R.png,1770286444355,0-FA9AN
17,0.0496,1,False,3.92,3.33,2.67,2.08,3.67,1770285848747,7,2026-02-05T09:58:50.987000+00:00,phase1_completed,none,3.5,1.5,2.25,3.75,3,3.25,1.5,3.25,4.5,3.25,3.75,4.5,3,2.5,3.5,,,male,0,0,none,,1,1770286097090,0,372,0-FA9AN,1770286482305,True,,budapest,,secondary,,,0,2.955,1770286285666,trial_4,9023935L.png,41.png,9023935L.png,1770286282711,0-FA9AN
17,0.8709,1,False,3.92,3.33,2.67,2.08,3.67,1770285848747,6,2026-02-05T09:58:50.987000+00:00,phase1_completed,none,3.5,1.5,2.25,3.75,3,3.25,1.5,3.25,4.5,3.25,3.75,4.5,3,2.5,3.5,,,male,1,2,none,,0,1770286097090,0,372,0-FA9AN,1770286482305,True,,budapest,,secondary,,,0,2.301,1770286449570,trial_40,9354156R.png,6.png,9354156R.png,1770286447269,0-FA9AN
17,0.9095,1,False,3.92,3.33,2.67,2.08,3.67,1770285848747,4,2026-02-05T09:58:50.987000+00:00,phase1_completed,none,3.5,1.5,2.25,3.75,3,3.25,1.5,3.25,4.5,3.25,3.75,4.5,3,2.5,3.5,,,male,1,2,none,,1,1770286097090,0,372,0-FA9AN,1770286482305,True,,budapest,,secondary,,,0,3.147,1770286453018,trial_41,9534110L.png,49.png,9534110L.png,1770286449871,0-FA9AN
17,0.4633,1,False,3.92,3.33,2.67,2.08,3.67,1770285848747,4,2026-02-05T09:58:50.987000+00:00,phase1_completed,none,3.5,1.5,2.25,3.75,3,3.25,1.5,3.25,4.5,3.25,3.75,4.5,3,2.5,3.5,,,male,0,0,none,,0,1770286097090,0,372,0-FA9AN,1770286482305,True,,budapest,,secondary,,,0,3.224,1770286456546,trial_42,9140556L.png,7.png,9140556L.png,1770286453322,0-FA9AN
17,0.8107,0,False,3.92,3.33,2.67,2.08,3.67,1770285848747,7,2026-02-05T09:58:50.987000+00:00,phase1_completed,none,3.5,1.5,2.25,3.75,3,3.25,1.5,3.25,4.5,3.25,3.75,4.5,3,2.5,3.5,,,male,0,0,none,,1,1770286097090,0,372,0-FA9AN,1770286482305,True,,budapest,,secondary,,,0,1.964,1770286458818,trial_43,9870268R.png,26.png,9870268R.png,1770286456854,0-FA9AN
17,0.9124,0,False,3.92,3.33,2.67,2.08,3.67,1770285848747,7,2026-02-05T09:58:50.987000+00:00,phase1_completed,none,3.5,1.5,2.25,3.75,3,3.25,1.5,3.25,4.5,3.25,3.75,4.5,3,2.5,3.5,,,male,0,0,none,,1,1770286097090,0,372,0-FA9AN,1770286482305,True,,budapest,,secondary,,,0,3.075,1770286462218,trial_44,9717450L.png,40.png,9717450L.png,1770286459143,0-FA9AN
17,0.9974,1,False,3.92,3.33,2.67,2.08,3.67,1770285848747,7,2026-02-05T09:58:50.987000+00:00,phase1_completed,none,3.5,1.5,2.25,3.75,3,3.25,1.5,3.25,4.5,3.25,3.75,4.5,3,2.5,3.5,,,male,1,3,none,,1,1770286097090,0,372,0-FA9AN,1770286482305,True,,budapest,,secondary,,,0,1.761,1770286464321,trial_45,9271965R.png,47.png,9271965R.png,1770286462560,0-FA9AN
17,0.0426,1,False,3.92,3.33,2.67,2.08,3.67,1770285848747,6,2026-02-05T09:58:50.987000+00:00,phase1_completed,none,3.5,1.5,2.25,3.75,3,3.25,1.5,3.25,4.5,3.25,3.75,4.5,3,2.5,3.5,,,male,0,0,none,,0,1770286097090,0,372,0-FA9AN,1770286482305,True,,budapest,,secondary,,,0,3.163,1770286467826,trial_46,9360243L.png,50.png,9360243L.png,1770286464663,0-FA9AN
17,0.3014,1,False,3.92,3.33,2.67,2.08,3.67,1770285848747,4,2026-02-05T09:58:50.987000+00:00,phase1_completed,none,3.5,1.5,2.25,3.75,3,3.25,1.5,3.25,4.5,3.25,3.75,4.5,3,2.5,3.5,,,male,0,0,none,,1,1770286097090,0,372,0-FA9AN,1770286482305,True,,budapest,,secondary,,,0,4.19,1770286472370,trial_47,9299531R.png,36.png,9299531R.png,1770286468180,0-FA9AN
17,0.5823,0,False,3.92,3.33,2.67,2.08,3.67,1770285848747,6,2026-02-05T09:58:50.987000+00:00,phase1_completed,none,3.5,1.5,2.25,3.75,3,3.25,1.5,3.25,4.5,3.25,3.75,4.5,3,2.5,3.5,,,male,1,2,none,,0,1770286097090,0,372,0-FA9AN,1770286482305,True,,budapest,,secondary,,,0,1.95,1770286474666,trial_48,9008884R.png,20.png,9008884R.png,1770286472716,0-FA9AN
17,0.5749,1,False,3.92,3.33,2.67,2.08,3.67,1770285848747,6,2026-02-05T09:58:50.987000+00:00,phase1_completed,none,3.5,1.5,2.25,3.75,3,3.25,1.5,3.25,4.5,3.25,3.75,4.5,3,2.5,3.5,,,male,1,2,none,,1,1770286097090,0,372,0-FA9AN,1770286482305,True,,budapest,,secondary,,,0,4.059,1770286479034,trial_49,9797850R.png,32.png,9797850R.png,1770286474975,0-FA9AN
17,0.0818,1,False,3.92,3.33,2.67,2.08,3.67,1770285848747,5,2026-02-05T09:58:50.987000+00:00,phase1_completed,none,3.5,1.5,2.25,3.75,3,3.25,1.5,3.25,4.5,3.25,3.75,4.5,3,2.5,3.5,,,male,0,0,none,,1,1770286097090,0,372,0-FA9AN,1770286482305,True,,budapest,,secondary,,,0,8.051,1770286294066,trial_5,9397988L.png,42.png,9397988L.png,1770286286015,0-FA9AN
17,0.9625,1,False,3.92,3.33,2.67,2.08,3.67,1770285848747,6,2026-02-05T09:58:50.987000+00:00,phase1_completed,none,3.5,1.5,2.25,3.75,3,3.25,1.5,3.25,4.5,3.25,3.75,4.5,3,2.5,3.5,,,male,1,3,none,,1,1770286097090,0,372,0-FA9AN,1770286482305,True,,budapest,,secondary,,,0,2.72,1770286482130,trial_50,9037494R.png,31.png,9037494R.png,1770286479410,0-FA9AN
17,0.1918,0,False,3.92,3.33,2.67,2.08,3.67,1770285848747,7,2026-02-05T09:58:50.987000+00:00,phase1_completed,none,3.5,1.5,2.25,3.75,3,3.25,1.5,3.25,4.5,3.25,3.75,4.5,3,2.5,3.5,,,male,1,2,none,,0,1770286097090,0,372,0-FA9AN,1770286482305,True,,budapest,,secondary,,,0,7.768,1770286302178,trial_6,9788301L.png,33.png,9788301L.png,1770286294410,0-FA9AN
17,0.2252,0,False,3.92,3.33,2.67,2.08,3.67,1770285848747,7,2026-02-05T09:58:50.987000+00:00,phase1_completed,none,3.5,1.5,2.25,3.75,3,3.25,1.5,3.25,4.5,3.25,3.75,4.5,3,2.5,3.5,,,male,0,0,none,,1,1770286097090,0,372,0-FA9AN,1770286482305,True,,budapest,,secondary,,,0,3.657,1770286306162,trial_7,9097360L.png,1.png,9097360L.png,1770286302505,0-FA9AN
17,0.7641,0,False,3.92,3.33,2.67,2.08,3.67,1770285848747,7,2026-02-05T09:58:50.987000+00:00,phase1_completed,none,3.5,1.5,2.25,3.75,3,3.25,1.5,3.25,4.5,3.25,3.75,4.5,3,2.5,3.5,,,male,0,0,none,,0,1770286097090,0,372,0-FA9AN,1770286482305,True,,budapest,,secondary,,,0,3.304,1770286309778,trial_8,9667180L.png,35.png,9667180L.png,1770286306474,0-FA9AN
17,0.79,1,False,3.92,3.33,2.67,2.08,3.67,1770285848747,7,2026-02-05T09:58:50.987000+00:00,phase1_completed,none,3.5,1.5,2.25,3.75,3,3.25,1.5,3.25,4.5,3.25,3.75,4.5,3,2.5,3.5,,,male,1,2,none,,1,1770286097090,0,372,0-FA9AN,1770286482305,True,,budapest,,secondary,,,0,2.589,1770286312722,trial_9,9142551R.png,37.png,9142551R.png,1770286310133,0-FA9AN
17,0.9948,1,False,2.67,2.83,2.58,2.33,2.92,1770285952075,6,2026-02-05T09:58:49.622000+00:00,phase1_completed,none,1.75,2.5,3,2.25,3.25,2.5,2,2.25,3.75,2.25,2.75,3.5,3.5,2.5,2.25,,,male,1,3,none,,1,1770286055124,0,501,0-HRBN7,1770286658800,True,,city,,secondary,,,0,4.479,1770286214890,trial_1,9113018R.png,2.png,9113018R.png,1770286210411,0-HRBN7
17,0.9095,1,False,2.67,2.83,2.58,2.33,2.92,1770285952075,3,2026-02-05T09:58:49.622000+00:00,phase1_completed,none,1.75,2.5,3,2.25,3.25,2.5,2,2.25,3.75,2.25,2.75,3.5,3.5,2.5,2.25,,,male,1,2,none,,1,1770286055124,0,501,0-HRBN7,1770286658800,True,,city,,secondary,,,0,8.706,1770286267986,trial_10,9534110L.png,49.png,9534110L.png,1770286259280,0-HRBN7
17,0.4814,0,False,2.67,2.83,2.58,2.33,2.92,1770285952075,3,2026-02-05T09:58:49.622000+00:00,phase1_completed,none,1.75,2.5,3,2.25,3.25,2.5,2,2.25,3.75,2.25,2.75,3.5,3.5,2.5,2.25,,,male,0,0,none,,0,1770286055124,0,501,0-HRBN7,1770286658800,True,,city,,secondary,,,0,5.609,1770286273874,trial_11,9645608L.png,43.png,9645608L.png,1770286268265,0-HRBN7
17,0.7641,0,False,2.67,2.83,2.58,2.33,2.92,1770285952075,3,2026-02-05T09:58:49.622000+00:00,phase1_completed,none,1.75,2.5,3,2.25,3.25,2.5,2,2.25,3.75,2.25,2.75,3.5,3.5,2.5,2.25,,,male,0,0,none,,0,1770286055124,0,501,0-HRBN7,1770286658800,True,,city,,secondary,,,0,3.203,1770286277418,trial_12,9667180L.png,35.png,9667180L.png,1770286274215,0-HRBN7
17,0.8842,1,False,2.67,2.83,2.58,2.33,2.92,1770285952075,3,2026-02-05T09:58:49.622000+00:00,phase1_completed,none,1.75,2.5,3,2.25,3.25,2.5,2,2.25,3.75,2.25,2.75,3.5,3.5,2.5,2.25,,,male,1,2,none,,1,1770286055124,0,501,0-HRBN7,1770286658800,True,,city,,secondary,,,0,3.601,1770286281330,trial_13,9304828L.png,46.png,9304828L.png,1770286277729,0-HRBN7
17,0.0923,0,False,2.67,2.83,2.58,2.33,2.92,1770285952075,3,2026-02-05T09:58:49.622000+00:00,phase1_completed,none,1.75,2.5,3,2.25,3.25,2.5,2,2.25,3.75,2.25,2.75,3.5,3.5,2.5,2.25,,,male,1,3,none,,1,1770286055124,0,501,0-HRBN7,1770286658800,True,,city,,secondary,,,0,3.266,1770286284914,trial_14,9305336L.png,12.png,9305336L.png,1770286281648,0-HRBN7
17,0.0389,1,False,2.67,2.83,2.58,2.33,2.92,1770285952075,3,2026-02-05T09:58:49.622000+00:00,phase1_completed,none,1.75,2.5,3,2.25,3.25,2.5,2,2.25,3.75,2.25,2.75,3.5,3.5,2.5,2.25,,,male,0,0,none,,0,1770286055124,0,501,0-HRBN7,1770286658800,True,,city,,secondary,,,0,14.667,1770286299859,trial_15,9911788L.png,10.png,9911788L.png,1770286285192,0-HRBN7
17,0.4633,1,False,2.67,2.83,2.58,2.33,2.92,1770285952075,4,2026-02-05T09:58:49.622000+00:00,phase1_completed,none,1.75,2.5,3,2.25,3.25,2.5,2,2.25,3.75,2.25,2.75,3.5,3.5,2.5,2.25,,,male,0,0,none,,0,1770286055124,0,501,0-HRBN7,1770286658800,True,,city,,secondary,,,0,4.463,1770286304650,trial_16,9140556L.png,7.png,9140556L.png,1770286300187,0-HRBN7
17,0.9843,1,False,2.67,2.83,2.58,2.33,2.92,1770285952075,3,2026-02-05T09:58:49.622000+00:00,phase1_completed,none,1.75,2.5,3,2.25,3.25,2.5,2,2.25,3.75,2.25,2.75,3.5,3.5,2.5,2.25,,,male,1,2,none,,0,1770286055124,0,501,0-HRBN7,1770286658800,True,,city,,secondary,,,0,8.387,1770286313378,trial_17,9322109R.png,14.png,9322109R.png,1770286304991,0-HRBN7
17,0.2577,1,False,2.67,2.83,2.58,2.33,2.92,1770285952075,4,2026-02-05T09:58:49.622000+00:00,phase1_completed,none,1.75,2.5,3,2.25,3.25,2.5,2,2.25,3.75,2.25,2.75,3.5,3.5,2.5,2.25,,,male,0,0,none,,0,1770286055124,0,501,0-HRBN7,1770286658800,True,,city,,secondary,,,0,9.761,1770286323458,trial_18,9827858L.png,8.png,9827858L.png,1770286313697,0-HRBN7
17,0.9625,1,False,2.67,2.83,2.58,2.33,2.92,1770285952075,4,2026-02-05T09:58:49.622000+00:00,phase1_completed,none,1.75,2.5,3,2.25,3.25,2.5,2,2.25,3.75,2.25,2.75,3.5,3.5,2.5,2.25,,,male,1,3,none,,1,1770286055124,0,501,0-HRBN7,1770286658800,True,,city,,secondary,,,0,3.323,1770286327114,trial_19,9037494R.png,31.png,9037494R.png,1770286323791,0-HRBN7
17,0.401,0,False,2.67,2.83,2.58,2.33,2.92,1770285952075,4,2026-02-05T09:58:49.622000+00:00,phase1_completed,none,1.75,2.5,3,2.25,3.25,2.5,2,2.25,3.75,2.25,2.75,3.5,3.5,2.5,2.25,,,male,0,0,none,,0,1770286055124,0,501,0-HRBN7,1770286658800,True,,city,,secondary,,,0,5.86,1770286221098,trial_2,9035779L.png,45.png,9035779L.png,1770286215238,0-HRBN7
17,0.8709,1,False,2.67,2.83,2.58,2.33,2.92,1770285952075,5,2026-02-05T09:58:49.622000+00:00,phase1_completed,none,1.75,2.5,3,2.25,3.25,2.5,2,2.25,3.75,2.25,2.75,3.5,3.5,2.5,2.25,,,male,1,2,none,,0,1770286055124,0,501,0-HRBN7,1770286658800,True,,city,,secondary,,,0,3.594,1770286331050,trial_20,9354156R.png,6.png,9354156R.png,1770286327456,0-HRBN7
17,0.2252,0,False,2.67,2.83,2.58,2.33,2.92,1770285952075,3,2026-02-05T09:58:49.622000+00:00,phase1_completed,none,1.75,2.5,3,2.25,3.25,2.5,2,2.25,3.75,2.25,2.75,3.5,3.5,2.5,2.25,,,male,0,0,none,,0,1770286055124,0,501,0-HRBN7,1770286658800,True,,city,,secondary,,,0,6.765,1770286338138,trial_21,9097360L.png,1.png,9097360L.png,1770286331373,0-HRBN7
17,0.3771,0,False,2.67,2.83,2.58,2.33,2.92,1770285952075,5,2026-02-05T09:58:49.622000+00:00,phase1_completed,none,1.75,2.5,3,2.25,3.25,2.5,2,2.25,3.75,2.25,2.75,3.5,3.5,2.5,2.25,,,male,0,0,none,,0,1770286055124,0,501,0-HRBN7,1770286658800,True,,city,,secondary,,,0,7.115,1770286345562,trial_22,9872350R.png,30.png,9872350R.png,1770286338447,0-HRBN7
17,0.5533,0,False,2.67,2.83,2.58,2.33,2.92,1770285952075,3,2026-02-05T09:58:49.622000+00:00,phase1_completed,none,1.75,2.5,3,2.25,3.25,2.5,2,2.25,3.75,2.25,2.75,3.5,3.5,2.5,2.25,,,male,0,0,none,,0,1770286055124,0,501,0-HRBN7,1770286658800,True,,city,,secondary,,,0,6.62,1770286352490,trial_23,9261557L.png,23.png,9261557L.png,1770286345870,0-HRBN7
17,0.8646,0,False,2.67,2.83,2.58,2.33,2.92,1770285952075,2,2026-02-05T09:58:49.622000+00:00,phase1_completed,none,1.75,2.5,3,2.25,3.25,2.5,2,2.25,3.75,2.25,2.75,3.5,3.5,2.5,2.25,,,male,0,0,none,,0,1770286055124,0,501,0-HRBN7,1770286658800,True,,city,,secondary,,,0,5.712,1770286358546,trial_24,9719890R.png,25.png,9719890R.png,1770286352834,0-HRBN7
17,0.9974,1,False,2.67,2.83,2.58,2.33,2.92,1770285952075,5,2026-02-05T09:58:49.622000+00:00,phase1_completed,none,1.75,2.5,3,2.25,3.25,2.5,2,2.25,3.75,2.25,2.75,3.5,3.5,2.5,2.25,,,male,1,3,none,,1,1770286055124,0,501,0-HRBN7,1770286658800,True,,city,,secondary,,,0,3.693,1770286362546,trial_25,9271965R.png,47.png,9271965R.png,1770286358853,0-HRBN7
17,0.645,0,False,2.67,2.83,2.58,2.33,2.92,1770285952075,5,2026-02-05T09:58:49.622000+00:00,phase1_completed,none,1.75,2.5,3,2.25,3.25,2.5,2,2.25,3.75,2.25,2.75,3.5,3.5,2.5,2.25,,,male,0,0,none,,0,1770286055124,0,501,0-HRBN7,1770286658800,True,,city,,secondary,,,0,3.771,1770286366626,trial_26,9480211R.png,3.png,9480211R.png,1770286362855,0-HRBN7
17,0.6423,0,False,2.67,2.83,2.58,2.33,2.92,1770285952075,2,2026-02-05T09:58:49.622000+00:00,phase1_completed,none,1.75,2.5,3,2.25,3.25,2.5,2,2.25,3.75,2.25,2.75,3.5,3.5,2.5,2.25,,,male,0,0,none,,1,1770286055124,0,501,0-HRBN7,1770286658800,True,,city,,secondary,,,0,11.193,1770286378122,trial_27,9143031L.png,4.png,9143031L.png,1770286366929,0-HRBN7
17,0.8162,0,False,2.67,2.83,2.58,2.33,2.92,1770285952075,3,2026-02-05T09:58:49.622000+00:00,phase1_completed,none,1.75,2.5,3,2.25,3.25,2.5,2,2.25,3.75,2.25,2.75,3.5,3.5,2.5,2.25,,,male,0,0,none,,0,1770286055124,0,501,0-HRBN7,1770286658800,True,,city,,secondary,,,0,9.395,1770286387810,trial_28,9253225L.png,21.png,9253225L.png,1770286378415,0-HRBN7
17,0.9867,1,False,2.67,2.83,2.58,2.33,2.92,1770285952075,5,2026-02-05T09:58:49.622000+00:00,phase1_completed,none,1.75,2.5,3,2.25,3.25,2.5,2,2.25,3.75,2.25,2.75,3.5,3.5,2.5,2.25,,,male,1,3,none,,1,1770286055124,0,501,0-HRBN7,1770286658800,True,,city,,secondary,,,0,3.261,1770286391402,trial_29,9267247L.png,38.png,9267247L.png,1770286388141,0-HRBN7
17,0.5532,0,False,2.67,2.83,2.58,2.33,2.92,1770285952075,4,2026-02-05T09:58:49.622000+00:00,phase1_completed,none,1.75,2.5,3,2.25,3.25,2.5,2,2.25,3.75,2.25,2.75,3.5,3.5,2.5,2.25,,,male,0,0,none,,0,1770286055124,0,501,0-HRBN7,1770286658800,True,,city,,secondary,,,0,5.702,1770286227106,trial_3,9043461L.png,34.png,9043461L.png,1770286221404,0-HRBN7
17,0.8107,0,False,2.67,2.83,2.58,2.33,2.92,1770285952075,4,2026-02-05T09:58:49.622000+00:00,phase1_completed,none,1.75,2.5,3,2.25,3.25,2.5,2,2.25,3.75,2.25,2.75,3.5,3.5,2.5,2.25,,,male,0,0,none,,1,1770286055124,0,501,0-HRBN7,1770286658800,True,,city,,secondary,,,0,4.024,1770286395746,trial_30,9870268R.png,26.png,9870268R.png,1770286391722,0-HRBN7
17,0.5639,0,False,2.67,2.83,2.58,2.33,2.92,1770285952075,3,2026-02-05T09:58:49.622000+00:00,phase1_completed,none,1.75,2.5,3,2.25,3.25,2.5,2,2.25,3.75,2.25,2.75,3.5,3.5,2.5,2.25,,,male,0,0,none,,0,1770286055124,0,501,0-HRBN7,1770286658800,True,,city,,secondary,,,0,2.933,1770286398979,trial_31,9100699L.png,48.png,9100699L.png,1770286396046,0-HRBN7
17,0.6514,1,False,2.67,2.83,2.58,2.33,2.92,1770285952075,2,2026-02-05T09:58:49.622000+00:00,phase1_completed,none,1.75,2.5,3,2.25,3.25,2.5,2,2.25,3.75,2.25,2.75,3.5,3.5,2.5,2.25,,,male,1,2,none,,0,1770286055124,0,501,0-HRBN7,1770286658800,True,,city,,secondary,,,0,16.09,1770286415354,trial_32,9448315L.png,28.png,9448315L.png,1770286399264,0-HRBN7
17,0.8137,0,False,2.67,2.83,2.58,2.33,2.92,1770285952075,2,2026-02-05T09:58:49.622000+00:00,phase1_completed,none,1.75,2.5,3,2.25,3.25,2.5,2,2.25,3.75,2.25,2.75,3.5,3.5,2.5,2.25,,,male,1,3,none,,0,1770286055124,0,501,0-HRBN7,1770286658800,True,,city,,secondary,,,0,4.582,1770286420227,trial_33,9046206L.png,29.png,9046206L.png,1770286415645,0-HRBN7
17,0.6057,0,False,2.67,2.83,2.58,2.33,2.92,1770285952075,4,2026-02-05T09:58:49.622000+00:00,phase1_completed,none,1.75,2.5,3,2.25,3.25,2.5,2,2.25,3.75,2.25,2.75,3.5,3.5,2.5,2.25,,,male,1,2,none,,1,1770286055124,0,501,0-HRBN7,1770286658800,True,,city,,secondary,,,0,3.554,1770286424066,trial_34,9606955R.png,11.png,9606955R.png,1770286420512,0-HRBN7
17,0.5825,0,False,2.67,2.83,2.58,2.33,2.92,1770285952075,4,2026-02-05T09:58:49.622000+00:00,phase1_completed,none,1.75,2.5,3,2.25,3.25,2.5,2,2.25,3.75,2.25,2.75,3.5,3.5,2.5,2.25,,,male,1,2,none,,1,1770286055124,0,501,0-HRBN7,1770286658800,True,,city,,secondary,,,0,2.717,1770286427074,trial_35,9626432R.png,15.png,9626432R.png,1770286424357,0-HRBN7
17,0.9124,0,False,2.67,2.83,2.58,2.33,2.92,1770285952075,3,2026-02-05T09:58:49.622000+00:00,phase1_completed,none,1.75,2.5,3,2.25,3.25,2.5,2,2.25,3.75,2.25,2.75,3.5,3.5,2.5,2.25,,,male,0,0,none,,0,1770286055124,0,501,0-HRBN7,1770286658800,True,,city,,secondary,,,0,3.094,1770286430482,trial_36,9717450L.png,40.png,9717450L.png,1770286427388,0-HRBN7
17,0.5823,0,False,2.67,2.83,2.58,2.33,2.92,1770285952075,4,2026-02-05T09:58:49.622000+00:00,phase1_completed,none,1.75,2.5,3,2.25,3.25,2.5,2,2.25,3.75,2.25,2.75,3.5,3.5,2.5,2.25,,,male,1,2,none,,0,1770286055124,0,501,0-HRBN7,1770286658800,True,,city,,secondary,,,0,5.097,1770286435875,trial_37,9008884R.png,20.png,9008884R.png,1770286430778,0-HRBN7
17,0.1582,0,False,2.67,2.83,2.58,2.33,2.92,1770285952075,6,2026-02-05T09:58:49.622000+00:00,phase1_completed,none,1.75,2.5,3,2.25,3.25,2.5,2,2.25,3.75,2.25,2.75,3.5,3.5,2.5,2.25,,,male,1,2,none,,0,1770286055124,0,501,0-HRBN7,1770286658800,True,,city,,secondary,,,0,4.643,1770286440802,trial_38,9466142R.png,5.png,9466142R.png,1770286436159,0-HRBN7
17,0.916,1,False,2.67,2.83,2.58,2.33,2.92,1770285952075,4,2026-02-05T09:58:49.622000+00:00,phase1_completed,none,1.75,2.5,3,2.25,3.25,2.5,2,2.25,3.75,2.25,2.75,3.5,3.5,2.5,2.25,,,male,1,2,none,,0,1770286055124,0,501,0-HRBN7,1770286658800,True,,city,,secondary,,,0,6.15,1770286447274,trial_39,9862321L.png,17.png,9862321L.png,1770286441124,0-HRBN7
17,0.1918,0,False,2.67,2.83,2.58,2.33,2.92,1770285952075,4,2026-02-05T09:58:49.622000+00:00,phase1_completed,none,1.75,2.5,3,2.25,3.25,2.5,2,2.25,3.75,2.25,2.75,3.5,3.5,2.5,2.25,,,male,1,2,none,,0,1770286055124,0,501,0-HRBN7,1770286658800,True,,city,,secondary,,,0,2.402,1770286229786,trial_4,9788301L.png,33.png,9788301L.png,1770286227384,0-HRBN7
17,0.8986,1,False,2.67,2.83,2.58,2.33,2.92,1770285952075,6,2026-02-05T09:58:49.622000+00:00,phase1_completed,none,1.75,2.5,3,2.25,3.25,2.5,2,2.25,3.75,2.25,2.75,3.5,3.5,2.5,2.25,,,male,1,3,none,,1,1770286055124,0,501,0-HRBN7,1770286658800,True,,city,,secondary,,,0,8.071,1770286455690,trial_40,9683886R.png,22.png,9683886R.png,1770286447619,0-HRBN7
17,0.5424,1,False,2.67,2.83,2.58,2.33,2.92,1770285952075,5,2026-02-05T09:58:49.622000+00:00,phase1_completed,none,1.75,2.5,3,2.25,3.25,2.5,2,2.25,3.75,2.25,2.75,3.5,3.5,2.5,2.25,,,male,1,2,none,,1,1770286055124,0,501,0-HRBN7,1770286658800,True,,city,,secondary,,,0,4.131,1770286460138,trial_41,9648224L.png,44.png,9648224L.png,1770286456007,0-HRBN7
17,0.9329,1,False,2.67,2.83,2.58,2.33,2.92,1770285952075,4,2026-02-05T09:58:49.622000+00:00,phase1_completed,none,1.75,2.5,3,2.25,3.25,2.5,2,2.25,3.75,2.25,2.75,3.5,3.5,2.5,2.25,,,male,1,3,none,,1,1770286055124,0,501,0-HRBN7,1770286658800,True,,city,,secondary,,,0,2.174,1770286462626,trial_42,9075939L.png,16.png,9075939L.png,1770286460452,0-HRBN7
17,0.0426,1,False,2.67,2.83,2.58,2.33,2.92,1770285952075,5,2026-02-05T09:58:49.622000+00:00,phase1_completed,none,1.75,2.5,3,2.25,3.25,2.5,2,2.25,3.75,2.25,2.75,3.5,3.5,2.5,2.25,,,male,0,0,none,,1,1770286055124,0,501,0-HRBN7,1770286658800,True,,city,,secondary,,,0,3.109,1770286466026,trial_43,9360243L.png,50.png,9360243L.png,1770286462917,0-HRBN7
17,0.0818,1,False,2.67,2.83,2.58,2.33,2.92,1770285952075,3,2026-02-05T09:58:49.622000+00:00,phase1_completed,none,1.75,2.5,3,2.25,3.25,2.5,2,2.25,3.75,2.25,2.75,3.5,3.5,2.5,2.25,,,male,0,0,none,,0,1770286055124,0,501,0-HRBN7,1770286658800,True,,city,,secondary,,,0,9.332,1770286475666,trial_44,9397988L.png,42.png,9397988L.png,1770286466334,0-HRBN7
17,0.79,1,False,2.67,2.83,2.58,2.33,2.92,1770285952075,3,2026-02-05T09:58:49.622000+00:00,phase1_completed,none,1.75,2.5,3,2.25,3.25,2.5,2,2.25,3.75,2.25,2.75,3.5,3.5,2.5,2.25,,,male,1,2,none,,0,1770286055124,0,501,0-HRBN7,1770286658800,True,,city,,secondary,,,0,4.736,1770286480690,trial_45,9142551R.png,37.png,9142551R.png,1770286475954,0-HRBN7
17,0.9663,1,False,2.67,2.83,2.58,2.33,2.92,1770285952075,7,2026-02-05T09:58:49.622000+00:00,phase1_completed,none,1.75,2.5,3,2.25,3.25,2.5,2,2.25,3.75,2.25,2.75,3.5,3.5,2.5,2.25,,,male,1,3,none,,1,1770286055124,0,501,0-HRBN7,1770286658800,True,,city,,secondary,,,0,10.667,1770286491667,trial_46,9056326L.png,19.png,9056326L.png,1770286481000,0-HRBN7
17,0.0496,1,False,2.67,2.83,2.58,2.33,2.92,1770285952075,6,2026-02-05T09:58:49.622000+00:00,phase1_completed,none,1.75,2.5,3,2.25,3.25,2.5,2,2.25,3.75,2.25,2.75,3.5,3.5,2.5,2.25,,,male,0,0,none,,1,1770286055124,0,501,0-HRBN7,1770286658800,True,,city,,secondary,,,0,4,1770286496002,trial_47,9023935L.png,41.png,9023935L.png,1770286492002,0-HRBN7
17,0.3014,1,False,2.67,2.83,2.58,2.33,2.92,1770285952075,4,2026-02-05T09:58:49.622000+00:00,phase1_completed,none,1.75,2.5,3,2.25,3.25,2.5,2,2.25,3.75,2.25,2.75,3.5,3.5,2.5,2.25,,,male,0,0,none,,0,1770286055124,0,501,0-HRBN7,1770286658800,True,,city,,secondary,,,0,20.03,1770286516331,trial_48,9299531R.png,36.png,9299531R.png,1770286496301,0-HRBN7
17,0.4903,1,False,2.67,2.83,2.58,2.33,2.92,1770285952075,5,2026-02-05T09:58:49.622000+00:00,phase1_completed,none,1.75,2.5,3,2.25,3.25,2.5,2,2.25,3.75,2.25,2.75,3.5,3.5,2.5,2.25,,,male,1,4,none,,1,1770286055124,0,501,0-HRBN7,1770286658800,True,,city,,secondary,,,0,92.375,1770286609018,trial_49,9311154L.png,39.png,9311154L.png,1770286516643,0-HRBN7
17,0.5749,1,False,2.67,2.83,2.58,2.33,2.92,1770285952075,4,2026-02-05T09:58:49.622000+00:00,phase1_completed,none,1.75,2.5,3,2.25,3.25,2.5,2,2.25,3.75,2.25,2.75,3.5,3.5,2.5,2.25,,,male,1,2,none,,0,1770286055124,0,501,0-HRBN7,1770286658800,True,,city,,secondary,,,0,4.95,1770286235067,trial_5,9797850R.png,32.png,9797850R.png,1770286230117,0-HRBN7
17,0.584,0,False,2.67,2.83,2.58,2.33,2.92,1770285952075,3,2026-02-05T09:58:49.622000+00:00,phase1_completed,none,1.75,2.5,3,2.25,3.25,2.5,2,2.25,3.75,2.25,2.75,3.5,3.5,2.5,2.25,,,male,0,0,none,,0,1770286055124,0,501,0-HRBN7,1770286658800,True,,city,,secondary,,,0,48.9,1770286658586,trial_50,9598675R.png,27.png,9598675R.png,1770286609686,0-HRBN7
17,0.329,0,False,2.67,2.83,2.58,2.33,2.92,1770285952075,3,2026-02-05T09:58:49.622000+00:00,phase1_completed,none,1.75,2.5,3,2.25,3.25,2.5,2,2.25,3.75,2.25,2.75,3.5,3.5,2.5,2.25,,,male,0,0,none,,0,1770286055124,0,501,0-HRBN7,1770286658800,True,,city,,secondary,,,0,11.082,1770286246466,trial_6,9043461R.png,9.png,9043461R.png,1770286235384,0-HRBN7
17,0.8846,0,False,2.67,2.83,2.58,2.33,2.92,1770285952075,4,2026-02-05T09:58:49.622000+00:00,phase1_completed,none,1.75,2.5,3,2.25,3.25,2.5,2,2.25,3.75,2.25,2.75,3.5,3.5,2.5,2.25,,,male,1,2,none,,0,1770286055124,0,501,0-HRBN7,1770286658800,True,,city,,secondary,,,0,4.278,1770286251058,trial_7,9998089R.png,24.png,9998089R.png,1770286246780,0-HRBN7
17,0.8517,0,False,2.67,2.83,2.58,2.33,2.92,1770285952075,6,2026-02-05T09:58:49.622000+00:00,phase1_completed,none,1.75,2.5,3,2.25,3.25,2.5,2,2.25,3.75,2.25,2.75,3.5,3.5,2.5,2.25,,,male,0,0,none,,1,1770286055124,0,501,0-HRBN7,1770286658800,True,,city,,secondary,,,0,3.754,1770286255154,trial_8,9810475L.png,13.png,9810475L.png,1770286251400,0-HRBN7
17,0.7533,0,False,2.67,2.83,2.58,2.33,2.92,1770285952075,4,2026-02-05T09:58:49.622000+00:00,phase1_completed,none,1.75,2.5,3,2.25,3.25,2.5,2,2.25,3.75,2.25,2.75,3.5,3.5,2.5,2.25,,,male,0,0,none,,0,1770286055124,0,501,0-HRBN7,1770286658800,True,,city,,secondary,,,0,3.519,1770286258970,trial_9,9166468R.png,18.png,9166468R.png,1770286255451,0-HRBN7
17,0.9974,1,False,3.83,4.17,2.67,4.17,4.5,1770285834443,7,2026-02-05T09:58:33.227000+00:00,phase1_completed,none,5,4.25,3.5,4.25,3.5,3.5,4.75,2.25,5,4,4.25,4,4.25,2.25,3.25,,,male,1,3,none,,1,1770286182014,0,259,0-KEBNZ,1770286883878,True,,budapest,,secondary,,,0,11.356,1770286351549,trial_1,9271965R.png,47.png,9271965R.png,1770286340193,0-KEBNZ
17,0.1582,0,False,3.83,4.17,2.67,4.17,4.5,1770285834443,7,2026-02-05T09:58:33.227000+00:00,phase1_completed,none,5,4.25,3.5,4.25,3.5,3.5,4.75,2.25,5,4,4.25,4,4.25,2.25,3.25,,,male,1,2,none,,0,1770286182014,0,259,0-KEBNZ,1770286883878,True,,budapest,,secondary,,,0,3.899,1770286451294,trial_10,9466142R.png,5.png,9466142R.png,1770286447395,0-KEBNZ
17,0.8842,1,False,3.83,4.17,2.67,4.17,4.5,1770285834443,5,2026-02-05T09:58:33.227000+00:00,phase1_completed,none,5,4.25,3.5,4.25,3.5,3.5,4.75,2.25,5,4,4.25,4,4.25,2.25,3.25,,,male,1,2,none,,1,1770286182014,0,259,0-KEBNZ,1770286883878,True,,budapest,,secondary,,,0,8.364,1770286460236,trial_11,9304828L.png,46.png,9304828L.png,1770286451872,0-KEBNZ
17,0.916,1,False,3.83,4.17,2.67,4.17,4.5,1770285834443,5,2026-02-05T09:58:33.227000+00:00,phase1_completed,none,5,4.25,3.5,4.25,3.5,3.5,4.75,2.25,5,4,4.25,4,4.25,2.25,3.25,,,male,1,2,none,,0,1770286182014,0,259,0-KEBNZ,1770286883878,True,,budapest,,secondary,,,0,7.57,1770286468164,trial_12,9862321L.png,17.png,9862321L.png,1770286460594,0-KEBNZ
17,0.5424,1,False,3.83,4.17,2.67,4.17,4.5,1770285834443,4,2026-02-05T09:58:33.227000+00:00,phase1_completed,none,5,4.25,3.5,4.25,3.5,3.5,4.75,2.25,5,4,4.25,4,4.25,2.25,3.25,,,male,1,2,none,,0,1770286182014,0,259,0-KEBNZ,1770286883878,True,,budapest,,secondary,,,0,10.094,1770286478604,trial_13,9648224L.png,44.png,9648224L.png,1770286468510,0-KEBNZ
17,0.8162,0,False,3.83,4.17,2.67,4.17,4.5,1770285834443,4,2026-02-05T09:58:33.227000+00:00,phase1_completed,none,5,4.25,3.5,4.25,3.5,3.5,4.75,2.25,5,4,4.25,4,4.25,2.25,3.25,,,male,0,0,none,,0,1770286182014,0,259,0-KEBNZ,1770286883878,True,,budapest,,secondary,,,0,9.672,1770286488637,trial_14,9253225L.png,21.png,9253225L.png,1770286478965,0-KEBNZ
17,0.4814,0,False,3.83,4.17,2.67,4.17,4.5,1770285834443,6,2026-02-05T09:58:33.227000+00:00,phase1_completed,none,5,4.25,3.5,4.25,3.5,3.5,4.75,2.25,5,4,4.25,4,4.25,2.25,3.25,,,male,0,0,none,,1,1770286182014,0,259,0-KEBNZ,1770286883878,True,,budapest,,secondary,,,0,4.577,1770286493548,trial_15,9645608L.png,43.png,9645608L.png,1770286488971,0-KEBNZ
17,0.8517,0,False,3.83,4.17,2.67,4.17,4.5,1770285834443,5,2026-02-05T09:58:33.227000+00:00,phase1_completed,none,5,4.25,3.5,4.25,3.5,3.5,4.75,2.25,5,4,4.25,4,4.25,2.25,3.25,,,male,0,0,none,,1,1770286182014,0,259,0-KEBNZ,1770286883878,True,,budapest,,secondary,,,0,7.652,1770286501564,trial_16,9810475L.png,13.png,9810475L.png,1770286493912,0-KEBNZ
17,0.9663,1,False,3.83,4.17,2.67,4.17,4.5,1770285834443,5,2026-02-05T09:58:33.227000+00:00,phase1_completed,none,5,4.25,3.5,4.25,3.5,3.5,4.75,2.25,5,4,4.25,4,4.25,2.25,3.25,,,male,1,3,none,,1,1770286182014,0,259,0-KEBNZ,1770286883878,True,,budapest,,secondary,,,0,2.828,1770286504732,trial_17,9056326L.png,19.png,9056326L.png,1770286501904,0-KEBNZ
17,0.3014,1,False,3.83,4.17,2.67,4.17,4.5,1770285834443,5,2026-02-05T09:58:33.227000+00:00,phase1_completed,none,5,4.25,3.5,4.25,3.5,3.5,4.75,2.25,5,4,4.25,4,4.25,2.25,3.25,,,male,0,0,none,,1,1770286182014,0,259,0-KEBNZ,1770286883878,True,,budapest,,secondary,,,0,35.108,1770286540268,trial_18,9299531R.png,36.png,9299531R.png,1770286505160,0-KEBNZ
17,0.9948,1,False,3.83,4.17,2.67,4.17,4.5,1770285834443,7,2026-02-05T09:58:33.227000+00:00,phase1_completed,none,5,4.25,3.5,4.25,3.5,3.5,4.75,2.25,5,4,4.25,4,4.25,2.25,3.25,,,male,1,3,none,,1,1770286182014,0,259,0-KEBNZ,1770286883878,True,,budapest,,secondary,,,0,4.888,1770286545508,trial_19,9113018R.png,2.png,9113018R.png,1770286540620,0-KEBNZ
17,0.1918,0,False,3.83,4.17,2.67,4.17,4.5,1770285834443,7,2026-02-05T09:58:33.227000+00:00,phase1_completed,none,5,4.25,3.5,4.25,3.5,3.5,4.75,2.25,5,4,4.25,4,4.25,2.25,3.25,,,male,1,2,none,,0,1770286182014,0,259,0-KEBNZ,1770286883878,True,,budapest,,secondary,,,0,9.092,1770286361085,trial_2,9788301L.png,33.png,9788301L.png,1770286351993,0-KEBNZ
17,0.2577,1,False,3.83,4.17,2.67,4.17,4.5,1770285834443,6,2026-02-05T09:58:33.227000+00:00,phase1_completed,none,5,4.25,3.5,4.25,3.5,3.5,4.75,2.25,5,4,4.25,4,4.25,2.25,3.25,,,male,0,0,none,,1,1770286182014,0,259,0-KEBNZ,1770286883878,True,,budapest,,secondary,,,0,30.387,1770286576236,trial_20,9827858L.png,8.png,9827858L.png,1770286545849,0-KEBNZ
17,0.9095,1,False,3.83,4.17,2.67,4.17,4.5,1770285834443,5,2026-02-05T09:58:33.227000+00:00,phase1_completed,none,5,4.25,3.5,4.25,3.5,3.5,4.75,2.25,5,4,4.25,4,4.25,2.25,3.25,,,male,1,2,none,,1,1770286182014,0,259,0-KEBNZ,1770286883878,True,,budapest,,secondary,,,0,5.619,1770286582220,trial_21,9534110L.png,49.png,9534110L.png,1770286576601,0-KEBNZ
17,0.7533,0,False,3.83,4.17,2.67,4.17,4.5,1770285834443,7,2026-02-05T09:58:33.227000+00:00,phase1_completed,none,5,4.25,3.5,4.25,3.5,3.5,4.75,2.25,5,4,4.25,4,4.25,2.25,3.25,,,male,0,0,none,,0,1770286182014,0,259,0-KEBNZ,1770286883878,True,,budapest,,secondary,,,0,4.737,1770286587316,trial_22,9166468R.png,18.png,9166468R.png,1770286582579,0-KEBNZ
17,0.645,0,False,3.83,4.17,2.67,4.17,4.5,1770285834443,4,2026-02-05T09:58:33.227000+00:00,phase1_completed,none,5,4.25,3.5,4.25,3.5,3.5,4.75,2.25,5,4,4.25,4,4.25,2.25,3.25,,,male,0,0,none,,1,1770286182014,0,259,0-KEBNZ,1770286883878,True,,budapest,,secondary,,,0,4.263,1770286591964,trial_23,9480211R.png,3.png,9480211R.png,1770286587701,0-KEBNZ
17,0.9867,1,False,3.83,4.17,2.67,4.17,4.5,1770285834443,7,2026-02-05T09:58:33.227000+00:00,phase1_completed,none,5,4.25,3.5,4.25,3.5,3.5,4.75,2.25,5,4,4.25,4,4.25,2.25,3.25,,,male,1,3,none,,1,1770286182014,0,259,0-KEBNZ,1770286883878,True,,budapest,,secondary,,,0,8.635,1770286600940,trial_24,9267247L.png,38.png,9267247L.png,1770286592305,0-KEBNZ
17,0.9124,0,False,3.83,4.17,2.67,4.17,4.5,1770285834443,5,2026-02-05T09:58:33.227000+00:00,phase1_completed,none,5,4.25,3.5,4.25,3.5,3.5,4.75,2.25,5,4,4.25,4,4.25,2.25,3.25,,,male,0,0,none,,1,1770286182014,0,259,0-KEBNZ,1770286883878,True,,budapest,,secondary,,,0,7.214,1770286608524,trial_25,9717450L.png,40.png,9717450L.png,1770286601310,0-KEBNZ
17,0.329,0,False,3.83,4.17,2.67,4.17,4.5,1770285834443,5,2026-02-05T09:58:33.227000+00:00,phase1_completed,none,5,4.25,3.5,4.25,3.5,3.5,4.75,2.25,5,4,4.25,4,4.25,2.25,3.25,,,male,0,0,none,,0,1770286182014,0,259,0-KEBNZ,1770286883878,True,,budapest,,secondary,,,0,5.168,1770286614108,trial_26,9043461R.png,9.png,9043461R.png,1770286608940,0-KEBNZ
17,0.4903,1,False,3.83,4.17,2.67,4.17,4.5,1770285834443,7,2026-02-05T09:58:33.227000+00:00,phase1_completed,none,5,4.25,3.5,4.25,3.5,3.5,4.75,2.25,5,4,4.25,4,4.25,2.25,3.25,,,male,1,4,none,,1,1770286182014,0,259,0-KEBNZ,1770286883878,True,,budapest,,secondary,,,0,3.384,1770286617836,trial_27,9311154L.png,39.png,9311154L.png,1770286614452,0-KEBNZ
17,0.8137,0,False,3.83,4.17,2.67,4.17,4.5,1770285834443,6,2026-02-05T09:58:33.227000+00:00,phase1_completed,none,5,4.25,3.5,4.25,3.5,3.5,4.75,2.25,5,4,4.25,4,4.25,2.25,3.25,,,male,1,3,none,,1,1770286182014,0,259,0-KEBNZ,1770286883878,True,,budapest,,secondary,,,0,8.043,1770286626237,trial_28,9046206L.png,29.png,9046206L.png,1770286618194,0-KEBNZ
17,0.4633,1,False,3.83,4.17,2.67,4.17,4.5,1770285834443,5,2026-02-05T09:58:33.227000+00:00,phase1_completed,none,5,4.25,3.5,4.25,3.5,3.5,4.75,2.25,5,4,4.25,4,4.25,2.25,3.25,,,male,0,0,none,,1,1770286182014,0,259,0-KEBNZ,1770286883878,True,,budapest,,secondary,,,0,6.759,1770286633347,trial_29,9140556L.png,7.png,9140556L.png,1770286626588,0-KEBNZ
17,0.2252,0,False,3.83,4.17,2.67,4.17,4.5,1770285834443,5,2026-02-05T09:58:33.227000+00:00,phase1_completed,none,5,4.25,3.5,4.25,3.5,3.5,4.75,2.25,5,4,4.25,4,4.25,2.25,3.25,,,male,0,0,none,,1,1770286182014,0,259,0-KEBNZ,1770286883878,True,,budapest,,secondary,,,0,18.724,1770286380149,trial_3,9097360L.png,1.png,9097360L.png,1770286361425,0-KEBNZ
17,0.0818,1,False,3.83,4.17,2.67,4.17,4.5,1770285834443,4,2026-02-05T09:58:33.227000+00:00,phase1_completed,none,5,4.25,3.5,4.25,3.5,3.5,4.75,2.25,5,4,4.25,4,4.25,2.25,3.25,,,male,0,0,none,,0,1770286182014,0,259,0-KEBNZ,1770286883878,True,,budapest,,secondary,,,0,11.838,1770286645547,trial_30,9397988L.png,42.png,9397988L.png,1770286633709,0-KEBNZ
17,0.5532,0,False,3.83,4.17,2.67,4.17,4.5,1770285834443,6,2026-02-05T09:58:33.227000+00:00,phase1_completed,none,5,4.25,3.5,4.25,3.5,3.5,4.75,2.25,5,4,4.25,4,4.25,2.25,3.25,,,male,0,0,none,,1,1770286182014,0,259,0-KEBNZ,1770286883878,True,,budapest,,secondary,,,0,3.186,1770286649108,trial_31,9043461L.png,34.png,9043461L.png,1770286645922,0-KEBNZ
17,0.6423,0,False,3.83,4.17,2.67,4.17,4.5,1770285834443,6,2026-02-05T09:58:33.227000+00:00,phase1_completed,none,5,4.25,3.5,4.25,3.5,3.5,4.75,2.25,5,4,4.25,4,4.25,2.25,3.25,,,male,0,0,none,,1,1770286182014,0,259,0-KEBNZ,1770286883878,True,,budapest,,secondary,,,0,17.205,1770286666691,trial_32,9143031L.png,4.png,9143031L.png,1770286649486,0-KEBNZ
17,0.7641,0,False,3.83,4.17,2.67,4.17,4.5,1770285834443,7,2026-02-05T09:58:33.227000+00:00,phase1_completed,none,5,4.25,3.5,4.25,3.5,3.5,4.75,2.25,5,4,4.25,4,4.25,2.25,3.25,,,male,0,0,none,,0,1770286182014,0,259,0-KEBNZ,1770286883878,True,,budapest,,secondary,,,0,7.05,1770286674099,trial_33,9667180L.png,35.png,9667180L.png,1770286667049,0-KEBNZ
17,0.8107,0,False,3.83,4.17,2.67,4.17,4.5,1770285834443,6,2026-02-05T09:58:33.227000+00:00,phase1_completed,none,5,4.25,3.5,4.25,3.5,3.5,4.75,2.25,5,4,4.25,4,4.25,2.25,3.25,,,male,0,0,none,,1,1770286182014,0,259,0-KEBNZ,1770286883878,True,,budapest,,secondary,,,0,13.497,1770286687963,trial_34,9870268R.png,26.png,9870268R.png,1770286674466,0-KEBNZ
17,0.6514,1,False,3.83,4.17,2.67,4.17,4.5,1770285834443,6,2026-02-05T09:58:33.227000+00:00,phase1_completed,none,5,4.25,3.5,4.25,3.5,3.5,4.75,2.25,5,4,4.25,4,4.25,2.25,3.25,,,male,1,2,none,,1,1770286182014,0,259,0-KEBNZ,1770286883878,True,,budapest,,secondary,,,0,36.468,1770286724803,trial_35,9448315L.png,28.png,9448315L.png,1770286688335,0-KEBNZ
17,0.9329,1,False,3.83,4.17,2.67,4.17,4.5,1770285834443,7,2026-02-05T09:58:33.227000+00:00,phase1_completed,none,5,4.25,3.5,4.25,3.5,3.5,4.75,2.25,5,4,4.25,4,4.25,2.25,3.25,,,male,1,3,none,,1,1770286182014,0,259,0-KEBNZ,1770286883878,True,,budapest,,secondary,,,0,3.682,1770286728843,trial_36,9075939L.png,16.png,9075939L.png,1770286725161,0-KEBNZ
17,0.5823,0,False,3.83,4.17,2.67,4.17,4.5,1770285834443,7,2026-02-05T09:58:33.227000+00:00,phase1_completed,none,5,4.25,3.5,4.25,3.5,3.5,4.75,2.25,5,4,4.25,4,4.25,2.25,3.25,,,male,1,2,none,,1,1770286182014,0,259,0-KEBNZ,1770286883878,True,,budapest,,secondary,,,0,18.231,1770286747420,trial_37,9008884R.png,20.png,9008884R.png,1770286729189,0-KEBNZ
17,0.8709,1,False,3.83,4.17,2.67,4.17,4.5,1770285834443,7,2026-02-05T09:58:33.227000+00:00,phase1_completed,none,5,4.25,3.5,4.25,3.5,3.5,4.75,2.25,5,4,4.25,4,4.25,2.25,3.25,,,male,1,2,none,,0,1770286182014,0,259,0-KEBNZ,1770286883878,True,,budapest,,secondary,,,0,3.313,1770286751091,trial_38,9354156R.png,6.png,9354156R.png,1770286747778,0-KEBNZ
17,0.5533,0,False,3.83,4.17,2.67,4.17,4.5,1770285834443,5,2026-02-05T09:58:33.227000+00:00,phase1_completed,none,5,4.25,3.5,4.25,3.5,3.5,4.75,2.25,5,4,4.25,4,4.25,2.25,3.25,,,male,0,0,none,,1,1770286182014,0,259,0-KEBNZ,1770286883878,True,,budapest,,secondary,,,0,3.187,1770286754611,trial_39,9261557L.png,23.png,9261557L.png,1770286751424,0-KEBNZ
17,0.9625,1,False,3.83,4.17,2.67,4.17,4.5,1770285834443,7,2026-02-05T09:58:33.227000+00:00,phase1_completed,none,5,4.25,3.5,4.25,3.5,3.5,4.75,2.25,5,4,4.25,4,4.25,2.25,3.25,,,male,1,3,none,,1,1770286182014,0,259,0-KEBNZ,1770286883878,True,,budapest,,secondary,,,0,5.354,1770286385981,trial_4,9037494R.png,31.png,9037494R.png,1770286380627,0-KEBNZ
17,0.6057,0,False,3.83,4.17,2.67,4.17,4.5,1770285834443,6,2026-02-05T09:58:33.227000+00:00,phase1_completed,none,5,4.25,3.5,4.25,3.5,3.5,4.75,2.25,5,4,4.25,4,4.25,2.25,3.25,,,male,1,2,none,,1,1770286182014,0,259,0-KEBNZ,1770286883878,True,,budapest,,secondary,,,0,4.695,1770286759643,trial_40,9606955R.png,11.png,9606955R.png,1770286754948,0-KEBNZ
17,0.5639,0,False,3.83,4.17,2.67,4.17,4.5,1770285834443,5,2026-02-05T09:58:33.227000+00:00,phase1_completed,none,5,4.25,3.5,4.25,3.5,3.5,4.75,2.25,5,4,4.25,4,4.25,2.25,3.25,,,male,0,0,none,,0,1770286182014,0,259,0-KEBNZ,1770286883878,True,,budapest,,secondary,,,0,2.255,1770286762252,trial_41,9100699L.png,48.png,9100699L.png,1770286759997,0-KEBNZ
17,0.5825,0,False,3.83,4.17,2.67,4.17,4.5,1770285834443,6,2026-02-05T09:58:33.227000+00:00,phase1_completed,none,5,4.25,3.5,4.25,3.5,3.5,4.75,2.25,5,4,4.25,4,4.25,2.25,3.25,,,male,1,2,none,,1,1770286182014,0,259,0-KEBNZ,1770286883878,True,,budapest,,secondary,,,0,23.47,1770286786163,trial_42,9626432R.png,15.png,9626432R.png,1770286762693,0-KEBNZ
17,0.0389,1,False,3.83,4.17,2.67,4.17,4.5,1770285834443,5,2026-02-05T09:58:33.227000+00:00,phase1_completed,none,5,4.25,3.5,4.25,3.5,3.5,4.75,2.25,5,4,4.25,4,4.25,2.25,3.25,,,male,0,0,none,,1,1770286182014,0,259,0-KEBNZ,1770286883878,True,,budapest,,secondary,,,0,12.327,1770286798827,trial_43,9911788L.png,10.png,9911788L.png,1770286786500,0-KEBNZ
17,0.0496,1,False,3.83,4.17,2.67,4.17,4.5,1770285834443,5,2026-02-05T09:58:33.227000+00:00,phase1_completed,none,5,4.25,3.5,4.25,3.5,3.5,4.75,2.25,5,4,4.25,4,4.25,2.25,3.25,,,male,0,0,none,,1,1770286182014,0,259,0-KEBNZ,1770286883878,True,,budapest,,secondary,,,0,14.803,1770286813971,trial_44,9023935L.png,41.png,9023935L.png,1770286799168,0-KEBNZ
17,0.8646,0,False,3.83,4.17,2.67,4.17,4.5,1770285834443,4,2026-02-05T09:58:33.227000+00:00,phase1_completed,none,5,4.25,3.5,4.25,3.5,3.5,4.75,2.25,5,4,4.25,4,4.25,2.25,3.25,,,male,0,0,none,,0,1770286182014,0,259,0-KEBNZ,1770286883878,True,,budapest,,secondary,,,0,11.429,1770286825755,trial_45,9719890R.png,25.png,9719890R.png,1770286814326,0-KEBNZ
17,0.0426,1,False,3.83,4.17,2.67,4.17,4.5,1770285834443,7,2026-02-05T09:58:33.227000+00:00,phase1_completed,none,5,4.25,3.5,4.25,3.5,3.5,4.75,2.25,5,4,4.25,4,4.25,2.25,3.25,,,male,0,0,none,,1,1770286182014,0,259,0-KEBNZ,1770286883878,True,,budapest,,secondary,,,0,16.412,1770286842539,trial_46,9360243L.png,50.png,9360243L.png,1770286826127,0-KEBNZ
17,0.5749,1,False,3.83,4.17,2.67,4.17,4.5,1770285834443,5,2026-02-05T09:58:33.227000+00:00,phase1_completed,none,5,4.25,3.5,4.25,3.5,3.5,4.75,2.25,5,4,4.25,4,4.25,2.25,3.25,,,male,1,2,none,,1,1770286182014,0,259,0-KEBNZ,1770286883878,True,,budapest,,secondary,,,0,5.933,1770286848787,trial_47,9797850R.png,32.png,9797850R.png,1770286842854,0-KEBNZ
17,0.79,1,False,3.83,4.17,2.67,4.17,4.5,1770285834443,6,2026-02-05T09:58:33.227000+00:00,phase1_completed,none,5,4.25,3.5,4.25,3.5,3.5,4.75,2.25,5,4,4.25,4,4.25,2.25,3.25,,,male,1,2,none,,0,1770286182014,0,259,0-KEBNZ,1770286883878,True,,budapest,,secondary,,,0,7.672,1770286857195,trial_48,9142551R.png,37.png,9142551R.png,1770286849523,0-KEBNZ
17,0.401,0,False,3.83,4.17,2.67,4.17,4.5,1770285834443,7,2026-02-05T09:58:33.227000+00:00,phase1_completed,none,5,4.25,3.5,4.25,3.5,3.5,4.75,2.25,5,4,4.25,4,4.25,2.25,3.25,,,male,0,0,none,,1,1770286182014,0,259,0-KEBNZ,1770286883878,True,,budapest,,secondary,,,0,23.062,1770286880643,trial_49,9035779L.png,45.png,9035779L.png,1770286857581,0-KEBNZ
17,0.584,0,False,3.83,4.17,2.67,4.17,4.5,1770285834443,5,2026-02-05T09:58:33.227000+00:00,phase1_completed,none,5,4.25,3.5,4.25,3.5,3.5,4.75,2.25,5,4,4.25,4,4.25,2.25,3.25,,,male,0,0,none,,1,1770286182014,0,259,0-KEBNZ,1770286883878,True,,budapest,,secondary,,,0,13.445,1770286399788,trial_5,9598675R.png,27.png,9598675R.png,1770286386343,0-KEBNZ
17,0.0923,0,False,3.83,4.17,2.67,4.17,4.5,1770285834443,7,2026-02-05T09:58:33.227000+00:00,phase1_completed,none,5,4.25,3.5,4.25,3.5,3.5,4.75,2.25,5,4,4.25,4,4.25,2.25,3.25,,,male,1,3,none,,1,1770286182014,0,259,0-KEBNZ,1770286883878,True,,budapest,,secondary,,,0,2.701,1770286883674,trial_50,9305336L.png,12.png,9305336L.png,1770286880973,0-KEBNZ
17,0.8846,0,False,3.83,4.17,2.67,4.17,4.5,1770285834443,6,2026-02-05T09:58:33.227000+00:00,phase1_completed,none,5,4.25,3.5,4.25,3.5,3.5,4.75,2.25,5,4,4.25,4,4.25,2.25,3.25,,,male,1,2,none,,0,1770286182014,0,259,0-KEBNZ,1770286883878,True,,budapest,,secondary,,,0,9.512,1770286409652,trial_6,9998089R.png,24.png,9998089R.png,1770286400140,0-KEBNZ
17,0.9843,1,False,3.83,4.17,2.67,4.17,4.5,1770285834443,7,2026-02-05T09:58:33.227000+00:00,phase1_completed,none,5,4.25,3.5,4.25,3.5,3.5,4.75,2.25,5,4,4.25,4,4.25,2.25,3.25,,,male,1,2,none,,1,1770286182014,0,259,0-KEBNZ,1770286883878,True,,budapest,,secondary,,,0,7.724,1770286417732,trial_7,9322109R.png,14.png,9322109R.png,1770286410008,0-KEBNZ
17,0.3771,0,False,3.83,4.17,2.67,4.17,4.5,1770285834443,5,2026-02-05T09:58:33.227000+00:00,phase1_completed,none,5,4.25,3.5,4.25,3.5,3.5,4.75,2.25,5,4,4.25,4,4.25,2.25,3.25,,,male,0,0,none,,0,1770286182014,0,259,0-KEBNZ,1770286883878,True,,budapest,,secondary,,,0,26.209,1770286444268,trial_8,9872350R.png,30.png,9872350R.png,1770286418059,0-KEBNZ
17,0.8986,1,False,3.83,4.17,2.67,4.17,4.5,1770285834443,7,2026-02-05T09:58:33.227000+00:00,phase1_completed,none,5,4.25,3.5,4.25,3.5,3.5,4.75,2.25,5,4,4.25,4,4.25,2.25,3.25,,,male,1,3,none,,1,1770286182014,0,259,0-KEBNZ,1770286883878,True,,budapest,,secondary,,,0,2.389,1770286447044,trial_9,9683886R.png,22.png,9683886R.png,1770286444655,0-KEBNZ
17,0.1918,0,False,3.17,4.42,4.33,1.67,3.83,1770285831143,7,2026-02-05T09:58:54.579000+00:00,phase1_completed,none,2.25,2.25,4,3.5,4.75,1.25,1.5,4.75,4.5,4.5,4.5,3.5,4.25,4.25,2.5,,,male,1,2,none,,0,1770286389156,0,44,0-LPC2E,1770286898036,True,,budapest,,secondary,,,0,21.509,1770286574260,trial_1,9788301L.png,33.png,9788301L.png,1770286552751,0-LPC2E
17,0.0426,1,False,3.17,4.42,4.33,1.67,3.83,1770285831143,7,2026-02-05T09:58:54.579000+00:00,phase1_completed,none,2.25,2.25,4,3.5,4.75,1.25,1.5,4.75,4.5,4.5,4.5,3.5,4.25,4.25,2.5,,,male,0,0,none,,1,1770286389156,0,44,0-LPC2E,1770286898036,True,,budapest,,secondary,,,0,2.215,1770286711436,trial_10,9360243L.png,50.png,9360243L.png,1770286709221,0-LPC2E
17,0.8646,0,False,3.17,4.42,4.33,1.67,3.83,1770285831143,7,2026-02-05T09:58:54.579000+00:00,phase1_completed,none,2.25,2.25,4,3.5,4.75,1.25,1.5,4.75,4.5,4.5,4.5,3.5,4.25,4.25,2.5,,,male,0,0,none,,0,1770286389156,0,44,0-LPC2E,1770286898036,True,,budapest,,secondary,,,0,4.161,1770286715925,trial_11,9719890R.png,25.png,9719890R.png,1770286711764,0-LPC2E
17,0.8162,0,False,3.17,4.42,4.33,1.67,3.83,1770285831143,7,2026-02-05T09:58:54.579000+00:00,phase1_completed,none,2.25,2.25,4,3.5,4.75,1.25,1.5,4.75,4.5,4.5,4.5,3.5,4.25,4.25,2.5,,,male,0,0,none,,1,1770286389156,0,44,0-LPC2E,1770286898036,True,,budapest,,secondary,,,0,4.792,1770286721060,trial_12,9253225L.png,21.png,9253225L.png,1770286716268,0-LPC2E
17,0.8709,1,False,3.17,4.42,4.33,1.67,3.83,1770285831143,7,2026-02-05T09:58:54.579000+00:00,phase1_completed,none,2.25,2.25,4,3.5,4.75,1.25,1.5,4.75,4.5,4.5,4.5,3.5,4.25,4.25,2.5,,,male,1,2,none,,1,1770286389156,0,44,0-LPC2E,1770286898036,True,,budapest,,secondary,,,0,3.596,1770286724996,trial_13,9354156R.png,6.png,9354156R.png,1770286721400,0-LPC2E
17,0.4633,1,False,3.17,4.42,4.33,1.67,3.83,1770285831143,7,2026-02-05T09:58:54.579000+00:00,phase1_completed,none,2.25,2.25,4,3.5,4.75,1.25,1.5,4.75,4.5,4.5,4.5,3.5,4.25,4.25,2.5,,,male,0,0,none,,0,1770286389156,0,44,0-LPC2E,1770286898036,True,,budapest,,secondary,,,0,4.724,1770286730052,trial_14,9140556L.png,7.png,9140556L.png,1770286725328,0-LPC2E
17,0.1582,0,False,3.17,4.42,4.33,1.67,3.83,1770285831143,7,2026-02-05T09:58:54.579000+00:00,phase1_completed,none,2.25,2.25,4,3.5,4.75,1.25,1.5,4.75,4.5,4.5,4.5,3.5,4.25,4.25,2.5,,,male,1,2,none,,1,1770286389156,0,44,0-LPC2E,1770286898036,True,,budapest,,secondary,,,0,4.385,1770286734789,trial_15,9466142R.png,5.png,9466142R.png,1770286730404,0-LPC2E
17,0.9124,0,False,3.17,4.42,4.33,1.67,3.83,1770285831143,7,2026-02-05T09:58:54.579000+00:00,phase1_completed,none,2.25,2.25,4,3.5,4.75,1.25,1.5,4.75,4.5,4.5,4.5,3.5,4.25,4.25,2.5,,,male,0,0,none,,0,1770286389156,0,44,0-LPC2E,1770286898036,True,,budapest,,secondary,,,0,4.536,1770286739660,trial_16,9717450L.png,40.png,9717450L.png,1770286735124,0-LPC2E
17,0.645,0,False,3.17,4.42,4.33,1.67,3.83,1770285831143,7,2026-02-05T09:58:54.579000+00:00,phase1_completed,none,2.25,2.25,4,3.5,4.75,1.25,1.5,4.75,4.5,4.5,4.5,3.5,4.25,4.25,2.5,,,male,0,0,none,,0,1770286389156,0,44,0-LPC2E,1770286898036,True,,budapest,,secondary,,,0,4.867,1770286744844,trial_17,9480211R.png,3.png,9480211R.png,1770286739977,0-LPC2E
17,0.5533,0,False,3.17,4.42,4.33,1.67,3.83,1770285831143,7,2026-02-05T09:58:54.579000+00:00,phase1_completed,none,2.25,2.25,4,3.5,4.75,1.25,1.5,4.75,4.5,4.5,4.5,3.5,4.25,4.25,2.5,,,male,0,0,none,,1,1770286389156,0,44,0-LPC2E,1770286898036,True,,budapest,,secondary,,,0,11.308,1770286756453,trial_18,9261557L.png,23.png,9261557L.png,1770286745145,0-LPC2E
17,0.9329,1,False,3.17,4.42,4.33,1.67,3.83,1770285831143,7,2026-02-05T09:58:54.579000+00:00,phase1_completed,none,2.25,2.25,4,3.5,4.75,1.25,1.5,4.75,4.5,4.5,4.5,3.5,4.25,4.25,2.5,,,male,1,3,none,,1,1770286389156,0,44,0-LPC2E,1770286898036,True,,budapest,,secondary,,,0,3.365,1770286760156,trial_19,9075939L.png,16.png,9075939L.png,1770286756791,0-LPC2E
17,0.2577,1,False,3.17,4.42,4.33,1.67,3.83,1770285831143,7,2026-02-05T09:58:54.579000+00:00,phase1_completed,none,2.25,2.25,4,3.5,4.75,1.25,1.5,4.75,4.5,4.5,4.5,3.5,4.25,4.25,2.5,,,male,0,0,none,,0,1770286389156,0,44,0-LPC2E,1770286898036,True,,budapest,,secondary,,,0,59.877,1770286634516,trial_2,9827858L.png,8.png,9827858L.png,1770286574639,0-LPC2E
17,0.5639,0,False,3.17,4.42,4.33,1.67,3.83,1770285831143,7,2026-02-05T09:58:54.579000+00:00,phase1_completed,none,2.25,2.25,4,3.5,4.75,1.25,1.5,4.75,4.5,4.5,4.5,3.5,4.25,4.25,2.5,,,male,0,0,none,,0,1770286389156,0,44,0-LPC2E,1770286898036,True,,budapest,,secondary,,,0,5.298,1770286765780,trial_20,9100699L.png,48.png,9100699L.png,1770286760482,0-LPC2E
17,0.9948,1,False,3.17,4.42,4.33,1.67,3.83,1770285831143,7,2026-02-05T09:58:54.579000+00:00,phase1_completed,none,2.25,2.25,4,3.5,4.75,1.25,1.5,4.75,4.5,4.5,4.5,3.5,4.25,4.25,2.5,,,male,1,3,none,,1,1770286389156,0,44,0-LPC2E,1770286898036,True,,budapest,,secondary,,,0,3.378,1770286769556,trial_21,9113018R.png,2.png,9113018R.png,1770286766178,0-LPC2E
17,0.5749,1,False,3.17,4.42,4.33,1.67,3.83,1770285831143,7,2026-02-05T09:58:54.579000+00:00,phase1_completed,none,2.25,2.25,4,3.5,4.75,1.25,1.5,4.75,4.5,4.5,4.5,3.5,4.25,4.25,2.5,,,male,1,2,none,,1,1770286389156,0,44,0-LPC2E,1770286898036,True,,budapest,,secondary,,,0,2.982,1770286772884,trial_22,9797850R.png,32.png,9797850R.png,1770286769902,0-LPC2E
17,0.329,0,False,3.17,4.42,4.33,1.67,3.83,1770285831143,7,2026-02-05T09:58:54.579000+00:00,phase1_completed,none,2.25,2.25,4,3.5,4.75,1.25,1.5,4.75,4.5,4.5,4.5,3.5,4.25,4.25,2.5,,,male,0,0,none,,1,1770286389156,0,44,0-LPC2E,1770286898036,True,,budapest,,secondary,,,0,3.2,1770286776372,trial_23,9043461R.png,9.png,9043461R.png,1770286773172,0-LPC2E
17,0.9867,1,False,3.17,4.42,4.33,1.67,3.83,1770285831143,7,2026-02-05T09:58:54.579000+00:00,phase1_completed,none,2.25,2.25,4,3.5,4.75,1.25,1.5,4.75,4.5,4.5,4.5,3.5,4.25,4.25,2.5,,,male,1,3,none,,1,1770286389156,0,44,0-LPC2E,1770286898036,True,,budapest,,secondary,,,0,2.313,1770286779028,trial_24,9267247L.png,38.png,9267247L.png,1770286776715,0-LPC2E
17,0.7533,0,False,3.17,4.42,4.33,1.67,3.83,1770285831143,7,2026-02-05T09:58:54.579000+00:00,phase1_completed,none,2.25,2.25,4,3.5,4.75,1.25,1.5,4.75,4.5,4.5,4.5,3.5,4.25,4.25,2.5,,,male,0,0,none,,0,1770286389156,0,44,0-LPC2E,1770286898036,True,,budapest,,secondary,,,0,8.832,1770286788180,trial_25,9166468R.png,18.png,9166468R.png,1770286779348,0-LPC2E
17,0.8107,0,False,3.17,4.42,4.33,1.67,3.83,1770285831143,7,2026-02-05T09:58:54.579000+00:00,phase1_completed,none,2.25,2.25,4,3.5,4.75,1.25,1.5,4.75,4.5,4.5,4.5,3.5,4.25,4.25,2.5,,,male,0,0,none,,0,1770286389156,0,44,0-LPC2E,1770286898036,True,,budapest,,secondary,,,0,4.47,1770286792972,trial_26,9870268R.png,26.png,9870268R.png,1770286788502,0-LPC2E
17,0.916,1,False,3.17,4.42,4.33,1.67,3.83,1770285831143,7,2026-02-05T09:58:54.579000+00:00,phase1_completed,none,2.25,2.25,4,3.5,4.75,1.25,1.5,4.75,4.5,4.5,4.5,3.5,4.25,4.25,2.5,,,male,1,2,none,,0,1770286389156,0,44,0-LPC2E,1770286898036,True,,budapest,,secondary,,,0,2.619,1770286796396,trial_27,9862321L.png,17.png,9862321L.png,1770286793777,0-LPC2E
17,0.6057,0,False,3.17,4.42,4.33,1.67,3.83,1770285831143,7,2026-02-05T09:58:54.579000+00:00,phase1_completed,none,2.25,2.25,4,3.5,4.75,1.25,1.5,4.75,4.5,4.5,4.5,3.5,4.25,4.25,2.5,,,male,1,2,none,,1,1770286389156,0,44,0-LPC2E,1770286898036,True,,budapest,,secondary,,,0,3.097,1770286799804,trial_28,9606955R.png,11.png,9606955R.png,1770286796707,0-LPC2E
17,0.3771,0,False,3.17,4.42,4.33,1.67,3.83,1770285831143,7,2026-02-05T09:58:54.579000+00:00,phase1_completed,none,2.25,2.25,4,3.5,4.75,1.25,1.5,4.75,4.5,4.5,4.5,3.5,4.25,4.25,2.5,,,male,0,0,none,,0,1770286389156,0,44,0-LPC2E,1770286898036,True,,budapest,,secondary,,,0,4.5,1770286804604,trial_29,9872350R.png,30.png,9872350R.png,1770286800104,0-LPC2E
17,0.7641,0,False,3.17,4.42,4.33,1.67,3.83,1770285831143,7,2026-02-05T09:58:54.579000+00:00,phase1_completed,none,2.25,2.25,4,3.5,4.75,1.25,1.5,4.75,4.5,4.5,4.5,3.5,4.25,4.25,2.5,,,male,0,0,none,,0,1770286389156,0,44,0-LPC2E,1770286898036,True,,budapest,,secondary,,,0,8.187,1770286643212,trial_3,9667180L.png,35.png,9667180L.png,1770286635025,0-LPC2E
17,0.584,0,False,3.17,4.42,4.33,1.67,3.83,1770285831143,7,2026-02-05T09:58:54.579000+00:00,phase1_completed,none,2.25,2.25,4,3.5,4.75,1.25,1.5,4.75,4.5,4.5,4.5,3.5,4.25,4.25,2.5,,,male,0,0,none,,0,1770286389156,0,44,0-LPC2E,1770286898036,True,,budapest,,secondary,,,0,3.158,1770286808108,trial_30,9598675R.png,27.png,9598675R.png,1770286804950,0-LPC2E
17,0.6423,0,False,3.17,4.42,4.33,1.67,3.83,1770285831143,7,2026-02-05T09:58:54.579000+00:00,phase1_completed,none,2.25,2.25,4,3.5,4.75,1.25,1.5,4.75,4.5,4.5,4.5,3.5,4.25,4.25,2.5,,,male,0,0,none,,1,1770286389156,0,44,0-LPC2E,1770286898036,True,,budapest,,secondary,,,0,4.807,1770286813229,trial_31,9143031L.png,4.png,9143031L.png,1770286808422,0-LPC2E
17,0.0818,1,False,3.17,4.42,4.33,1.67,3.83,1770285831143,7,2026-02-05T09:58:54.579000+00:00,phase1_completed,none,2.25,2.25,4,3.5,4.75,1.25,1.5,4.75,4.5,4.5,4.5,3.5,4.25,4.25,2.5,,,male,0,0,none,,0,1770286389156,0,44,0-LPC2E,1770286898036,True,,budapest,,secondary,,,0,5.282,1770286818852,trial_32,9397988L.png,42.png,9397988L.png,1770286813570,0-LPC2E
17,0.5825,0,False,3.17,4.42,4.33,1.67,3.83,1770285831143,7,2026-02-05T09:58:54.579000+00:00,phase1_completed,none,2.25,2.25,4,3.5,4.75,1.25,1.5,4.75,4.5,4.5,4.5,3.5,4.25,4.25,2.5,,,male,1,2,none,,1,1770286389156,0,44,0-LPC2E,1770286898036,True,,budapest,,secondary,,,0,2.287,1770286821548,trial_33,9626432R.png,15.png,9626432R.png,1770286819261,0-LPC2E
17,0.6514,1,False,3.17,4.42,4.33,1.67,3.83,1770285831143,7,2026-02-05T09:58:54.579000+00:00,phase1_completed,none,2.25,2.25,4,3.5,4.75,1.25,1.5,4.75,4.5,4.5,4.5,3.5,4.25,4.25,2.5,,,male,1,2,none,,1,1770286389156,0,44,0-LPC2E,1770286898036,True,,budapest,,secondary,,,0,4.651,1770286826580,trial_34,9448315L.png,28.png,9448315L.png,1770286821929,0-LPC2E
17,0.2252,0,False,3.17,4.42,4.33,1.67,3.83,1770285831143,7,2026-02-05T09:58:54.579000+00:00,phase1_completed,none,2.25,2.25,4,3.5,4.75,1.25,1.5,4.75,4.5,4.5,4.5,3.5,4.25,4.25,2.5,,,male,0,0,none,,1,1770286389156,0,44,0-LPC2E,1770286898036,True,,budapest,,secondary,,,0,14.194,1770286841109,trial_35,9097360L.png,1.png,9097360L.png,1770286826915,0-LPC2E
17,0.401,0,False,3.17,4.42,4.33,1.67,3.83,1770285831143,7,2026-02-05T09:58:54.579000+00:00,phase1_completed,none,2.25,2.25,4,3.5,4.75,1.25,1.5,4.75,4.5,4.5,4.5,3.5,4.25,4.25,2.5,,,male,0,0,none,,1,1770286389156,0,44,0-LPC2E,1770286898036,True,,budapest,,secondary,,,0,4.654,1770286846084,trial_36,9035779L.png,45.png,9035779L.png,1770286841430,0-LPC2E
17,0.9974,1,False,3.17,4.42,4.33,1.67,3.83,1770285831143,7,2026-02-05T09:58:54.579000+00:00,phase1_completed,none,2.25,2.25,4,3.5,4.75,1.25,1.5,4.75,4.5,4.5,4.5,3.5,4.25,4.25,2.5,,,male,1,3,none,,1,1770286389156,0,44,0-LPC2E,1770286898036,True,,budapest,,secondary,,,0,2.181,1770286848589,trial_37,9271965R.png,47.png,9271965R.png,1770286846408,0-LPC2E
17,0.8842,1,False,3.17,4.42,4.33,1.67,3.83,1770285831143,7,2026-02-05T09:58:54.579000+00:00,phase1_completed,none,2.25,2.25,4,3.5,4.75,1.25,1.5,4.75,4.5,4.5,4.5,3.5,4.25,4.25,2.5,,,male,1,2,none,,1,1770286389156,0,44,0-LPC2E,1770286898036,True,,budapest,,secondary,,,0,3.036,1770286851917,trial_38,9304828L.png,46.png,9304828L.png,1770286848881,0-LPC2E
17,0.0389,1,False,3.17,4.42,4.33,1.67,3.83,1770285831143,7,2026-02-05T09:58:54.579000+00:00,phase1_completed,none,2.25,2.25,4,3.5,4.75,1.25,1.5,4.75,4.5,4.5,4.5,3.5,4.25,4.25,2.5,,,male,0,0,none,,1,1770286389156,0,44,0-LPC2E,1770286898036,True,,budapest,,secondary,,,0,2.431,1770286854700,trial_39,9911788L.png,10.png,9911788L.png,1770286852269,0-LPC2E
17,0.3014,1,False,3.17,4.42,4.33,1.67,3.83,1770285831143,7,2026-02-05T09:58:54.579000+00:00,phase1_completed,none,2.25,2.25,4,3.5,4.75,1.25,1.5,4.75,4.5,4.5,4.5,3.5,4.25,4.25,2.5,,,male,0,0,none,,1,1770286389156,0,44,0-LPC2E,1770286898036,True,,budapest,,secondary,,,0,6.353,1770286649892,trial_4,9299531R.png,36.png,9299531R.png,1770286643539,0-LPC2E
17,0.0496,1,False,3.17,4.42,4.33,1.67,3.83,1770285831143,7,2026-02-05T09:58:54.579000+00:00,phase1_completed,none,2.25,2.25,4,3.5,4.75,1.25,1.5,4.75,4.5,4.5,4.5,3.5,4.25,4.25,2.5,,,male,0,0,none,,1,1770286389156,0,44,0-LPC2E,1770286898036,True,,budapest,,secondary,,,0,3.717,1770286858724,trial_40,9023935L.png,41.png,9023935L.png,1770286855007,0-LPC2E
17,0.5823,0,False,3.17,4.42,4.33,1.67,3.83,1770285831143,7,2026-02-05T09:58:54.579000+00:00,phase1_completed,none,2.25,2.25,4,3.5,4.75,1.25,1.5,4.75,4.5,4.5,4.5,3.5,4.25,4.25,2.5,,,male,1,2,none,,1,1770286389156,0,44,0-LPC2E,1770286898036,True,,budapest,,secondary,,,0,6.513,1770286865556,trial_41,9008884R.png,20.png,9008884R.png,1770286859043,0-LPC2E
17,0.8846,0,False,3.17,4.42,4.33,1.67,3.83,1770285831143,7,2026-02-05T09:58:54.579000+00:00,phase1_completed,none,2.25,2.25,4,3.5,4.75,1.25,1.5,4.75,4.5,4.5,4.5,3.5,4.25,4.25,2.5,,,male,1,2,none,,0,1770286389156,0,44,0-LPC2E,1770286898036,True,,budapest,,secondary,,,0,3.133,1770286869044,trial_42,9998089R.png,24.png,9998089R.png,1770286865911,0-LPC2E
17,0.9663,1,False,3.17,4.42,4.33,1.67,3.83,1770285831143,7,2026-02-05T09:58:54.579000+00:00,phase1_completed,none,2.25,2.25,4,3.5,4.75,1.25,1.5,4.75,4.5,4.5,4.5,3.5,4.25,4.25,2.5,,,male,1,3,none,,1,1770286389156,0,44,0-LPC2E,1770286898036,True,,budapest,,secondary,,,0,3.17,1770286872668,trial_43,9056326L.png,19.png,9056326L.png,1770286869498,0-LPC2E
17,0.5532,0,False,3.17,4.42,4.33,1.67,3.83,1770285831143,7,2026-02-05T09:58:54.579000+00:00,phase1_completed,none,2.25,2.25,4,3.5,4.75,1.25,1.5,4.75,4.5,4.5,4.5,3.5,4.25,4.25,2.5,,,male,0,0,none,,0,1770286389156,0,44,0-LPC2E,1770286898036,True,,budapest,,secondary,,,0,5.458,1770286878428,trial_44,9043461L.png,34.png,9043461L.png,1770286872970,0-LPC2E
17,0.5424,1,False,3.17,4.42,4.33,1.67,3.83,1770285831143,7,2026-02-05T09:58:54.579000+00:00,phase1_completed,none,2.25,2.25,4,3.5,4.75,1.25,1.5,4.75,4.5,4.5,4.5,3.5,4.25,4.25,2.5,,,male,1,2,none,,0,1770286389156,0,44,0-LPC2E,1770286898036,True,,budapest,,secondary,,,0,3.789,1770286882604,trial_45,9648224L.png,44.png,9648224L.png,1770286878815,0-LPC2E
17,0.0923,0,False,3.17,4.42,4.33,1.67,3.83,1770285831143,7,2026-02-05T09:58:54.579000+00:00,phase1_completed,none,2.25,2.25,4,3.5,4.75,1.25,1.5,4.75,4.5,4.5,4.5,3.5,4.25,4.25,2.5,,,male,1,3,none,,1,1770286389156,0,44,0-LPC2E,1770286898036,True,,budapest,,secondary,,,0,2.319,1770286885268,trial_46,9305336L.png,12.png,9305336L.png,1770286882949,0-LPC2E
17,0.9095,1,False,3.17,4.42,4.33,1.67,3.83,1770285831143,7,2026-02-05T09:58:54.579000+00:00,phase1_completed,none,2.25,2.25,4,3.5,4.75,1.25,1.5,4.75,4.5,4.5,4.5,3.5,4.25,4.25,2.5,,,male,1,2,none,,0,1770286389156,0,44,0-LPC2E,1770286898036,True,,budapest,,secondary,,,0,2.958,1770286888533,trial_47,9534110L.png,49.png,9534110L.png,1770286885575,0-LPC2E
17,0.9843,1,False,3.17,4.42,4.33,1.67,3.83,1770285831143,7,2026-02-05T09:58:54.579000+00:00,phase1_completed,none,2.25,2.25,4,3.5,4.75,1.25,1.5,4.75,4.5,4.5,4.5,3.5,4.25,4.25,2.5,,,male,1,2,none,,1,1770286389156,0,44,0-LPC2E,1770286898036,True,,budapest,,secondary,,,0,2.228,1770286891084,trial_48,9322109R.png,14.png,9322109R.png,1770286888856,0-LPC2E
17,0.8517,0,False,3.17,4.42,4.33,1.67,3.83,1770285831143,7,2026-02-05T09:58:54.579000+00:00,phase1_completed,none,2.25,2.25,4,3.5,4.75,1.25,1.5,4.75,4.5,4.5,4.5,3.5,4.25,4.25,2.5,,,male,0,0,none,,1,1770286389156,0,44,0-LPC2E,1770286898036,True,,budapest,,secondary,,,0,3.205,1770286894613,trial_49,9810475L.png,13.png,9810475L.png,1770286891408,0-LPC2E
17,0.4814,0,False,3.17,4.42,4.33,1.67,3.83,1770285831143,7,2026-02-05T09:58:54.579000+00:00,phase1_completed,none,2.25,2.25,4,3.5,4.75,1.25,1.5,4.75,4.5,4.5,4.5,3.5,4.25,4.25,2.5,,,male,0,0,none,,1,1770286389156,0,44,0-LPC2E,1770286898036,True,,budapest,,secondary,,,0,4.36,1770286654556,trial_5,9645608L.png,43.png,9645608L.png,1770286650196,0-LPC2E
17,0.8986,1,False,3.17,4.42,4.33,1.67,3.83,1770285831143,7,2026-02-05T09:58:54.579000+00:00,phase1_completed,none,2.25,2.25,4,3.5,4.75,1.25,1.5,4.75,4.5,4.5,4.5,3.5,4.25,4.25,2.5,,,male,1,3,none,,1,1770286389156,0,44,0-LPC2E,1770286898036,True,,budapest,,secondary,,,0,2.865,1770286897804,trial_50,9683886R.png,22.png,9683886R.png,1770286894939,0-LPC2E
17,0.79,1,False,3.17,4.42,4.33,1.67,3.83,1770285831143,7,2026-02-05T09:58:54.579000+00:00,phase1_completed,none,2.25,2.25,4,3.5,4.75,1.25,1.5,4.75,4.5,4.5,4.5,3.5,4.25,4.25,2.5,,,male,1,2,none,,1,1770286389156,0,44,0-LPC2E,1770286898036,True,,budapest,,secondary,,,0,43.866,1770286698756,trial_6,9142551R.png,37.png,9142551R.png,1770286654890,0-LPC2E
17,0.9625,1,False,3.17,4.42,4.33,1.67,3.83,1770285831143,7,2026-02-05T09:58:54.579000+00:00,phase1_completed,none,2.25,2.25,4,3.5,4.75,1.25,1.5,4.75,4.5,4.5,4.5,3.5,4.25,4.25,2.5,,,male,1,3,none,,1,1770286389156,0,44,0-LPC2E,1770286898036,True,,budapest,,secondary,,,0,3.161,1770286702236,trial_7,9037494R.png,31.png,9037494R.png,1770286699075,0-LPC2E
17,0.4903,1,False,3.17,4.42,4.33,1.67,3.83,1770285831143,7,2026-02-05T09:58:54.579000+00:00,phase1_completed,none,2.25,2.25,4,3.5,4.75,1.25,1.5,4.75,4.5,4.5,4.5,3.5,4.25,4.25,2.5,,,male,1,4,none,,1,1770286389156,0,44,0-LPC2E,1770286898036,True,,budapest,,secondary,,,0,2.553,1770286705204,trial_8,9311154L.png,39.png,9311154L.png,1770286702651,0-LPC2E
17,0.8137,0,False,3.17,4.42,4.33,1.67,3.83,1770285831143,7,2026-02-05T09:58:54.579000+00:00,phase1_completed,none,2.25,2.25,4,3.5,4.75,1.25,1.5,4.75,4.5,4.5,4.5,3.5,4.25,4.25,2.5,,,male,1,3,none,,1,1770286389156,0,44,0-LPC2E,1770286898036,True,,budapest,,secondary,,,0,3.258,1770286708892,trial_9,9046206L.png,29.png,9046206L.png,1770286705634,0-LPC2E
16,0.9329,1,False,3.08,4.33,4.25,2.17,4,1770285836705,7,2026-02-05T09:58:52.395000+00:00,phase1_completed,none,3.25,2.25,4,3.25,4,1.75,2.5,4.75,4.75,4.25,5,3.25,3.75,4,2.75,,,male,1,3,none,,1,1770286025465,0,420,0-NNMYT,1770287288821,True,,city,,secondary,,,0,21.8,1770286233784,trial_1,9075939L.png,16.png,9075939L.png,1770286211984,0-NNMYT
16,0.8846,0,False,3.08,4.33,4.25,2.17,4,1770285836705,4,2026-02-05T09:58:52.395000+00:00,phase1_completed,none,3.25,2.25,4,3.25,4,1.75,2.5,4.75,4.75,4.25,5,3.25,3.75,4,2.75,,,male,1,2,none,,1,1770286025465,0,420,0-NNMYT,1770287288821,True,,city,,secondary,,,0,42.843,1770286634130,trial_10,9998089R.png,24.png,9998089R.png,1770286591287,0-NNMYT
16,0.916,1,False,3.08,4.33,4.25,2.17,4,1770285836705,4,2026-02-05T09:58:52.395000+00:00,phase1_completed,none,3.25,2.25,4,3.25,4,1.75,2.5,4.75,4.75,4.25,5,3.25,3.75,4,2.75,,,male,1,2,none,,0,1770286025465,0,420,0-NNMYT,1770287288821,True,,city,,secondary,,,0,12.58,1770286647026,trial_11,9862321L.png,17.png,9862321L.png,1770286634446,0-NNMYT
16,0.8162,0,False,3.08,4.33,4.25,2.17,4,1770285836705,6,2026-02-05T09:58:52.395000+00:00,phase1_completed,none,3.25,2.25,4,3.25,4,1.75,2.5,4.75,4.75,4.25,5,3.25,3.75,4,2.75,,,male,0,0,none,,1,1770286025465,0,420,0-NNMYT,1770287288821,True,,city,,secondary,,,0,33.899,1770286681274,trial_12,9253225L.png,21.png,9253225L.png,1770286647375,0-NNMYT
16,0.0389,1,False,3.08,4.33,4.25,2.17,4,1770285836705,5,2026-02-05T09:58:52.395000+00:00,phase1_completed,none,3.25,2.25,4,3.25,4,1.75,2.5,4.75,4.75,4.25,5,3.25,3.75,4,2.75,,,male,0,0,none,,0,1770286025465,0,420,0-NNMYT,1770287288821,True,,city,,secondary,,,0,26.387,1770286708024,trial_13,9911788L.png,10.png,9911788L.png,1770286681637,0-NNMYT
16,0.8137,0,False,3.08,4.33,4.25,2.17,4,1770285836705,5,2026-02-05T09:58:52.395000+00:00,phase1_completed,none,3.25,2.25,4,3.25,4,1.75,2.5,4.75,4.75,4.25,5,3.25,3.75,4,2.75,,,male,1,3,none,,0,1770286025465,0,420,0-NNMYT,1770287288821,True,,city,,secondary,,,0,13.444,1770286721832,trial_14,9046206L.png,29.png,9046206L.png,1770286708388,0-NNMYT
16,0.8709,1,False,3.08,4.33,4.25,2.17,4,1770285836705,4,2026-02-05T09:58:52.395000+00:00,phase1_completed,none,3.25,2.25,4,3.25,4,1.75,2.5,4.75,4.75,4.25,5,3.25,3.75,4,2.75,,,male,1,2,none,,1,1770286025465,0,420,0-NNMYT,1770287288821,True,,city,,secondary,,,0,13.537,1770286735688,trial_15,9354156R.png,6.png,9354156R.png,1770286722151,0-NNMYT
16,0.4814,0,False,3.08,4.33,4.25,2.17,4,1770285836705,5,2026-02-05T09:58:52.395000+00:00,phase1_completed,none,3.25,2.25,4,3.25,4,1.75,2.5,4.75,4.75,4.25,5,3.25,3.75,4,2.75,,,male,0,0,none,,0,1770286025465,0,420,0-NNMYT,1770287288821,True,,city,,secondary,,,0,13.318,1770286749336,trial_16,9645608L.png,43.png,9645608L.png,1770286736018,0-NNMYT
16,0.3771,0,False,3.08,4.33,4.25,2.17,4,1770285836705,6,2026-02-05T09:58:52.395000+00:00,phase1_completed,none,3.25,2.25,4,3.25,4,1.75,2.5,4.75,4.75,4.25,5,3.25,3.75,4,2.75,,,male,0,0,none,,0,1770286025465,0,420,0-NNMYT,1770287288821,True,,city,,secondary,,,0,14.747,1770286764390,trial_17,9872350R.png,30.png,9872350R.png,1770286749643,0-NNMYT
16,0.0426,1,False,3.08,4.33,4.25,2.17,4,1770285836705,5,2026-02-05T09:58:52.395000+00:00,phase1_completed,none,3.25,2.25,4,3.25,4,1.75,2.5,4.75,4.75,4.25,5,3.25,3.75,4,2.75,,,male,0,0,none,,0,1770286025465,0,420,0-NNMYT,1770287288821,True,,city,,secondary,,,0,10.129,1770286774830,trial_18,9360243L.png,50.png,9360243L.png,1770286764701,0-NNMYT
16,0.2577,1,False,3.08,4.33,4.25,2.17,4,1770285836705,4,2026-02-05T09:58:52.395000+00:00,phase1_completed,none,3.25,2.25,4,3.25,4,1.75,2.5,4.75,4.75,4.25,5,3.25,3.75,4,2.75,,,male,0,0,none,,1,1770286025465,0,420,0-NNMYT,1770287288821,True,,city,,secondary,,,0,15.439,1770286790630,trial_19,9827858L.png,8.png,9827858L.png,1770286775191,0-NNMYT
16,0.4903,1,False,3.08,4.33,4.25,2.17,4,1770285836705,7,2026-02-05T09:58:52.395000+00:00,phase1_completed,none,3.25,2.25,4,3.25,4,1.75,2.5,4.75,4.75,4.25,5,3.25,3.75,4,2.75,,,male,1,4,none,,1,1770286025465,0,420,0-NNMYT,1770287288821,True,,city,,secondary,,,0,15.815,1770286250031,trial_2,9311154L.png,39.png,9311154L.png,1770286234216,0-NNMYT
16,0.401,0,False,3.08,4.33,4.25,2.17,4,1770285836705,5,2026-02-05T09:58:52.395000+00:00,phase1_completed,none,3.25,2.25,4,3.25,4,1.75,2.5,4.75,4.75,4.25,5,3.25,3.75,4,2.75,,,male,0,0,none,,0,1770286025465,0,420,0-NNMYT,1770287288821,True,,city,,secondary,,,0,25.396,1770286816340,trial_20,9035779L.png,45.png,9035779L.png,1770286790944,0-NNMYT
16,0.9974,1,False,3.08,4.33,4.25,2.17,4,1770285836705,7,2026-02-05T09:58:52.395000+00:00,phase1_completed,none,3.25,2.25,4,3.25,4,1.75,2.5,4.75,4.75,4.25,5,3.25,3.75,4,2.75,,,male,1,3,none,,1,1770286025465,0,420,0-NNMYT,1770287288821,True,,city,,secondary,,,0,3.711,1770286820380,trial_21,9271965R.png,47.png,9271965R.png,1770286816669,0-NNMYT
16,0.79,1,False,3.08,4.33,4.25,2.17,4,1770285836705,5,2026-02-05T09:58:52.395000+00:00,phase1_completed,none,3.25,2.25,4,3.25,4,1.75,2.5,4.75,4.75,4.25,5,3.25,3.75,4,2.75,,,male,1,2,none,,0,1770286025465,0,420,0-NNMYT,1770287288821,True,,city,,secondary,,,0,7.336,1770286828076,trial_22,9142551R.png,37.png,9142551R.png,1770286820740,0-NNMYT
16,0.4633,1,False,3.08,4.33,4.25,2.17,4,1770285836705,5,2026-02-05T09:58:52.395000+00:00,phase1_completed,none,3.25,2.25,4,3.25,4,1.75,2.5,4.75,4.75,4.25,5,3.25,3.75,4,2.75,,,male,0,0,none,,0,1770286025465,0,420,0-NNMYT,1770287288821,True,,city,,secondary,,,0,5.806,1770286834228,trial_23,9140556L.png,7.png,9140556L.png,1770286828422,0-NNMYT
16,0.9663,1,False,3.08,4.33,4.25,2.17,4,1770285836705,7,2026-02-05T09:58:52.395000+00:00,phase1_completed,none,3.25,2.25,4,3.25,4,1.75,2.5,4.75,4.75,4.25,5,3.25,3.75,4,2.75,,,male,1,3,none,,1,1770286025465,0,420,0-NNMYT,1770287288821,True,,city,,secondary,,,0,4.646,1770286839228,trial_24,9056326L.png,19.png,9056326L.png,1770286834582,0-NNMYT
16,0.9095,1,False,3.08,4.33,4.25,2.17,4,1770285836705,6,2026-02-05T09:58:52.395000+00:00,phase1_completed,none,3.25,2.25,4,3.25,4,1.75,2.5,4.75,4.75,4.25,5,3.25,3.75,4,2.75,,,male,1,2,none,,0,1770286025465,0,420,0-NNMYT,1770287288821,True,,city,,secondary,,,0,5.236,1770286844772,trial_25,9534110L.png,49.png,9534110L.png,1770286839536,0-NNMYT
16,0.3014,1,False,3.08,4.33,4.25,2.17,4,1770285836705,6,2026-02-05T09:58:52.395000+00:00,phase1_completed,none,3.25,2.25,4,3.25,4,1.75,2.5,4.75,4.75,4.25,5,3.25,3.75,4,2.75,,,male,0,0,none,,0,1770286025465,0,420,0-NNMYT,1770287288821,True,,city,,secondary,,,0,5.988,1770286851060,trial_26,9299531R.png,36.png,9299531R.png,1770286845072,0-NNMYT
16,0.645,0,False,3.08,4.33,4.25,2.17,4,1770285836705,5,2026-02-05T09:58:52.395000+00:00,phase1_completed,none,3.25,2.25,4,3.25,4,1.75,2.5,4.75,4.75,4.25,5,3.25,3.75,4,2.75,,,male,0,0,none,,0,1770286025465,0,420,0-NNMYT,1770287288821,True,,city,,secondary,,,0,20.194,1770286871548,trial_27,9480211R.png,3.png,9480211R.png,1770286851354,0-NNMYT
16,0.0496,1,False,3.08,4.33,4.25,2.17,4,1770285836705,6,2026-02-05T09:58:52.395000+00:00,phase1_completed,none,3.25,2.25,4,3.25,4,1.75,2.5,4.75,4.75,4.25,5,3.25,3.75,4,2.75,,,male,0,0,none,,1,1770286025465,0,420,0-NNMYT,1770287288821,True,,city,,secondary,,,0,4.042,1770286876050,trial_28,9023935L.png,41.png,9023935L.png,1770286872008,0-NNMYT
16,0.584,0,False,3.08,4.33,4.25,2.17,4,1770285836705,4,2026-02-05T09:58:52.395000+00:00,phase1_completed,none,3.25,2.25,4,3.25,4,1.75,2.5,4.75,4.75,4.25,5,3.25,3.75,4,2.75,,,male,0,0,none,,1,1770286025465,0,420,0-NNMYT,1770287288821,True,,city,,secondary,,,0,41.16,1770286917594,trial_29,9598675R.png,27.png,9598675R.png,1770286876434,0-NNMYT
16,0.6514,1,False,3.08,4.33,4.25,2.17,4,1770285836705,7,2026-02-05T09:58:52.395000+00:00,phase1_completed,none,3.25,2.25,4,3.25,4,1.75,2.5,4.75,4.75,4.25,5,3.25,3.75,4,2.75,,,male,1,2,none,,0,1770286025465,0,420,0-NNMYT,1770287288821,True,,city,,secondary,,,0,16.639,1770286267030,trial_3,9448315L.png,28.png,9448315L.png,1770286250391,0-NNMYT
16,0.5424,1,False,3.08,4.33,4.25,2.17,4,1770285836705,6,2026-02-05T09:58:52.395000+00:00,phase1_completed,none,3.25,2.25,4,3.25,4,1.75,2.5,4.75,4.75,4.25,5,3.25,3.75,4,2.75,,,male,1,2,none,,0,1770286025465,0,420,0-NNMYT,1770287288821,True,,city,,secondary,,,0,24.049,1770286942016,trial_30,9648224L.png,44.png,9648224L.png,1770286917967,0-NNMYT
16,0.6423,0,False,3.08,4.33,4.25,2.17,4,1770285836705,6,2026-02-05T09:58:52.395000+00:00,phase1_completed,none,3.25,2.25,4,3.25,4,1.75,2.5,4.75,4.75,4.25,5,3.25,3.75,4,2.75,,,male,0,0,none,,0,1770286025465,0,420,0-NNMYT,1770287288821,True,,city,,secondary,,,0,5.168,1770286947568,trial_31,9143031L.png,4.png,9143031L.png,1770286942400,0-NNMYT
16,0.8842,1,False,3.08,4.33,4.25,2.17,4,1770285836705,5,2026-02-05T09:58:52.395000+00:00,phase1_completed,none,3.25,2.25,4,3.25,4,1.75,2.5,4.75,4.75,4.25,5,3.25,3.75,4,2.75,,,male,1,2,none,,0,1770286025465,0,420,0-NNMYT,1770287288821,True,,city,,secondary,,,0,9.369,1770286957248,trial_32,9304828L.png,46.png,9304828L.png,1770286947879,0-NNMYT
16,0.5639,0,False,3.08,4.33,4.25,2.17,4,1770285836705,7,2026-02-05T09:58:52.395000+00:00,phase1_completed,none,3.25,2.25,4,3.25,4,1.75,2.5,4.75,4.75,4.25,5,3.25,3.75,4,2.75,,,male,0,0,none,,0,1770286025465,0,420,0-NNMYT,1770287288821,True,,city,,secondary,,,0,5.117,1770286962688,trial_33,9100699L.png,48.png,9100699L.png,1770286957571,0-NNMYT
16,0.5532,0,False,3.08,4.33,4.25,2.17,4,1770285836705,6,2026-02-05T09:58:52.395000+00:00,phase1_completed,none,3.25,2.25,4,3.25,4,1.75,2.5,4.75,4.75,4.25,5,3.25,3.75,4,2.75,,,male,0,0,none,,0,1770286025465,0,420,0-NNMYT,1770287288821,True,,city,,secondary,,,0,5.992,1770286969009,trial_34,9043461L.png,34.png,9043461L.png,1770286963017,0-NNMYT
16,0.9124,0,False,3.08,4.33,4.25,2.17,4,1770285836705,6,2026-02-05T09:58:52.395000+00:00,phase1_completed,none,3.25,2.25,4,3.25,4,1.75,2.5,4.75,4.75,4.25,5,3.25,3.75,4,2.75,,,male,0,0,none,,0,1770286025465,0,420,0-NNMYT,1770287288821,True,,city,,secondary,,,0,5.802,1770286975512,trial_35,9717450L.png,40.png,9717450L.png,1770286969710,0-NNMYT
16,0.9843,1,False,3.08,4.33,4.25,2.17,4,1770285836705,5,2026-02-05T09:58:52.395000+00:00,phase1_completed,none,3.25,2.25,4,3.25,4,1.75,2.5,4.75,4.75,4.25,5,3.25,3.75,4,2.75,,,male,1,2,none,,1,1770286025465,0,420,0-NNMYT,1770287288821,True,,city,,secondary,,,0,8.494,1770286984336,trial_36,9322109R.png,14.png,9322109R.png,1770286975842,0-NNMYT
16,0.7533,0,False,3.08,4.33,4.25,2.17,4,1770285836705,6,2026-02-05T09:58:52.395000+00:00,phase1_completed,none,3.25,2.25,4,3.25,4,1.75,2.5,4.75,4.75,4.25,5,3.25,3.75,4,2.75,,,male,0,0,none,,0,1770286025465,0,420,0-NNMYT,1770287288821,True,,city,,secondary,,,0,5.256,1770286989920,trial_37,9166468R.png,18.png,9166468R.png,1770286984664,0-NNMYT
16,0.5533,0,False,3.08,4.33,4.25,2.17,4,1770285836705,5,2026-02-05T09:58:52.395000+00:00,phase1_completed,none,3.25,2.25,4,3.25,4,1.75,2.5,4.75,4.75,4.25,5,3.25,3.75,4,2.75,,,male,0,0,none,,1,1770286025465,0,420,0-NNMYT,1770287288821,True,,city,,secondary,,,0,6.264,1770286996558,trial_38,9261557L.png,23.png,9261557L.png,1770286990294,0-NNMYT
16,0.9948,1,False,3.08,4.33,4.25,2.17,4,1770285836705,7,2026-02-05T09:58:52.395000+00:00,phase1_completed,none,3.25,2.25,4,3.25,4,1.75,2.5,4.75,4.75,4.25,5,3.25,3.75,4,2.75,,,male,1,3,none,,1,1770286025465,0,420,0-NNMYT,1770287288821,True,,city,,secondary,,,0,3.765,1770287000638,trial_39,9113018R.png,2.png,9113018R.png,1770286996873,0-NNMYT
16,0.8517,0,False,3.08,4.33,4.25,2.17,4,1770285836705,5,2026-02-05T09:58:52.395000+00:00,phase1_completed,none,3.25,2.25,4,3.25,4,1.75,2.5,4.75,4.75,4.25,5,3.25,3.75,4,2.75,,,male,0,0,none,,0,1770286025465,0,420,0-NNMYT,1770287288821,True,,city,,secondary,,,0,98.176,1770286365572,trial_4,9810475L.png,13.png,9810475L.png,1770286267396,0-NNMYT
16,0.8107,0,False,3.08,4.33,4.25,2.17,4,1770285836705,7,2026-02-05T09:58:52.395000+00:00,phase1_completed,none,3.25,2.25,4,3.25,4,1.75,2.5,4.75,4.75,4.25,5,3.25,3.75,4,2.75,,,male,0,0,none,,1,1770286025465,0,420,0-NNMYT,1770287288821,True,,city,,secondary,,,0,2.362,1770287003334,trial_40,9870268R.png,26.png,9870268R.png,1770287000972,0-NNMYT
16,0.1582,0,False,3.08,4.33,4.25,2.17,4,1770285836705,5,2026-02-05T09:58:52.395000+00:00,phase1_completed,none,3.25,2.25,4,3.25,4,1.75,2.5,4.75,4.75,4.25,5,3.25,3.75,4,2.75,,,male,1,2,none,,1,1770286025465,0,420,0-NNMYT,1770287288821,True,,city,,secondary,,,0,26.414,1770287030118,trial_41,9466142R.png,5.png,9466142R.png,1770287003704,0-NNMYT
16,0.1918,0,False,3.08,4.33,4.25,2.17,4,1770285836705,5,2026-02-05T09:58:52.395000+00:00,phase1_completed,none,3.25,2.25,4,3.25,4,1.75,2.5,4.75,4.75,4.25,5,3.25,3.75,4,2.75,,,male,1,2,none,,0,1770286025465,0,420,0-NNMYT,1770287288821,True,,city,,secondary,,,0,6.036,1770287036486,trial_42,9788301L.png,33.png,9788301L.png,1770287030450,0-NNMYT
16,0.7641,0,False,3.08,4.33,4.25,2.17,4,1770285836705,7,2026-02-05T09:58:52.395000+00:00,phase1_completed,none,3.25,2.25,4,3.25,4,1.75,2.5,4.75,4.75,4.25,5,3.25,3.75,4,2.75,,,male,0,0,none,,0,1770286025465,0,420,0-NNMYT,1770287288821,True,,city,,secondary,,,0,3.09,1770287039935,trial_43,9667180L.png,35.png,9667180L.png,1770287036845,0-NNMYT
16,0.329,0,False,3.08,4.33,4.25,2.17,4,1770285836705,5,2026-02-05T09:58:52.395000+00:00,phase1_completed,none,3.25,2.25,4,3.25,4,1.75,2.5,4.75,4.75,4.25,5,3.25,3.75,4,2.75,,,male,0,0,none,,0,1770286025465,0,420,0-NNMYT,1770287288821,True,,city,,secondary,,,0,131.866,1770287172178,trial_44,9043461R.png,9.png,9043461R.png,1770287040312,0-NNMYT
16,0.6057,0,False,3.08,4.33,4.25,2.17,4,1770285836705,4,2026-02-05T09:58:52.395000+00:00,phase1_completed,none,3.25,2.25,4,3.25,4,1.75,2.5,4.75,4.75,4.25,5,3.25,3.75,4,2.75,,,male,1,2,none,,1,1770286025465,0,420,0-NNMYT,1770287288821,True,,city,,secondary,,,0,4.278,1770287177210,trial_45,9606955R.png,11.png,9606955R.png,1770287172932,0-NNMYT
16,0.2252,0,False,3.08,4.33,4.25,2.17,4,1770285836705,5,2026-02-05T09:58:52.395000+00:00,phase1_completed,none,3.25,2.25,4,3.25,4,1.75,2.5,4.75,4.75,4.25,5,3.25,3.75,4,2.75,,,male,0,0,none,,0,1770286025465,0,420,0-NNMYT,1770287288821,True,,city,,secondary,,,0,6.519,1770287184090,trial_46,9097360L.png,1.png,9097360L.png,1770287177571,0-NNMYT
16,0.0818,1,False,3.08,4.33,4.25,2.17,4,1770285836705,5,2026-02-05T09:58:52.395000+00:00,phase1_completed,none,3.25,2.25,4,3.25,4,1.75,2.5,4.75,4.75,4.25,5,3.25,3.75,4,2.75,,,male,0,0,none,,1,1770286025465,0,420,0-NNMYT,1770287288821,True,,city,,secondary,,,0,5.999,1770287190458,trial_47,9397988L.png,42.png,9397988L.png,1770287184459,0-NNMYT
16,0.8986,1,False,3.08,4.33,4.25,2.17,4,1770285836705,6,2026-02-05T09:58:52.395000+00:00,phase1_completed,none,3.25,2.25,4,3.25,4,1.75,2.5,4.75,4.75,4.25,5,3.25,3.75,4,2.75,,,male,1,3,none,,1,1770286025465,0,420,0-NNMYT,1770287288821,True,,city,,secondary,,,0,3.602,1770287194474,trial_48,9683886R.png,22.png,9683886R.png,1770287190872,0-NNMYT
16,0.5823,0,False,3.08,4.33,4.25,2.17,4,1770285836705,6,2026-02-05T09:58:52.395000+00:00,phase1_completed,none,3.25,2.25,4,3.25,4,1.75,2.5,4.75,4.75,4.25,5,3.25,3.75,4,2.75,,,male,1,2,none,,1,1770286025465,0,420,0-NNMYT,1770287288821,True,,city,,secondary,,,0,6.154,1770287200984,trial_49,9008884R.png,20.png,9008884R.png,1770287194830,0-NNMYT
16,0.0923,0,False,3.08,4.33,4.25,2.17,4,1770285836705,5,2026-02-05T09:58:52.395000+00:00,phase1_completed,none,3.25,2.25,4,3.25,4,1.75,2.5,4.75,4.75,4.25,5,3.25,3.75,4,2.75,,,male,1,3,none,,0,1770286025465,0,420,0-NNMYT,1770287288821,True,,city,,secondary,,,0,71.278,1770286437578,trial_5,9305336L.png,12.png,9305336L.png,1770286366300,0-NNMYT
16,0.5749,1,False,3.08,4.33,4.25,2.17,4,1770285836705,5,2026-02-05T09:58:52.395000+00:00,phase1_completed,none,3.25,2.25,4,3.25,4,1.75,2.5,4.75,4.75,4.25,5,3.25,3.75,4,2.75,,,male,1,2,none,,0,1770286025465,0,420,0-NNMYT,1770287288821,True,,city,,secondary,,,0,86.969,1770287288311,trial_50,9797850R.png,32.png,9797850R.png,1770287201342,0-NNMYT
16,0.8646,0,False,3.08,4.33,4.25,2.17,4,1770285836705,4,2026-02-05T09:58:52.395000+00:00,phase1_completed,none,3.25,2.25,4,3.25,4,1.75,2.5,4.75,4.75,4.25,5,3.25,3.75,4,2.75,,,male,0,0,none,,0,1770286025465,0,420,0-NNMYT,1770287288821,True,,city,,secondary,,,0,127.457,1770286565893,trial_6,9719890R.png,25.png,9719890R.png,1770286438436,0-NNMYT
16,0.5825,0,False,3.08,4.33,4.25,2.17,4,1770285836705,7,2026-02-05T09:58:52.395000+00:00,phase1_completed,none,3.25,2.25,4,3.25,4,1.75,2.5,4.75,4.75,4.25,5,3.25,3.75,4,2.75,,,male,1,2,none,,1,1770286025465,0,420,0-NNMYT,1770287288821,True,,city,,secondary,,,0,15.749,1770286582339,trial_7,9626432R.png,15.png,9626432R.png,1770286566590,0-NNMYT
16,0.9867,1,False,3.08,4.33,4.25,2.17,4,1770285836705,7,2026-02-05T09:58:52.395000+00:00,phase1_completed,none,3.25,2.25,4,3.25,4,1.75,2.5,4.75,4.75,4.25,5,3.25,3.75,4,2.75,,,male,1,3,none,,1,1770286025465,0,420,0-NNMYT,1770287288821,True,,city,,secondary,,,0,4.414,1770286587067,trial_8,9267247L.png,38.png,9267247L.png,1770286582653,0-NNMYT
16,0.9625,1,False,3.08,4.33,4.25,2.17,4,1770285836705,7,2026-02-05T09:58:52.395000+00:00,phase1_completed,none,3.25,2.25,4,3.25,4,1.75,2.5,4.75,4.75,4.25,5,3.25,3.75,4,2.75,,,male,1,3,none,,1,1770286025465,0,420,0-NNMYT,1770287288821,True,,city,,secondary,,,0,3.57,1770286590948,trial_9,9037494R.png,31.png,9037494R.png,1770286587378,0-NNMYT
17,0.8709,1,False,4.08,3.17,2.25,3.92,3.33,1770285763555,6,2026-02-05T09:58:27.941000+00:00,phase1_completed,none,3,4.5,2.25,4.75,3,4.5,2.75,2.25,4,3.5,1.75,4.5,4.25,2.25,3,,,female,1,2,none,,0,1770285983042,0,392,0-W3VKA,1770286525314,True,,village,,secondary,,,0,10.551,1770286164385,trial_1,9354156R.png,6.png,9354156R.png,1770286153834,0-W3VKA
17,0.8986,1,False,4.08,3.17,2.25,3.92,3.33,1770285763555,6,2026-02-05T09:58:27.941000+00:00,phase1_completed,none,3,4.5,2.25,4.75,3,4.5,2.75,2.25,4,3.5,1.75,4.5,4.25,2.25,3,,,female,1,3,none,,1,1770285983042,0,392,0-W3VKA,1770286525314,True,,village,,secondary,,,0,4.66,1770286233128,trial_10,9683886R.png,22.png,9683886R.png,1770286228468,0-W3VKA
17,0.916,1,False,4.08,3.17,2.25,3.92,3.33,1770285763555,5,2026-02-05T09:58:27.941000+00:00,phase1_completed,none,3,4.5,2.25,4.75,3,4.5,2.75,2.25,4,3.5,1.75,4.5,4.25,2.25,3,,,female,1,2,none,,0,1770285983042,0,392,0-W3VKA,1770286525314,True,,village,,secondary,,,0,5.16,1770286238688,trial_11,9862321L.png,17.png,9862321L.png,1770286233528,0-W3VKA
17,0.401,0,False,4.08,3.17,2.25,3.92,3.33,1770285763555,4,2026-02-05T09:58:27.941000+00:00,phase1_completed,none,3,4.5,2.25,4.75,3,4.5,2.75,2.25,4,3.5,1.75,4.5,4.25,2.25,3,,,female,0,0,none,,0,1770285983042,0,392,0-W3VKA,1770286525314,True,,village,,secondary,,,0,12.682,1770286251720,trial_12,9035779L.png,45.png,9035779L.png,1770286239038,0-W3VKA
17,0.6514,1,False,4.08,3.17,2.25,3.92,3.33,1770285763555,5,2026-02-05T09:58:27.941000+00:00,phase1_completed,none,3,4.5,2.25,4.75,3,4.5,2.75,2.25,4,3.5,1.75,4.5,4.25,2.25,3,,,female,1,2,none,,0,1770285983042,0,392,0-W3VKA,1770286525314,True,,village,,secondary,,,0,7.706,1770286259776,trial_13,9448315L.png,28.png,9448315L.png,1770286252070,0-W3VKA
17,0.8137,0,False,4.08,3.17,2.25,3.92,3.33,1770285763555,5,2026-02-05T09:58:27.941000+00:00,phase1_completed,none,3,4.5,2.25,4.75,3,4.5,2.75,2.25,4,3.5,1.75,4.5,4.25,2.25,3,,,female,1,3,none,,0,1770285983042,0,392,0-W3VKA,1770286525314,True,,village,,secondary,,,0,5.914,1770286266112,trial_14,9046206L.png,29.png,9046206L.png,1770286260198,0-W3VKA
17,0.5639,0,False,4.08,3.17,2.25,3.92,3.33,1770285763555,5,2026-02-05T09:58:27.941000+00:00,phase1_completed,none,3,4.5,2.25,4.75,3,4.5,2.75,2.25,4,3.5,1.75,4.5,4.25,2.25,3,,,female,0,0,none,,0,1770285983042,0,392,0-W3VKA,1770286525314,True,,village,,secondary,,,0,7.792,1770286274240,trial_15,9100699L.png,48.png,9100699L.png,1770286266448,0-W3VKA
17,0.8162,0,False,4.08,3.17,2.25,3.92,3.33,1770285763555,5,2026-02-05T09:58:27.941000+00:00,phase1_completed,none,3,4.5,2.25,4.75,3,4.5,2.75,2.25,4,3.5,1.75,4.5,4.25,2.25,3,,,female,0,0,none,,1,1770285983042,0,392,0-W3VKA,1770286525314,True,,village,,secondary,,,0,6.03,1770286280832,trial_16,9253225L.png,21.png,9253225L.png,1770286274802,0-W3VKA
17,0.5823,0,False,4.08,3.17,2.25,3.92,3.33,1770285763555,3,2026-02-05T09:58:27.941000+00:00,phase1_completed,none,3,4.5,2.25,4.75,3,4.5,2.75,2.25,4,3.5,1.75,4.5,4.25,2.25,3,,,female,1,2,none,,0,1770285983042,0,392,0-W3VKA,1770286525314,True,,village,,secondary,,,0,8.961,1770286290136,trial_17,9008884R.png,20.png,9008884R.png,1770286281175,0-W3VKA
17,0.9095,1,False,4.08,3.17,2.25,3.92,3.33,1770285763555,5,2026-02-05T09:58:27.941000+00:00,phase1_completed,none,3,4.5,2.25,4.75,3,4.5,2.75,2.25,4,3.5,1.75,4.5,4.25,2.25,3,,,female,1,2,none,,0,1770285983042,0,392,0-W3VKA,1770286525314,True,,village,,secondary,,,0,4.971,1770286295424,trial_18,9534110L.png,49.png,9534110L.png,1770286290453,0-W3VKA
17,0.9329,1,False,4.08,3.17,2.25,3.92,3.33,1770285763555,5,2026-02-05T09:58:27.941000+00:00,phase1_completed,none,3,4.5,2.25,4.75,3,4.5,2.75,2.25,4,3.5,1.75,4.5,4.25,2.25,3,,,female,1,3,none,,1,1770285983042,0,392,0-W3VKA,1770286525314,True,,village,,secondary,,,0,4.886,1770286300864,trial_19,9075939L.png,16.png,9075939L.png,1770286295978,0-W3VKA
17,0.8842,1,False,4.08,3.17,2.25,3.92,3.33,1770285763555,4,2026-02-05T09:58:27.941000+00:00,phase1_completed,none,3,4.5,2.25,4.75,3,4.5,2.75,2.25,4,3.5,1.75,4.5,4.25,2.25,3,,,female,1,2,none,,1,1770285983042,0,392,0-W3VKA,1770286525314,True,,village,,secondary,,,0,17.354,1770286182072,trial_2,9304828L.png,46.png,9304828L.png,1770286164718,0-W3VKA
17,0.5424,1,False,4.08,3.17,2.25,3.92,3.33,1770285763555,5,2026-02-05T09:58:27.941000+00:00,phase1_completed,none,3,4.5,2.25,4.75,3,4.5,2.75,2.25,4,3.5,1.75,4.5,4.25,2.25,3,,,female,1,2,none,,1,1770285983042,0,392,0-W3VKA,1770286525314,True,,village,,secondary,,,0,5.8,1770286307000,trial_20,9648224L.png,44.png,9648224L.png,1770286301200,0-W3VKA
17,0.0923,0,False,4.08,3.17,2.25,3.92,3.33,1770285763555,3,2026-02-05T09:58:27.941000+00:00,phase1_completed,none,3,4.5,2.25,4.75,3,4.5,2.75,2.25,4,3.5,1.75,4.5,4.25,2.25,3,,,female,1,3,none,,1,1770285983042,0,392,0-W3VKA,1770286525314,True,,village,,secondary,,,0,6.079,1770286313504,trial_21,9305336L.png,12.png,9305336L.png,1770286307425,0-W3VKA
17,0.2577,1,False,4.08,3.17,2.25,3.92,3.33,1770285763555,5,2026-02-05T09:58:27.941000+00:00,phase1_completed,none,3,4.5,2.25,4.75,3,4.5,2.75,2.25,4,3.5,1.75,4.5,4.25,2.25,3,,,female,0,0,none,,0,1770285983042,0,392,0-W3VKA,1770286525314,True,,village,,secondary,,,0,4.732,1770286318600,trial_22,9827858L.png,8.png,9827858L.png,1770286313868,0-W3VKA
17,0.3014,1,False,4.08,3.17,2.25,3.92,3.33,1770285763555,5,2026-02-05T09:58:27.941000+00:00,phase1_completed,none,3,4.5,2.25,4.75,3,4.5,2.75,2.25,4,3.5,1.75,4.5,4.25,2.25,3,,,female,0,0,none,,0,1770285983042,0,392,0-W3VKA,1770286525314,True,,village,,secondary,,,0,10.47,1770286329416,trial_23,9299531R.png,36.png,9299531R.png,1770286318946,0-W3VKA
17,0.3771,0,False,4.08,3.17,2.25,3.92,3.33,1770285763555,3,2026-02-05T09:58:27.941000+00:00,phase1_completed,none,3,4.5,2.25,4.75,3,4.5,2.75,2.25,4,3.5,1.75,4.5,4.25,2.25,3,,,female,0,0,none,,0,1770285983042,0,392,0-W3VKA,1770286525314,True,,village,,secondary,,,0,11.554,1770286341344,trial_24,9872350R.png,30.png,9872350R.png,1770286329790,0-W3VKA
17,0.0496,1,False,4.08,3.17,2.25,3.92,3.33,1770285763555,4,2026-02-05T09:58:27.941000+00:00,phase1_completed,none,3,4.5,2.25,4.75,3,4.5,2.75,2.25,4,3.5,1.75,4.5,4.25,2.25,3,,,female,0,0,none,,0,1770285983042,0,392,0-W3VKA,1770286525314,True,,village,,secondary,,,0,6.722,1770286348432,trial_25,9023935L.png,41.png,9023935L.png,1770286341710,0-W3VKA
17,0.4814,0,False,4.08,3.17,2.25,3.92,3.33,1770285763555,3,2026-02-05T09:58:27.941000+00:00,phase1_completed,none,3,4.5,2.25,4.75,3,4.5,2.75,2.25,4,3.5,1.75,4.5,4.25,2.25,3,,,female,0,0,none,,0,1770285983042,0,392,0-W3VKA,1770286525314,True,,village,,secondary,,,0,12.736,1770286361496,trial_26,9645608L.png,43.png,9645608L.png,1770286348760,0-W3VKA
17,0.329,0,False,4.08,3.17,2.25,3.92,3.33,1770285763555,4,2026-02-05T09:58:27.941000+00:00,phase1_completed,none,3,4.5,2.25,4.75,3,4.5,2.75,2.25,4,3.5,1.75,4.5,4.25,2.25,3,,,female,0,0,none,,1,1770285983042,0,392,0-W3VKA,1770286525314,True,,village,,secondary,,,0,4.163,1770286365984,trial_27,9043461R.png,9.png,9043461R.png,1770286361821,0-W3VKA
17,0.8846,0,False,4.08,3.17,2.25,3.92,3.33,1770285763555,5,2026-02-05T09:58:27.941000+00:00,phase1_completed,none,3,4.5,2.25,4.75,3,4.5,2.75,2.25,4,3.5,1.75,4.5,4.25,2.25,3,,,female,1,2,none,,0,1770285983042,0,392,0-W3VKA,1770286525314,True,,village,,secondary,,,0,4.883,1770286371232,trial_28,9998089R.png,24.png,9998089R.png,1770286366349,0-W3VKA
17,0.5533,0,False,4.08,3.17,2.25,3.92,3.33,1770285763555,3,2026-02-05T09:58:27.941000+00:00,phase1_completed,none,3,4.5,2.25,4.75,3,4.5,2.75,2.25,4,3.5,1.75,4.5,4.25,2.25,3,,,female,0,0,none,,1,1770285983042,0,392,0-W3VKA,1770286525314,True,,village,,secondary,,,0,6.368,1770286377935,trial_29,9261557L.png,23.png,9261557L.png,1770286371567,0-W3VKA
17,0.584,0,False,4.08,3.17,2.25,3.92,3.33,1770285763555,7,2026-02-05T09:58:27.941000+00:00,phase1_completed,none,3,4.5,2.25,4.75,3,4.5,2.75,2.25,4,3.5,1.75,4.5,4.25,2.25,3,,,female,0,0,none,,0,1770285983042,0,392,0-W3VKA,1770286525314,True,,village,,secondary,,,0,6.54,1770286188961,trial_3,9598675R.png,27.png,9598675R.png,1770286182421,0-W3VKA
17,0.79,1,False,4.08,3.17,2.25,3.92,3.33,1770285763555,5,2026-02-05T09:58:27.941000+00:00,phase1_completed,none,3,4.5,2.25,4.75,3,4.5,2.75,2.25,4,3.5,1.75,4.5,4.25,2.25,3,,,female,1,2,none,,0,1770285983042,0,392,0-W3VKA,1770286525314,True,,village,,secondary,,,0,5.445,1770286383728,trial_30,9142551R.png,37.png,9142551R.png,1770286378283,0-W3VKA
17,0.8517,0,False,4.08,3.17,2.25,3.92,3.33,1770285763555,4,2026-02-05T09:58:27.941000+00:00,phase1_completed,none,3,4.5,2.25,4.75,3,4.5,2.75,2.25,4,3.5,1.75,4.5,4.25,2.25,3,,,female,0,0,none,,0,1770285983042,0,392,0-W3VKA,1770286525314,True,,village,,secondary,,,0,6.772,1770286390856,trial_31,9810475L.png,13.png,9810475L.png,1770286384084,0-W3VKA
17,0.4633,1,False,4.08,3.17,2.25,3.92,3.33,1770285763555,5,2026-02-05T09:58:27.941000+00:00,phase1_completed,none,3,4.5,2.25,4.75,3,4.5,2.75,2.25,4,3.5,1.75,4.5,4.25,2.25,3,,,female,0,0,none,,0,1770285983042,0,392,0-W3VKA,1770286525314,True,,village,,secondary,,,0,7.488,1770286398688,trial_32,9140556L.png,7.png,9140556L.png,1770286391200,0-W3VKA
17,0.2252,0,False,4.08,3.17,2.25,3.92,3.33,1770285763555,3,2026-02-05T09:58:27.941000+00:00,phase1_completed,none,3,4.5,2.25,4.75,3,4.5,2.75,2.25,4,3.5,1.75,4.5,4.25,2.25,3,,,female,0,0,none,,0,1770285983042,0,392,0-W3VKA,1770286525314,True,,village,,secondary,,,0,9.21,1770286408231,trial_33,9097360L.png,1.png,9097360L.png,1770286399021,0-W3VKA
17,0.6057,0,False,4.08,3.17,2.25,3.92,3.33,1770285763555,5,2026-02-05T09:58:27.941000+00:00,phase1_completed,none,3,4.5,2.25,4.75,3,4.5,2.75,2.25,4,3.5,1.75,4.5,4.25,2.25,3,,,female,1,2,none,,1,1770285983042,0,392,0-W3VKA,1770286525314,True,,village,,secondary,,,0,3.389,1770286411935,trial_34,9606955R.png,11.png,9606955R.png,1770286408546,0-W3VKA
17,0.9843,1,False,4.08,3.17,2.25,3.92,3.33,1770285763555,4,2026-02-05T09:58:27.941000+00:00,phase1_completed,none,3,4.5,2.25,4.75,3,4.5,2.75,2.25,4,3.5,1.75,4.5,4.25,2.25,3,,,female,1,2,none,,1,1770285983042,0,392,0-W3VKA,1770286525314,True,,village,,secondary,,,0,15.241,1770286427519,trial_35,9322109R.png,14.png,9322109R.png,1770286412278,0-W3VKA
17,0.9124,0,False,4.08,3.17,2.25,3.92,3.33,1770285763555,5,2026-02-05T09:58:27.941000+00:00,phase1_completed,none,3,4.5,2.25,4.75,3,4.5,2.75,2.25,4,3.5,1.75,4.5,4.25,2.25,3,,,female,0,0,none,,0,1770285983042,0,392,0-W3VKA,1770286525314,True,,village,,secondary,,,0,7.56,1770286435455,trial_36,9717450L.png,40.png,9717450L.png,1770286427895,0-W3VKA
17,0.6423,0,False,4.08,3.17,2.25,3.92,3.33,1770285763555,5,2026-02-05T09:58:27.941000+00:00,phase1_completed,none,3,4.5,2.25,4.75,3,4.5,2.75,2.25,4,3.5,1.75,4.5,4.25,2.25,3,,,female,0,0,none,,1,1770285983042,0,392,0-W3VKA,1770286525314,True,,village,,secondary,,,0,7.336,1770286443111,trial_37,9143031L.png,4.png,9143031L.png,1770286435775,0-W3VKA
17,0.0818,1,False,4.08,3.17,2.25,3.92,3.33,1770285763555,4,2026-02-05T09:58:27.941000+00:00,phase1_completed,none,3,4.5,2.25,4.75,3,4.5,2.75,2.25,4,3.5,1.75,4.5,4.25,2.25,3,,,female,0,0,none,,1,1770285983042,0,392,0-W3VKA,1770286525314,True,,village,,secondary,,,0,8.978,1770286452423,trial_38,9397988L.png,42.png,9397988L.png,1770286443445,0-W3VKA
17,0.7641,0,False,4.08,3.17,2.25,3.92,3.33,1770285763555,5,2026-02-05T09:58:27.941000+00:00,phase1_completed,none,3,4.5,2.25,4.75,3,4.5,2.75,2.25,4,3.5,1.75,4.5,4.25,2.25,3,,,female,0,0,none,,0,1770285983042,0,392,0-W3VKA,1770286525314,True,,village,,secondary,,,0,5.283,1770286458048,trial_39,9667180L.png,35.png,9667180L.png,1770286452765,0-W3VKA
17,0.4903,1,False,4.08,3.17,2.25,3.92,3.33,1770285763555,6,2026-02-05T09:58:27.941000+00:00,phase1_completed,none,3,4.5,2.25,4.75,3,4.5,2.75,2.25,4,3.5,1.75,4.5,4.25,2.25,3,,,female,1,4,none,,1,1770285983042,0,392,0-W3VKA,1770286525314,True,,village,,secondary,,,0,2.843,1770286192161,trial_4,9311154L.png,39.png,9311154L.png,1770286189318,0-W3VKA
17,0.5749,1,False,4.08,3.17,2.25,3.92,3.33,1770285763555,5,2026-02-05T09:58:27.941000+00:00,phase1_completed,none,3,4.5,2.25,4.75,3,4.5,2.75,2.25,4,3.5,1.75,4.5,4.25,2.25,3,,,female,1,2,none,,1,1770285983042,0,392,0-W3VKA,1770286525314,True,,village,,secondary,,,0,4.846,1770286463224,trial_40,9797850R.png,32.png,9797850R.png,1770286458378,0-W3VKA
17,0.1918,0,False,4.08,3.17,2.25,3.92,3.33,1770285763555,3,2026-02-05T09:58:27.941000+00:00,phase1_completed,none,3,4.5,2.25,4.75,3,4.5,2.75,2.25,4,3.5,1.75,4.5,4.25,2.25,3,,,female,1,2,none,,0,1770285983042,0,392,0-W3VKA,1770286525314,True,,village,,secondary,,,0,15.291,1770286478879,trial_41,9788301L.png,33.png,9788301L.png,1770286463588,0-W3VKA
17,0.0426,1,False,4.08,3.17,2.25,3.92,3.33,1770285763555,3,2026-02-05T09:58:27.941000+00:00,phase1_completed,none,3,4.5,2.25,4.75,3,4.5,2.75,2.25,4,3.5,1.75,4.5,4.25,2.25,3,,,female,0,0,none,,1,1770285983042,0,392,0-W3VKA,1770286525314,True,,village,,secondary,,,0,4.625,1770286483815,trial_42,9360243L.png,50.png,9360243L.png,1770286479190,0-W3VKA
17,0.8107,0,False,4.08,3.17,2.25,3.92,3.33,1770285763555,5,2026-02-05T09:58:27.941000+00:00,phase1_completed,none,3,4.5,2.25,4.75,3,4.5,2.75,2.25,4,3.5,1.75,4.5,4.25,2.25,3,,,female,0,0,none,,1,1770285983042,0,392,0-W3VKA,1770286525314,True,,village,,secondary,,,0,8.85,1770286493031,trial_43,9870268R.png,26.png,9870268R.png,1770286484181,0-W3VKA
17,0.9625,1,False,4.08,3.17,2.25,3.92,3.33,1770285763555,5,2026-02-05T09:58:27.941000+00:00,phase1_completed,none,3,4.5,2.25,4.75,3,4.5,2.75,2.25,4,3.5,1.75,4.5,4.25,2.25,3,,,female,1,3,none,,1,1770285983042,0,392,0-W3VKA,1770286525314,True,,village,,secondary,,,0,3.049,1770286496407,trial_44,9037494R.png,31.png,9037494R.png,1770286493358,0-W3VKA
17,0.1582,0,False,4.08,3.17,2.25,3.92,3.33,1770285763555,5,2026-02-05T09:58:27.941000+00:00,phase1_completed,none,3,4.5,2.25,4.75,3,4.5,2.75,2.25,4,3.5,1.75,4.5,4.25,2.25,3,,,female,1,2,none,,1,1770285983042,0,392,0-W3VKA,1770286525314,True,,village,,secondary,,,0,5.376,1770286502103,trial_45,9466142R.png,5.png,9466142R.png,1770286496727,0-W3VKA
17,0.0389,1,False,4.08,3.17,2.25,3.92,3.33,1770285763555,3,2026-02-05T09:58:27.941000+00:00,phase1_completed,none,3,4.5,2.25,4.75,3,4.5,2.75,2.25,4,3.5,1.75,4.5,4.25,2.25,3,,,female,0,0,none,,0,1770285983042,0,392,0-W3VKA,1770286525314,True,,village,,secondary,,,0,6.008,1770286508463,trial_46,9911788L.png,10.png,9911788L.png,1770286502455,0-W3VKA
17,0.9974,1,False,4.08,3.17,2.25,3.92,3.33,1770285763555,7,2026-02-05T09:58:27.941000+00:00,phase1_completed,none,3,4.5,2.25,4.75,3,4.5,2.75,2.25,4,3.5,1.75,4.5,4.25,2.25,3,,,female,1,3,none,,1,1770285983042,0,392,0-W3VKA,1770286525314,True,,village,,secondary,,,0,3.566,1770286512375,trial_47,9271965R.png,47.png,9271965R.png,1770286508809,0-W3VKA
17,0.9867,1,False,4.08,3.17,2.25,3.92,3.33,1770285763555,7,2026-02-05T09:58:27.941000+00:00,phase1_completed,none,3,4.5,2.25,4.75,3,4.5,2.75,2.25,4,3.5,1.75,4.5,4.25,2.25,3,,,female,1,3,none,,1,1770285983042,0,392,0-W3VKA,1770286525314,True,,village,,secondary,,,0,3.629,1770286516391,trial_48,9267247L.png,38.png,9267247L.png,1770286512762,0-W3VKA
17,0.7533,0,False,4.08,3.17,2.25,3.92,3.33,1770285763555,5,2026-02-05T09:58:27.941000+00:00,phase1_completed,none,3,4.5,2.25,4.75,3,4.5,2.75,2.25,4,3.5,1.75,4.5,4.25,2.25,3,,,female,0,0,none,,1,1770285983042,0,392,0-W3VKA,1770286525314,True,,village,,secondary,,,0,4.977,1770286521696,trial_49,9166468R.png,18.png,9166468R.png,1770286516719,0-W3VKA
17,0.5532,0,False,4.08,3.17,2.25,3.92,3.33,1770285763555,5,2026-02-05T09:58:27.941000+00:00,phase1_completed,none,3,4.5,2.25,4.75,3,4.5,2.75,2.25,4,3.5,1.75,4.5,4.25,2.25,3,,,female,0,0,none,,0,1770285983042,0,392,0-W3VKA,1770286525314,True,,village,,secondary,,,0,11.684,1770286204200,trial_5,9043461L.png,34.png,9043461L.png,1770286192516,0-W3VKA
17,0.5825,0,False,4.08,3.17,2.25,3.92,3.33,1770285763555,6,2026-02-05T09:58:27.941000+00:00,phase1_completed,none,3,4.5,2.25,4.75,3,4.5,2.75,2.25,4,3.5,1.75,4.5,4.25,2.25,3,,,female,1,2,none,,1,1770285983042,0,392,0-W3VKA,1770286525314,True,,village,,secondary,,,0,3.057,1770286525111,trial_50,9626432R.png,15.png,9626432R.png,1770286522054,0-W3VKA
17,0.9948,1,False,4.08,3.17,2.25,3.92,3.33,1770285763555,5,2026-02-05T09:58:27.941000+00:00,phase1_completed,none,3,4.5,2.25,4.75,3,4.5,2.75,2.25,4,3.5,1.75,4.5,4.25,2.25,3,,,female,1,3,none,,1,1770285983042,0,392,0-W3VKA,1770286525314,True,,village,,secondary,,,0,5.702,1770286210280,trial_6,9113018R.png,2.png,9113018R.png,1770286204578,0-W3VKA
17,0.645,0,False,4.08,3.17,2.25,3.92,3.33,1770285763555,5,2026-02-05T09:58:27.941000+00:00,phase1_completed,none,3,4.5,2.25,4.75,3,4.5,2.75,2.25,4,3.5,1.75,4.5,4.25,2.25,3,,,female,0,0,none,,0,1770285983042,0,392,0-W3VKA,1770286525314,True,,village,,secondary,,,0,6.65,1770286217288,trial_7,9480211R.png,3.png,9480211R.png,1770286210638,0-W3VKA
17,0.9663,1,False,4.08,3.17,2.25,3.92,3.33,1770285763555,7,2026-02-05T09:58:27.941000+00:00,phase1_completed,none,3,4.5,2.25,4.75,3,4.5,2.75,2.25,4,3.5,1.75,4.5,4.25,2.25,3,,,female,1,3,none,,1,1770285983042,0,392,0-W3VKA,1770286525314,True,,village,,secondary,,,0,4.168,1770286221808,trial_8,9056326L.png,19.png,9056326L.png,1770286217640,0-W3VKA
17,0.8646,0,False,4.08,3.17,2.25,3.92,3.33,1770285763555,5,2026-02-05T09:58:27.941000+00:00,phase1_completed,none,3,4.5,2.25,4.75,3,4.5,2.75,2.25,4,3.5,1.75,4.5,4.25,2.25,3,,,female,0,0,none,,1,1770285983042,0,392,0-W3VKA,1770286525314,True,,village,,secondary,,,0,5.923,1770286228080,trial_9,9719890R.png,25.png,9719890R.png,1770286222157,0-W3VKA
17,0.5639,0,False,3.67,3.58,4.08,4.42,4.83,1770285845932,4,2026-02-05T09:58:40.849000+00:00,phase1_completed,none,4.75,4.75,4,3.75,4.75,3.5,5,5,5,3.25,3.75,4,3.75,3.25,3.25,,,female,0,0,none,,1,1770285974818,0,483,0-WZBL4,1770286513864,True,,city,,secondary,,,0,22.442,1770286173642,trial_1,9100699L.png,48.png,9100699L.png,1770286151200,0-WZBL4
17,0.6057,0,False,3.67,3.58,4.08,4.42,4.83,1770285845932,7,2026-02-05T09:58:40.849000+00:00,phase1_completed,none,4.75,4.75,4,3.75,4.75,3.5,5,5,5,3.25,3.75,4,3.75,3.25,3.25,,,female,1,2,none,,1,1770285974818,0,483,0-WZBL4,1770286513864,True,,city,,secondary,,,0,4.007,1770286271322,trial_10,9606955R.png,11.png,9606955R.png,1770286267315,0-WZBL4
17,0.8846,0,False,3.67,3.58,4.08,4.42,4.83,1770285845932,5,2026-02-05T09:58:40.849000+00:00,phase1_completed,none,4.75,4.75,4,3.75,4.75,3.5,5,5,5,3.25,3.75,4,3.75,3.25,3.25,,,female,1,2,none,,1,1770285974818,0,483,0-WZBL4,1770286513864,True,,city,,secondary,,,0,8.966,1770286280674,trial_11,9998089R.png,24.png,9998089R.png,1770286271708,0-WZBL4
17,0.916,1,False,3.67,3.58,4.08,4.42,4.83,1770285845932,7,2026-02-05T09:58:40.849000+00:00,phase1_completed,none,4.75,4.75,4,3.75,4.75,3.5,5,5,5,3.25,3.75,4,3.75,3.25,3.25,,,female,1,2,none,,1,1770285974818,0,483,0-WZBL4,1770286513864,True,,city,,secondary,,,0,4.083,1770286285130,trial_12,9862321L.png,17.png,9862321L.png,1770286281047,0-WZBL4
17,0.9124,0,False,3.67,3.58,4.08,4.42,4.83,1770285845932,7,2026-02-05T09:58:40.849000+00:00,phase1_completed,none,4.75,4.75,4,3.75,4.75,3.5,5,5,5,3.25,3.75,4,3.75,3.25,3.25,,,female,0,0,none,,1,1770285974818,0,483,0-WZBL4,1770286513864,True,,city,,secondary,,,0,3.435,1770286288946,trial_13,9717450L.png,40.png,9717450L.png,1770286285511,0-WZBL4
17,0.0426,1,False,3.67,3.58,4.08,4.42,4.83,1770285845932,7,2026-02-05T09:58:40.849000+00:00,phase1_completed,none,4.75,4.75,4,3.75,4.75,3.5,5,5,5,3.25,3.75,4,3.75,3.25,3.25,,,female,0,0,none,,1,1770285974818,0,483,0-WZBL4,1770286513864,True,,city,,secondary,,,0,5.364,1770286294682,trial_14,9360243L.png,50.png,9360243L.png,1770286289318,0-WZBL4
17,0.6514,1,False,3.67,3.58,4.08,4.42,4.83,1770285845932,7,2026-02-05T09:58:40.849000+00:00,phase1_completed,none,4.75,4.75,4,3.75,4.75,3.5,5,5,5,3.25,3.75,4,3.75,3.25,3.25,,,female,1,2,none,,1,1770285974818,0,483,0-WZBL4,1770286513864,True,,city,,secondary,,,0,4.992,1770286300306,trial_15,9448315L.png,28.png,9448315L.png,1770286295314,0-WZBL4
17,0.8137,0,False,3.67,3.58,4.08,4.42,4.83,1770285845932,7,2026-02-05T09:58:40.849000+00:00,phase1_completed,none,4.75,4.75,4,3.75,4.75,3.5,5,5,5,3.25,3.75,4,3.75,3.25,3.25,,,female,1,3,none,,1,1770285974818,0,483,0-WZBL4,1770286513864,True,,city,,secondary,,,0,4.87,1770286305546,trial_16,9046206L.png,29.png,9046206L.png,1770286300676,0-WZBL4
17,0.8517,0,False,3.67,3.58,4.08,4.42,4.83,1770285845932,7,2026-02-05T09:58:40.849000+00:00,phase1_completed,none,4.75,4.75,4,3.75,4.75,3.5,5,5,5,3.25,3.75,4,3.75,3.25,3.25,,,female,0,0,none,,1,1770285974818,0,483,0-WZBL4,1770286513864,True,,city,,secondary,,,0,4.099,1770286310105,trial_17,9810475L.png,13.png,9810475L.png,1770286306006,0-WZBL4
17,0.5823,0,False,3.67,3.58,4.08,4.42,4.83,1770285845932,7,2026-02-05T09:58:40.849000+00:00,phase1_completed,none,4.75,4.75,4,3.75,4.75,3.5,5,5,5,3.25,3.75,4,3.75,3.25,3.25,,,female,1,2,none,,1,1770285974818,0,483,0-WZBL4,1770286513864,True,,city,,secondary,,,0,2.58,1770286313194,trial_18,9008884R.png,20.png,9008884R.png,1770286310614,0-WZBL4
17,0.8162,0,False,3.67,3.58,4.08,4.42,4.83,1770285845932,7,2026-02-05T09:58:40.849000+00:00,phase1_completed,none,4.75,4.75,4,3.75,4.75,3.5,5,5,5,3.25,3.75,4,3.75,3.25,3.25,,,female,0,0,none,,1,1770285974818,0,483,0-WZBL4,1770286513864,True,,city,,secondary,,,0,3.614,1770286317170,trial_19,9253225L.png,21.png,9253225L.png,1770286313556,0-WZBL4
17,0.1918,0,False,3.67,3.58,4.08,4.42,4.83,1770285845932,4,2026-02-05T09:58:40.849000+00:00,phase1_completed,none,4.75,4.75,4,3.75,4.75,3.5,5,5,5,3.25,3.75,4,3.75,3.25,3.25,,,female,1,2,none,,1,1770285974818,0,483,0-WZBL4,1770286513864,True,,city,,secondary,,,0,18.689,1770286192730,trial_2,9788301L.png,33.png,9788301L.png,1770286174041,0-WZBL4
17,0.329,0,False,3.67,3.58,4.08,4.42,4.83,1770285845932,7,2026-02-05T09:58:40.849000+00:00,phase1_completed,none,4.75,4.75,4,3.75,4.75,3.5,5,5,5,3.25,3.75,4,3.75,3.25,3.25,,,female,0,0,none,,1,1770285974818,0,483,0-WZBL4,1770286513864,True,,city,,secondary,,,0,2.639,1770286320178,trial_20,9043461R.png,9.png,9043461R.png,1770286317539,0-WZBL4
17,0.6423,0,False,3.67,3.58,4.08,4.42,4.83,1770285845932,7,2026-02-05T09:58:40.849000+00:00,phase1_completed,none,4.75,4.75,4,3.75,4.75,3.5,5,5,5,3.25,3.75,4,3.75,3.25,3.25,,,female,0,0,none,,1,1770285974818,0,483,0-WZBL4,1770286513864,True,,city,,secondary,,,0,2.471,1770286323026,trial_21,9143031L.png,4.png,9143031L.png,1770286320555,0-WZBL4
17,0.9948,1,False,3.67,3.58,4.08,4.42,4.83,1770285845932,7,2026-02-05T09:58:40.849000+00:00,phase1_completed,none,4.75,4.75,4,3.75,4.75,3.5,5,5,5,3.25,3.75,4,3.75,3.25,3.25,,,female,1,3,none,,1,1770285974818,0,483,0-WZBL4,1770286513864,True,,city,,secondary,,,0,4.758,1770286328162,trial_22,9113018R.png,2.png,9113018R.png,1770286323404,0-WZBL4
17,0.2577,1,False,3.67,3.58,4.08,4.42,4.83,1770285845932,7,2026-02-05T09:58:40.849000+00:00,phase1_completed,none,4.75,4.75,4,3.75,4.75,3.5,5,5,5,3.25,3.75,4,3.75,3.25,3.25,,,female,0,0,none,,1,1770285974818,0,483,0-WZBL4,1770286513864,True,,city,,secondary,,,0,5.549,1770286334122,trial_23,9827858L.png,8.png,9827858L.png,1770286328573,0-WZBL4
17,0.0389,1,False,3.67,3.58,4.08,4.42,4.83,1770285845932,7,2026-02-05T09:58:40.849000+00:00,phase1_completed,none,4.75,4.75,4,3.75,4.75,3.5,5,5,5,3.25,3.75,4,3.75,3.25,3.25,,,female,0,0,none,,1,1770285974818,0,483,0-WZBL4,1770286513864,True,,city,,secondary,,,0,4.598,1770286339098,trial_24,9911788L.png,10.png,9911788L.png,1770286334500,0-WZBL4
17,0.9974,1,False,3.67,3.58,4.08,4.42,4.83,1770285845932,7,2026-02-05T09:58:40.849000+00:00,phase1_completed,none,4.75,4.75,4,3.75,4.75,3.5,5,5,5,3.25,3.75,4,3.75,3.25,3.25,,,female,1,3,none,,1,1770285974818,0,483,0-WZBL4,1770286513864,True,,city,,secondary,,,0,4.549,1770286344058,trial_25,9271965R.png,47.png,9271965R.png,1770286339509,0-WZBL4
17,0.5532,0,False,3.67,3.58,4.08,4.42,4.83,1770285845932,7,2026-02-05T09:58:40.849000+00:00,phase1_completed,none,4.75,4.75,4,3.75,4.75,3.5,5,5,5,3.25,3.75,4,3.75,3.25,3.25,,,female,0,0,none,,1,1770285974818,0,483,0-WZBL4,1770286513864,True,,city,,secondary,,,0,3.403,1770286347810,trial_26,9043461L.png,34.png,9043461L.png,1770286344407,0-WZBL4
17,0.3771,0,False,3.67,3.58,4.08,4.42,4.83,1770285845932,5,2026-02-05T09:58:40.849000+00:00,phase1_completed,none,4.75,4.75,4,3.75,4.75,3.5,5,5,5,3.25,3.75,4,3.75,3.25,3.25,,,female,0,0,none,,0,1770285974818,0,483,0-WZBL4,1770286513864,True,,city,,secondary,,,0,8.793,1770286356962,trial_27,9872350R.png,30.png,9872350R.png,1770286348169,0-WZBL4
17,0.4633,1,False,3.67,3.58,4.08,4.42,4.83,1770285845932,7,2026-02-05T09:58:40.849000+00:00,phase1_completed,none,4.75,4.75,4,3.75,4.75,3.5,5,5,5,3.25,3.75,4,3.75,3.25,3.25,,,female,0,0,none,,1,1770285974818,0,483,0-WZBL4,1770286513864,True,,city,,secondary,,,0,3.152,1770286360474,trial_28,9140556L.png,7.png,9140556L.png,1770286357322,0-WZBL4
17,0.0496,1,False,3.67,3.58,4.08,4.42,4.83,1770285845932,5,2026-02-05T09:58:40.849000+00:00,phase1_completed,none,4.75,4.75,4,3.75,4.75,3.5,5,5,5,3.25,3.75,4,3.75,3.25,3.25,,,female,0,0,none,,1,1770285974818,0,483,0-WZBL4,1770286513864,True,,city,,secondary,,,0,9.344,1770286370194,trial_29,9023935L.png,41.png,9023935L.png,1770286360850,0-WZBL4
17,0.5424,1,False,3.67,3.58,4.08,4.42,4.83,1770285845932,5,2026-02-05T09:58:40.849000+00:00,phase1_completed,none,4.75,4.75,4,3.75,4.75,3.5,5,5,5,3.25,3.75,4,3.75,3.25,3.25,,,female,1,2,none,,1,1770285974818,0,483,0-WZBL4,1770286513864,True,,city,,secondary,,,0,11.437,1770286204546,trial_3,9648224L.png,44.png,9648224L.png,1770286193109,0-WZBL4
17,0.401,0,False,3.67,3.58,4.08,4.42,4.83,1770285845932,5,2026-02-05T09:58:40.849000+00:00,phase1_completed,none,4.75,4.75,4,3.75,4.75,3.5,5,5,5,3.25,3.75,4,3.75,3.25,3.25,,,female,0,0,none,,1,1770285974818,0,483,0-WZBL4,1770286513864,True,,city,,secondary,,,0,16.772,1770286387370,trial_30,9035779L.png,45.png,9035779L.png,1770286370598,0-WZBL4
17,0.9663,1,False,3.67,3.58,4.08,4.42,4.83,1770285845932,7,2026-02-05T09:58:40.849000+00:00,phase1_completed,none,4.75,4.75,4,3.75,4.75,3.5,5,5,5,3.25,3.75,4,3.75,3.25,3.25,,,female,1,3,none,,1,1770285974818,0,483,0-WZBL4,1770286513864,True,,city,,secondary,,,0,2.991,1770286390738,trial_31,9056326L.png,19.png,9056326L.png,1770286387747,0-WZBL4
17,0.8986,1,False,3.67,3.58,4.08,4.42,4.83,1770285845932,7,2026-02-05T09:58:40.849000+00:00,phase1_completed,none,4.75,4.75,4,3.75,4.75,3.5,5,5,5,3.25,3.75,4,3.75,3.25,3.25,,,female,1,3,none,,1,1770285974818,0,483,0-WZBL4,1770286513864,True,,city,,secondary,,,0,3.051,1770286394170,trial_32,9683886R.png,22.png,9683886R.png,1770286391119,0-WZBL4
17,0.4814,0,False,3.67,3.58,4.08,4.42,4.83,1770285845932,4,2026-02-05T09:58:40.849000+00:00,phase1_completed,none,4.75,4.75,4,3.75,4.75,3.5,5,5,5,3.25,3.75,4,3.75,3.25,3.25,,,female,0,0,none,,0,1770285974818,0,483,0-WZBL4,1770286513864,True,,city,,secondary,,,0,17.084,1770286411634,trial_33,9645608L.png,43.png,9645608L.png,1770286394550,0-WZBL4
17,0.5825,0,False,3.67,3.58,4.08,4.42,4.83,1770285845932,7,2026-02-05T09:58:40.849000+00:00,phase1_completed,none,4.75,4.75,4,3.75,4.75,3.5,5,5,5,3.25,3.75,4,3.75,3.25,3.25,,,female,1,2,none,,1,1770285974818,0,483,0-WZBL4,1770286513864,True,,city,,secondary,,,0,2.873,1770286414874,trial_34,9626432R.png,15.png,9626432R.png,1770286412001,0-WZBL4
17,0.0818,1,False,3.67,3.58,4.08,4.42,4.83,1770285845932,5,2026-02-05T09:58:40.849000+00:00,phase1_completed,none,4.75,4.75,4,3.75,4.75,3.5,5,5,5,3.25,3.75,4,3.75,3.25,3.25,,,female,0,0,none,,1,1770285974818,0,483,0-WZBL4,1770286513864,True,,city,,secondary,,,0,5.914,1770286421145,trial_35,9397988L.png,42.png,9397988L.png,1770286415231,0-WZBL4
17,0.9867,1,False,3.67,3.58,4.08,4.42,4.83,1770285845932,7,2026-02-05T09:58:40.849000+00:00,phase1_completed,none,4.75,4.75,4,3.75,4.75,3.5,5,5,5,3.25,3.75,4,3.75,3.25,3.25,,,female,1,3,none,,1,1770285974818,0,483,0-WZBL4,1770286513864,True,,city,,secondary,,,0,5.134,1770286426634,trial_36,9267247L.png,38.png,9267247L.png,1770286421500,0-WZBL4
17,0.5533,0,False,3.67,3.58,4.08,4.42,4.83,1770285845932,4,2026-02-05T09:58:40.849000+00:00,phase1_completed,none,4.75,4.75,4,3.75,4.75,3.5,5,5,5,3.25,3.75,4,3.75,3.25,3.25,,,female,0,0,none,,0,1770285974818,0,483,0-WZBL4,1770286513864,True,,city,,secondary,,,0,12.213,1770286439241,trial_37,9261557L.png,23.png,9261557L.png,1770286427028,0-WZBL4
17,0.9843,1,False,3.67,3.58,4.08,4.42,4.83,1770285845932,7,2026-02-05T09:58:40.849000+00:00,phase1_completed,none,4.75,4.75,4,3.75,4.75,3.5,5,5,5,3.25,3.75,4,3.75,3.25,3.25,,,female,1,2,none,,1,1770285974818,0,483,0-WZBL4,1770286513864,True,,city,,secondary,,,0,4.424,1770286444042,trial_38,9322109R.png,14.png,9322109R.png,1770286439618,0-WZBL4
17,0.9329,1,False,3.67,3.58,4.08,4.42,4.83,1770285845932,7,2026-02-05T09:58:40.849000+00:00,phase1_completed,none,4.75,4.75,4,3.75,4.75,3.5,5,5,5,3.25,3.75,4,3.75,3.25,3.25,,,female,1,3,none,,1,1770285974818,0,483,0-WZBL4,1770286513864,True,,city,,secondary,,,0,3.621,1770286448002,trial_39,9075939L.png,16.png,9075939L.png,1770286444381,0-WZBL4
17,0.8646,0,False,3.67,3.58,4.08,4.42,4.83,1770285845932,4,2026-02-05T09:58:40.849000+00:00,phase1_completed,none,4.75,4.75,4,3.75,4.75,3.5,5,5,5,3.25,3.75,4,3.75,3.25,3.25,,,female,0,0,none,,1,1770285974818,0,483,0-WZBL4,1770286513864,True,,city,,secondary,,,0,10.064,1770286215010,trial_4,9719890R.png,25.png,9719890R.png,1770286204946,0-WZBL4
17,0.4903,1,False,3.67,3.58,4.08,4.42,4.83,1770285845932,7,2026-02-05T09:58:40.849000+00:00,phase1_completed,none,4.75,4.75,4,3.75,4.75,3.5,5,5,5,3.25,3.75,4,3.75,3.25,3.25,,,female,1,4,none,,1,1770285974818,0,483,0-WZBL4,1770286513864,True,,city,,secondary,,,0,2.984,1770286451338,trial_40,9311154L.png,39.png,9311154L.png,1770286448354,0-WZBL4
17,0.584,0,False,3.67,3.58,4.08,4.42,4.83,1770285845932,7,2026-02-05T09:58:40.849000+00:00,phase1_completed,none,4.75,4.75,4,3.75,4.75,3.5,5,5,5,3.25,3.75,4,3.75,3.25,3.25,,,female,0,0,none,,1,1770285974818,0,483,0-WZBL4,1770286513864,True,,city,,secondary,,,0,4.436,1770286456122,trial_41,9598675R.png,27.png,9598675R.png,1770286451686,0-WZBL4
17,0.8842,1,False,3.67,3.58,4.08,4.42,4.83,1770285845932,7,2026-02-05T09:58:40.849000+00:00,phase1_completed,none,4.75,4.75,4,3.75,4.75,3.5,5,5,5,3.25,3.75,4,3.75,3.25,3.25,,,female,1,2,none,,1,1770285974818,0,483,0-WZBL4,1770286513864,True,,city,,secondary,,,0,4.827,1770286461321,trial_42,9304828L.png,46.png,9304828L.png,1770286456494,0-WZBL4
17,0.7641,0,False,3.67,3.58,4.08,4.42,4.83,1770285845932,7,2026-02-05T09:58:40.849000+00:00,phase1_completed,none,4.75,4.75,4,3.75,4.75,3.5,5,5,5,3.25,3.75,4,3.75,3.25,3.25,,,female,0,0,none,,0,1770285974818,0,483,0-WZBL4,1770286513864,True,,city,,secondary,,,0,3.71,1770286465426,trial_43,9667180L.png,35.png,9667180L.png,1770286461716,0-WZBL4
17,0.8107,0,False,3.67,3.58,4.08,4.42,4.83,1770285845932,7,2026-02-05T09:58:40.849000+00:00,phase1_completed,none,4.75,4.75,4,3.75,4.75,3.5,5,5,5,3.25,3.75,4,3.75,3.25,3.25,,,female,0,0,none,,1,1770285974818,0,483,0-WZBL4,1770286513864,True,,city,,secondary,,,0,3.416,1770286469194,trial_44,9870268R.png,26.png,9870268R.png,1770286465778,0-WZBL4
17,0.79,1,False,3.67,3.58,4.08,4.42,4.83,1770285845932,4,2026-02-05T09:58:40.849000+00:00,phase1_completed,none,4.75,4.75,4,3.75,4.75,3.5,5,5,5,3.25,3.75,4,3.75,3.25,3.25,,,female,1,2,none,,1,1770285974818,0,483,0-WZBL4,1770286513864,True,,city,,secondary,,,0,5.379,1770286474914,trial_45,9142551R.png,37.png,9142551R.png,1770286469535,0-WZBL4
17,0.9625,1,False,3.67,3.58,4.08,4.42,4.83,1770285845932,7,2026-02-05T09:58:40.849000+00:00,phase1_completed,none,4.75,4.75,4,3.75,4.75,3.5,5,5,5,3.25,3.75,4,3.75,3.25,3.25,,,female,1,3,none,,1,1770285974818,0,483,0-WZBL4,1770286513864,True,,city,,secondary,,,0,4.156,1770286479426,trial_46,9037494R.png,31.png,9037494R.png,1770286475270,0-WZBL4
17,0.9095,1,False,3.67,3.58,4.08,4.42,4.83,1770285845932,4,2026-02-05T09:58:40.849000+00:00,phase1_completed,none,4.75,4.75,4,3.75,4.75,3.5,5,5,5,3.25,3.75,4,3.75,3.25,3.25,,,female,1,2,none,,1,1770285974818,0,483,0-WZBL4,1770286513864,True,,city,,secondary,,,0,3.685,1770286483490,trial_47,9534110L.png,49.png,9534110L.png,1770286479805,0-WZBL4
17,0.2252,0,False,3.67,3.58,4.08,4.42,4.83,1770285845932,4,2026-02-05T09:58:40.849000+00:00,phase1_completed,none,4.75,4.75,4,3.75,4.75,3.5,5,5,5,3.25,3.75,4,3.75,3.25,3.25,,,female,0,0,none,,1,1770285974818,0,483,0-WZBL4,1770286513864,True,,city,,secondary,,,0,14.963,1770286498834,trial_48,9097360L.png,1.png,9097360L.png,1770286483871,0-WZBL4
17,0.0923,0,False,3.67,3.58,4.08,4.42,4.83,1770285845932,7,2026-02-05T09:58:40.849000+00:00,phase1_completed,none,4.75,4.75,4,3.75,4.75,3.5,5,5,5,3.25,3.75,4,3.75,3.25,3.25,,,female,1,3,none,,1,1770285974818,0,483,0-WZBL4,1770286513864,True,,city,,secondary,,,0,3.406,1770286502610,trial_49,9305336L.png,12.png,9305336L.png,1770286499204,0-WZBL4
17,0.3014,1,False,3.67,3.58,4.08,4.42,4.83,1770285845932,4,2026-02-05T09:58:40.849000+00:00,phase1_completed,none,4.75,4.75,4,3.75,4.75,3.5,5,5,5,3.25,3.75,4,3.75,3.25,3.25,,,female,0,0,none,,1,1770285974818,0,483,0-WZBL4,1770286513864,True,,city,,secondary,,,0,9.956,1770286225338,trial_5,9299531R.png,36.png,9299531R.png,1770286215382,0-WZBL4
17,0.8709,1,False,3.67,3.58,4.08,4.42,4.83,1770285845932,5,2026-02-05T09:58:40.849000+00:00,phase1_completed,none,4.75,4.75,4,3.75,4.75,3.5,5,5,5,3.25,3.75,4,3.75,3.25,3.25,,,female,1,2,none,,1,1770285974818,0,483,0-WZBL4,1770286513864,True,,city,,secondary,,,0,10.667,1770286513650,trial_50,9354156R.png,6.png,9354156R.png,1770286502983,0-WZBL4
17,0.1582,0,False,3.67,3.58,4.08,4.42,4.83,1770285845932,5,2026-02-05T09:58:40.849000+00:00,phase1_completed,none,4.75,4.75,4,3.75,4.75,3.5,5,5,5,3.25,3.75,4,3.75,3.25,3.25,,,female,1,2,none,,1,1770285974818,0,483,0-WZBL4,1770286513864,True,,city,,secondary,,,0,17.119,1770286242834,trial_6,9466142R.png,5.png,9466142R.png,1770286225715,0-WZBL4
17,0.5749,1,False,3.67,3.58,4.08,4.42,4.83,1770285845932,7,2026-02-05T09:58:40.849000+00:00,phase1_completed,none,4.75,4.75,4,3.75,4.75,3.5,5,5,5,3.25,3.75,4,3.75,3.25,3.25,,,female,1,2,none,,1,1770285974818,0,483,0-WZBL4,1770286513864,True,,city,,secondary,,,0,4.615,1770286247826,trial_7,9797850R.png,32.png,9797850R.png,1770286243211,0-WZBL4
17,0.7533,0,False,3.67,3.58,4.08,4.42,4.83,1770285845932,4,2026-02-05T09:58:40.849000+00:00,phase1_completed,none,4.75,4.75,4,3.75,4.75,3.5,5,5,5,3.25,3.75,4,3.75,3.25,3.25,,,female,0,0,none,,0,1770285974818,0,483,0-WZBL4,1770286513864,True,,city,,secondary,,,0,11.084,1770286259282,trial_8,9166468R.png,18.png,9166468R.png,1770286248198,0-WZBL4
17,0.645,0,False,3.67,3.58,4.08,4.42,4.83,1770285845932,7,2026-02-05T09:58:40.849000+00:00,phase1_completed,none,4.75,4.75,4,3.75,4.75,3.5,5,5,5,3.25,3.75,4,3.75,3.25,3.25,,,female,0,0,none,,0,1770285974818,0,483,0-WZBL4,1770286513864,True,,city,,secondary,,,0,7.264,1770286266930,trial_9,9480211R.png,3.png,9480211R.png,1770286259666,0-WZBL4
16,0.9124,0,False,4,3.25,3.75,3.33,4.33,1770285854702,3,2026-02-05T09:59:34.492000+00:00,phase1_completed,none,4.5,4.5,2.75,4.5,3.75,2.5,3,4.75,4.75,3.5,3.25,4.25,3,3.75,3.25,,,female,0,0,none,,1,1770286193751,1,291,0-WZURD,1770287209816,True,,city,,secondary,,,0,48.013,1770286405764,trial_1,9717450L.png,40.png,9717450L.png,1770286357751,0-WZURD
16,0.9974,1,False,4,3.25,3.75,3.33,4.33,1770285854702,7,2026-02-05T09:59:34.492000+00:00,phase1_completed,none,4.5,4.5,2.75,4.5,3.75,2.5,3,4.75,4.75,3.5,3.25,4.25,3,3.75,3.25,,,female,1,3,none,,1,1770286193751,1,291,0-WZURD,1770287209816,True,,city,,secondary,,,0,5.417,1770286753020,trial_10,9271965R.png,47.png,9271965R.png,1770286747603,0-WZURD
16,0.1918,0,False,4,3.25,3.75,3.33,4.33,1770285854702,3,2026-02-05T09:59:34.492000+00:00,phase1_completed,none,4.5,4.5,2.75,4.5,3.75,2.5,3,4.75,4.75,3.5,3.25,4.25,3,3.75,3.25,,,female,1,2,none,,1,1770286193751,1,291,0-WZURD,1770287209816,True,,city,,secondary,,,0,5.178,1770286758519,trial_11,9788301L.png,33.png,9788301L.png,1770286753341,0-WZURD
16,0.2252,0,False,4,3.25,3.75,3.33,4.33,1770285854702,4,2026-02-05T09:59:34.492000+00:00,phase1_completed,none,4.5,4.5,2.75,4.5,3.75,2.5,3,4.75,4.75,3.5,3.25,4.25,3,3.75,3.25,,,female,0,0,none,,1,1770286193751,1,291,0-WZURD,1770287209816,True,,city,,secondary,,,0,19.261,1770286778114,trial_12,9097360L.png,1.png,9097360L.png,1770286758853,0-WZURD
16,0.0496,1,False,4,3.25,3.75,3.33,4.33,1770285854702,5,2026-02-05T09:59:34.492000+00:00,phase1_completed,none,4.5,4.5,2.75,4.5,3.75,2.5,3,4.75,4.75,3.5,3.25,4.25,3,3.75,3.25,,,female,0,0,none,,1,1770286193751,1,291,0-WZURD,1770287209816,True,,city,,secondary,,,0,46.175,1770286824627,trial_13,9023935L.png,41.png,9023935L.png,1770286778452,0-WZURD
16,0.8107,0,False,4,3.25,3.75,3.33,4.33,1770285854702,6,2026-02-05T09:59:34.492000+00:00,phase1_completed,none,4.5,4.5,2.75,4.5,3.75,2.5,3,4.75,4.75,3.5,3.25,4.25,3,3.75,3.25,,,female,0,0,none,,1,1770286193751,1,291,0-WZURD,1770287209816,True,,city,,secondary,,,0,8.969,1770286833977,trial_14,9870268R.png,26.png,9870268R.png,1770286825008,0-WZURD
16,0.584,0,False,4,3.25,3.75,3.33,4.33,1770285854702,3,2026-02-05T09:59:34.492000+00:00,phase1_completed,none,4.5,4.5,2.75,4.5,3.75,2.5,3,4.75,4.75,3.5,3.25,4.25,3,3.75,3.25,,,female,0,0,none,,1,1770286193751,1,291,0-WZURD,1770287209816,True,,city,,secondary,,,0,14.834,1770286849190,trial_15,9598675R.png,27.png,9598675R.png,1770286834356,0-WZURD
16,0.4903,1,False,4,3.25,3.75,3.33,4.33,1770285854702,7,2026-02-05T09:59:34.492000+00:00,phase1_completed,none,4.5,4.5,2.75,4.5,3.75,2.5,3,4.75,4.75,3.5,3.25,4.25,3,3.75,3.25,,,female,1,4,none,,1,1770286193751,1,291,0-WZURD,1770287209816,True,,city,,secondary,,,0,5.124,1770286854655,trial_16,9311154L.png,39.png,9311154L.png,1770286849531,0-WZURD
16,0.8517,0,False,4,3.25,3.75,3.33,4.33,1770285854702,7,2026-02-05T09:59:34.492000+00:00,phase1_completed,none,4.5,4.5,2.75,4.5,3.75,2.5,3,4.75,4.75,3.5,3.25,4.25,3,3.75,3.25,,,female,0,0,none,,1,1770286193751,1,291,0-WZURD,1770287209816,True,,city,,secondary,,,0,9.649,1770286864638,trial_17,9810475L.png,13.png,9810475L.png,1770286854989,0-WZURD
16,0.3771,0,False,4,3.25,3.75,3.33,4.33,1770285854702,5,2026-02-05T09:59:34.492000+00:00,phase1_completed,none,4.5,4.5,2.75,4.5,3.75,2.5,3,4.75,4.75,3.5,3.25,4.25,3,3.75,3.25,,,female,0,0,none,,0,1770286193751,1,291,0-WZURD,1770287209816,True,,city,,secondary,,,0,8.531,1770286873486,trial_18,9872350R.png,30.png,9872350R.png,1770286864955,0-WZURD
16,0.7533,0,False,4,3.25,3.75,3.33,4.33,1770285854702,4,2026-02-05T09:59:34.492000+00:00,phase1_completed,none,4.5,4.5,2.75,4.5,3.75,2.5,3,4.75,4.75,3.5,3.25,4.25,3,3.75,3.25,,,female,0,0,none,,0,1770286193751,1,291,0-WZURD,1770287209816,True,,city,,secondary,,,0,21.778,1770286895634,trial_19,9166468R.png,18.png,9166468R.png,1770286873856,0-WZURD
16,0.6057,0,False,4,3.25,3.75,3.33,4.33,1770285854702,3,2026-02-05T09:59:34.492000+00:00,phase1_completed,none,4.5,4.5,2.75,4.5,3.75,2.5,3,4.75,4.75,3.5,3.25,4.25,3,3.75,3.25,,,female,1,2,none,,1,1770286193751,1,291,0-WZURD,1770287209816,True,,city,,secondary,,,0,61.227,1770286467406,trial_2,9606955R.png,11.png,9606955R.png,1770286406179,0-WZURD
16,0.0923,0,False,4,3.25,3.75,3.33,4.33,1770285854702,6,2026-02-05T09:59:34.492000+00:00,phase1_completed,none,4.5,4.5,2.75,4.5,3.75,2.5,3,4.75,4.75,3.5,3.25,4.25,3,3.75,3.25,,,female,1,3,none,,1,1770286193751,1,291,0-WZURD,1770287209816,True,,city,,secondary,,,0,4.51,1770286900467,trial_20,9305336L.png,12.png,9305336L.png,1770286895957,0-WZURD
16,0.8137,0,False,4,3.25,3.75,3.33,4.33,1770285854702,5,2026-02-05T09:59:34.492000+00:00,phase1_completed,none,4.5,4.5,2.75,4.5,3.75,2.5,3,4.75,4.75,3.5,3.25,4.25,3,3.75,3.25,,,female,1,3,none,,1,1770286193751,1,291,0-WZURD,1770287209816,True,,city,,secondary,,,0,4.262,1770286905100,trial_21,9046206L.png,29.png,9046206L.png,1770286900838,0-WZURD
16,0.645,0,False,4,3.25,3.75,3.33,4.33,1770285854702,4,2026-02-05T09:59:34.492000+00:00,phase1_completed,none,4.5,4.5,2.75,4.5,3.75,2.5,3,4.75,4.75,3.5,3.25,4.25,3,3.75,3.25,,,female,0,0,none,,0,1770286193751,1,291,0-WZURD,1770287209816,True,,city,,secondary,,,0,7.834,1770286913283,trial_22,9480211R.png,3.png,9480211R.png,1770286905449,0-WZURD
16,0.5424,1,False,4,3.25,3.75,3.33,4.33,1770285854702,5,2026-02-05T09:59:34.492000+00:00,phase1_completed,none,4.5,4.5,2.75,4.5,3.75,2.5,3,4.75,4.75,3.5,3.25,4.25,3,3.75,3.25,,,female,1,2,none,,0,1770286193751,1,291,0-WZURD,1770287209816,True,,city,,secondary,,,0,9.188,1770286922816,trial_23,9648224L.png,44.png,9648224L.png,1770286913628,0-WZURD
16,0.9663,1,False,4,3.25,3.75,3.33,4.33,1770285854702,7,2026-02-05T09:59:34.492000+00:00,phase1_completed,none,4.5,4.5,2.75,4.5,3.75,2.5,3,4.75,4.75,3.5,3.25,4.25,3,3.75,3.25,,,female,1,3,none,,1,1770286193751,1,291,0-WZURD,1770287209816,True,,city,,secondary,,,0,3.928,1770286927081,trial_24,9056326L.png,19.png,9056326L.png,1770286923153,0-WZURD
16,0.401,0,False,4,3.25,3.75,3.33,4.33,1770285854702,3,2026-02-05T09:59:34.492000+00:00,phase1_completed,none,4.5,4.5,2.75,4.5,3.75,2.5,3,4.75,4.75,3.5,3.25,4.25,3,3.75,3.25,,,female,0,0,none,,0,1770286193751,1,291,0-WZURD,1770287209816,True,,city,,secondary,,,0,6.556,1770286933997,trial_25,9035779L.png,45.png,9035779L.png,1770286927441,0-WZURD
16,0.9625,1,False,4,3.25,3.75,3.33,4.33,1770285854702,6,2026-02-05T09:59:34.492000+00:00,phase1_completed,none,4.5,4.5,2.75,4.5,3.75,2.5,3,4.75,4.75,3.5,3.25,4.25,3,3.75,3.25,,,female,1,3,none,,1,1770286193751,1,291,0-WZURD,1770287209816,True,,city,,secondary,,,0,4.066,1770286938396,trial_26,9037494R.png,31.png,9037494R.png,1770286934330,0-WZURD
16,0.5825,0,False,4,3.25,3.75,3.33,4.33,1770285854702,6,2026-02-05T09:59:34.492000+00:00,phase1_completed,none,4.5,4.5,2.75,4.5,3.75,2.5,3,4.75,4.75,3.5,3.25,4.25,3,3.75,3.25,,,female,1,2,none,,1,1770286193751,1,291,0-WZURD,1770287209816,True,,city,,secondary,,,0,23.8,1770286962551,trial_27,9626432R.png,15.png,9626432R.png,1770286938751,0-WZURD
16,0.9329,1,False,4,3.25,3.75,3.33,4.33,1770285854702,7,2026-02-05T09:59:34.492000+00:00,phase1_completed,none,4.5,4.5,2.75,4.5,3.75,2.5,3,4.75,4.75,3.5,3.25,4.25,3,3.75,3.25,,,female,1,3,none,,1,1770286193751,1,291,0-WZURD,1770287209816,True,,city,,secondary,,,0,5.017,1770286967941,trial_28,9075939L.png,16.png,9075939L.png,1770286962924,0-WZURD
16,0.329,0,False,4,3.25,3.75,3.33,4.33,1770285854702,4,2026-02-05T09:59:34.492000+00:00,phase1_completed,none,4.5,4.5,2.75,4.5,3.75,2.5,3,4.75,4.75,3.5,3.25,4.25,3,3.75,3.25,,,female,0,0,none,,1,1770286193751,1,291,0-WZURD,1770287209816,True,,city,,secondary,,,0,3.979,1770286972291,trial_29,9043461R.png,9.png,9043461R.png,1770286968312,0-WZURD
16,0.6514,1,False,4,3.25,3.75,3.33,4.33,1770285854702,6,2026-02-05T09:59:34.492000+00:00,phase1_completed,none,4.5,4.5,2.75,4.5,3.75,2.5,3,4.75,4.75,3.5,3.25,4.25,3,3.75,3.25,,,female,1,2,none,,1,1770286193751,1,291,0-WZURD,1770287209816,True,,city,,secondary,,,0,56.369,1770286524564,trial_3,9448315L.png,28.png,9448315L.png,1770286468195,0-WZURD
16,0.9948,1,False,4,3.25,3.75,3.33,4.33,1770285854702,7,2026-02-05T09:59:34.492000+00:00,phase1_completed,none,4.5,4.5,2.75,4.5,3.75,2.5,3,4.75,4.75,3.5,3.25,4.25,3,3.75,3.25,,,female,1,3,none,,1,1770286193751,1,291,0-WZURD,1770287209816,True,,city,,secondary,,,0,57.905,1770287030536,trial_30,9113018R.png,2.png,9113018R.png,1770286972631,0-WZURD
16,0.4633,1,False,4,3.25,3.75,3.33,4.33,1770285854702,6,2026-02-05T09:59:34.492000+00:00,phase1_completed,none,4.5,4.5,2.75,4.5,3.75,2.5,3,4.75,4.75,3.5,3.25,4.25,3,3.75,3.25,,,female,0,0,none,,1,1770286193751,1,291,0-WZURD,1770287209816,True,,city,,secondary,,,0,19.708,1770287050599,trial_31,9140556L.png,7.png,9140556L.png,1770287030891,0-WZURD
16,0.9867,1,False,4,3.25,3.75,3.33,4.33,1770285854702,7,2026-02-05T09:59:34.492000+00:00,phase1_completed,none,4.5,4.5,2.75,4.5,3.75,2.5,3,4.75,4.75,3.5,3.25,4.25,3,3.75,3.25,,,female,1,3,none,,1,1770286193751,1,291,0-WZURD,1770287209816,True,,city,,secondary,,,0,4.582,1770287055530,trial_32,9267247L.png,38.png,9267247L.png,1770287050948,0-WZURD
16,0.8986,1,False,4,3.25,3.75,3.33,4.33,1770285854702,5,2026-02-05T09:59:34.492000+00:00,phase1_completed,none,4.5,4.5,2.75,4.5,3.75,2.5,3,4.75,4.75,3.5,3.25,4.25,3,3.75,3.25,,,female,1,3,none,,1,1770286193751,1,291,0-WZURD,1770287209816,True,,city,,secondary,,,0,4.927,1770287060833,trial_33,9683886R.png,22.png,9683886R.png,1770287055906,0-WZURD
16,0.8842,1,False,4,3.25,3.75,3.33,4.33,1770285854702,7,2026-02-05T09:59:34.492000+00:00,phase1_completed,none,4.5,4.5,2.75,4.5,3.75,2.5,3,4.75,4.75,3.5,3.25,4.25,3,3.75,3.25,,,female,1,2,none,,1,1770286193751,1,291,0-WZURD,1770287209816,True,,city,,secondary,,,0,3.349,1770287064546,trial_34,9304828L.png,46.png,9304828L.png,1770287061197,0-WZURD
16,0.5823,0,False,4,3.25,3.75,3.33,4.33,1770285854702,4,2026-02-05T09:59:34.492000+00:00,phase1_completed,none,4.5,4.5,2.75,4.5,3.75,2.5,3,4.75,4.75,3.5,3.25,4.25,3,3.75,3.25,,,female,1,2,none,,1,1770286193751,1,291,0-WZURD,1770287209816,True,,city,,secondary,,,0,4.075,1770287068947,trial_35,9008884R.png,20.png,9008884R.png,1770287064872,0-WZURD
16,0.8709,1,False,4,3.25,3.75,3.33,4.33,1770285854702,4,2026-02-05T09:59:34.492000+00:00,phase1_completed,none,4.5,4.5,2.75,4.5,3.75,2.5,3,4.75,4.75,3.5,3.25,4.25,3,3.75,3.25,,,female,1,2,none,,0,1770286193751,1,291,0-WZURD,1770287209816,True,,city,,secondary,,,0,3.556,1770287072880,trial_36,9354156R.png,6.png,9354156R.png,1770287069324,0-WZURD
16,0.8846,0,False,4,3.25,3.75,3.33,4.33,1770285854702,2,2026-02-05T09:59:34.492000+00:00,phase1_completed,none,4.5,4.5,2.75,4.5,3.75,2.5,3,4.75,4.75,3.5,3.25,4.25,3,3.75,3.25,,,female,1,2,none,,1,1770286193751,1,291,0-WZURD,1770287209816,True,,city,,secondary,,,0,4.904,1770287078109,trial_37,9998089R.png,24.png,9998089R.png,1770287073205,0-WZURD
16,0.3014,1,False,4,3.25,3.75,3.33,4.33,1770285854702,6,2026-02-05T09:59:34.492000+00:00,phase1_completed,none,4.5,4.5,2.75,4.5,3.75,2.5,3,4.75,4.75,3.5,3.25,4.25,3,3.75,3.25,,,female,0,0,none,,1,1770286193751,1,291,0-WZURD,1770287209816,True,,city,,secondary,,,0,4.282,1770287082793,trial_38,9299531R.png,36.png,9299531R.png,1770287078511,0-WZURD
16,0.0818,1,False,4,3.25,3.75,3.33,4.33,1770285854702,3,2026-02-05T09:59:34.492000+00:00,phase1_completed,none,4.5,4.5,2.75,4.5,3.75,2.5,3,4.75,4.75,3.5,3.25,4.25,3,3.75,3.25,,,female,0,0,none,,1,1770286193751,1,291,0-WZURD,1770287209816,True,,city,,secondary,,,0,5.336,1770287088490,trial_39,9397988L.png,42.png,9397988L.png,1770287083154,0-WZURD
16,0.9843,1,False,4,3.25,3.75,3.33,4.33,1770285854702,7,2026-02-05T09:59:34.492000+00:00,phase1_completed,none,4.5,4.5,2.75,4.5,3.75,2.5,3,4.75,4.75,3.5,3.25,4.25,3,3.75,3.25,,,female,1,2,none,,1,1770286193751,1,291,0-WZURD,1770287209816,True,,city,,secondary,,,0,28.99,1770286553877,trial_4,9322109R.png,14.png,9322109R.png,1770286524887,0-WZURD
16,0.9095,1,False,4,3.25,3.75,3.33,4.33,1770285854702,3,2026-02-05T09:59:34.492000+00:00,phase1_completed,none,4.5,4.5,2.75,4.5,3.75,2.5,3,4.75,4.75,3.5,3.25,4.25,3,3.75,3.25,,,female,1,2,none,,1,1770286193751,1,291,0-WZURD,1770287209816,True,,city,,secondary,,,0,3.746,1770287092610,trial_40,9534110L.png,49.png,9534110L.png,1770287088864,0-WZURD
16,0.4814,0,False,4,3.25,3.75,3.33,4.33,1770285854702,4,2026-02-05T09:59:34.492000+00:00,phase1_completed,none,4.5,4.5,2.75,4.5,3.75,2.5,3,4.75,4.75,3.5,3.25,4.25,3,3.75,3.25,,,female,0,0,none,,1,1770286193751,1,291,0-WZURD,1770287209816,True,,city,,secondary,,,0,11.554,1770287104559,trial_41,9645608L.png,43.png,9645608L.png,1770287093005,0-WZURD
16,0.8646,0,False,4,3.25,3.75,3.33,4.33,1770285854702,2,2026-02-05T09:59:34.492000+00:00,phase1_completed,none,4.5,4.5,2.75,4.5,3.75,2.5,3,4.75,4.75,3.5,3.25,4.25,3,3.75,3.25,,,female,0,0,none,,1,1770286193751,1,291,0-WZURD,1770287209816,True,,city,,secondary,,,0,9.556,1770287114491,trial_42,9719890R.png,25.png,9719890R.png,1770287104935,0-WZURD
16,0.5639,0,False,4,3.25,3.75,3.33,4.33,1770285854702,5,2026-02-05T09:59:34.492000+00:00,phase1_completed,none,4.5,4.5,2.75,4.5,3.75,2.5,3,4.75,4.75,3.5,3.25,4.25,3,3.75,3.25,,,female,0,0,none,,1,1770286193751,1,291,0-WZURD,1770287209816,True,,city,,secondary,,,0,7.474,1770287122305,trial_43,9100699L.png,48.png,9100699L.png,1770287114831,0-WZURD
16,0.0426,1,False,4,3.25,3.75,3.33,4.33,1770285854702,7,2026-02-05T09:59:34.492000+00:00,phase1_completed,none,4.5,4.5,2.75,4.5,3.75,2.5,3,4.75,4.75,3.5,3.25,4.25,3,3.75,3.25,,,female,0,0,none,,1,1770286193751,1,291,0-WZURD,1770287209816,True,,city,,secondary,,,0,4.606,1770287127271,trial_44,9360243L.png,50.png,9360243L.png,1770287122665,0-WZURD
16,0.8162,0,False,4,3.25,3.75,3.33,4.33,1770285854702,6,2026-02-05T09:59:34.492000+00:00,phase1_completed,none,4.5,4.5,2.75,4.5,3.75,2.5,3,4.75,4.75,3.5,3.25,4.25,3,3.75,3.25,,,female,0,0,none,,0,1770286193751,1,291,0-WZURD,1770287209816,True,,city,,secondary,,,0,6.025,1770287133670,trial_45,9253225L.png,21.png,9253225L.png,1770287127645,0-WZURD
16,0.2577,1,False,4,3.25,3.75,3.33,4.33,1770285854702,3,2026-02-05T09:59:34.492000+00:00,phase1_completed,none,4.5,4.5,2.75,4.5,3.75,2.5,3,4.75,4.75,3.5,3.25,4.25,3,3.75,3.25,,,female,0,0,none,,0,1770286193751,1,291,0-WZURD,1770287209816,True,,city,,secondary,,,0,13.443,1770287147468,trial_46,9827858L.png,8.png,9827858L.png,1770287134025,0-WZURD
16,0.1582,0,False,4,3.25,3.75,3.33,4.33,1770285854702,4,2026-02-05T09:59:34.492000+00:00,phase1_completed,none,4.5,4.5,2.75,4.5,3.75,2.5,3,4.75,4.75,3.5,3.25,4.25,3,3.75,3.25,,,female,1,2,none,,1,1770286193751,1,291,0-WZURD,1770287209816,True,,city,,secondary,,,0,9.552,1770287157384,trial_47,9466142R.png,5.png,9466142R.png,1770287147832,0-WZURD
16,0.79,1,False,4,3.25,3.75,3.33,4.33,1770285854702,5,2026-02-05T09:59:34.492000+00:00,phase1_completed,none,4.5,4.5,2.75,4.5,3.75,2.5,3,4.75,4.75,3.5,3.25,4.25,3,3.75,3.25,,,female,1,2,none,,0,1770286193751,1,291,0-WZURD,1770287209816,True,,city,,secondary,,,0,10.421,1770287168150,trial_48,9142551R.png,37.png,9142551R.png,1770287157729,0-WZURD
16,0.0389,1,False,4,3.25,3.75,3.33,4.33,1770285854702,4,2026-02-05T09:59:34.492000+00:00,phase1_completed,none,4.5,4.5,2.75,4.5,3.75,2.5,3,4.75,4.75,3.5,3.25,4.25,3,3.75,3.25,,,female,0,0,none,,1,1770286193751,1,291,0-WZURD,1770287209816,True,,city,,secondary,,,0,24.982,1770287193482,trial_49,9911788L.png,10.png,9911788L.png,1770287168500,0-WZURD
16,0.916,1,False,4,3.25,3.75,3.33,4.33,1770285854702,5,2026-02-05T09:59:34.492000+00:00,phase1_completed,none,4.5,4.5,2.75,4.5,3.75,2.5,3,4.75,4.75,3.5,3.25,4.25,3,3.75,3.25,,,female,1,2,none,,0,1770286193751,1,291,0-WZURD,1770287209816,True,,city,,secondary,,,0,11.806,1770286565994,trial_5,9862321L.png,17.png,9862321L.png,1770286554188,0-WZURD
16,0.5532,0,False,4,3.25,3.75,3.33,4.33,1770285854702,6,2026-02-05T09:59:34.492000+00:00,phase1_completed,none,4.5,4.5,2.75,4.5,3.75,2.5,3,4.75,4.75,3.5,3.25,4.25,3,3.75,3.25,,,female,0,0,none,,1,1770286193751,1,291,0-WZURD,1770287209816,True,,city,,secondary,,,0,15.749,1770287209627,trial_50,9043461L.png,34.png,9043461L.png,1770287193878,0-WZURD
16,0.5749,1,False,4,3.25,3.75,3.33,4.33,1770285854702,2,2026-02-05T09:59:34.492000+00:00,phase1_completed,none,4.5,4.5,2.75,4.5,3.75,2.5,3,4.75,4.75,3.5,3.25,4.25,3,3.75,3.25,,,female,1,2,none,,1,1770286193751,1,291,0-WZURD,1770287209816,True,,city,,secondary,,,0,61.101,1770286627419,trial_6,9797850R.png,32.png,9797850R.png,1770286566318,0-WZURD
16,0.5533,0,False,4,3.25,3.75,3.33,4.33,1770285854702,5,2026-02-05T09:59:34.492000+00:00,phase1_completed,none,4.5,4.5,2.75,4.5,3.75,2.5,3,4.75,4.75,3.5,3.25,4.25,3,3.75,3.25,,,female,0,0,none,,1,1770286193751,1,291,0-WZURD,1770287209816,True,,city,,secondary,,,0,13.649,1770286641749,trial_7,9261557L.png,23.png,9261557L.png,1770286628100,0-WZURD
16,0.6423,0,False,4,3.25,3.75,3.33,4.33,1770285854702,4,2026-02-05T09:59:34.492000+00:00,phase1_completed,none,4.5,4.5,2.75,4.5,3.75,2.5,3,4.75,4.75,3.5,3.25,4.25,3,3.75,3.25,,,female,0,0,none,,1,1770286193751,1,291,0-WZURD,1770287209816,True,,city,,secondary,,,0,79.672,1770286721775,trial_8,9143031L.png,4.png,9143031L.png,1770286642103,0-WZURD
16,0.7641,0,False,4,3.25,3.75,3.33,4.33,1770285854702,6,2026-02-05T09:59:34.492000+00:00,phase1_completed,none,4.5,4.5,2.75,4.5,3.75,2.5,3,4.75,4.75,3.5,3.25,4.25,3,3.75,3.25,,,female,0,0,none,,0,1770286193751,1,291,0-WZURD,1770287209816,True,,city,,secondary,,,0,24.788,1770286747255,trial_9,9667180L.png,35.png,9667180L.png,1770286722467,0-WZURD
16,0.8517,0,False,2.75,2.83,4.58,4.25,4.92,1770285978176,7,2026-02-05T10:01:26.833000+00:00,phase1_completed,none,5,4.5,4.75,2.75,4.75,3.75,4.5,4.5,5,2.75,3,2.5,2.75,4.5,3,,,female,0,0,none,,0,1770286190415,0,393,0-X359Q,1770286620818,True,,city,,secondary,,,0,7.753,1770286344318,trial_1,9810475L.png,13.png,9810475L.png,1770286336565,0-X359Q
16,0.4633,1,False,2.75,2.83,4.58,4.25,4.92,1770285978176,7,2026-02-05T10:01:26.833000+00:00,phase1_completed,none,5,4.5,4.75,2.75,4.75,3.75,4.5,4.5,5,2.75,3,2.5,2.75,4.5,3,,,female,0,0,none,,0,1770286190415,0,393,0-X359Q,1770286620818,True,,city,,secondary,,,0,3.04,1770286392670,trial_10,9140556L.png,7.png,9140556L.png,1770286389630,0-X359Q
16,0.5825,0,False,2.75,2.83,4.58,4.25,4.92,1770285978176,7,2026-02-05T10:01:26.833000+00:00,phase1_completed,none,5,4.5,4.75,2.75,4.75,3.75,4.5,4.5,5,2.75,3,2.5,2.75,4.5,3,,,female,1,2,none,,1,1770286190415,0,393,0-X359Q,1770286620818,True,,city,,secondary,,,0,4.764,1770286397758,trial_11,9626432R.png,15.png,9626432R.png,1770286392994,0-X359Q
16,0.5823,0,False,2.75,2.83,4.58,4.25,4.92,1770285978176,7,2026-02-05T10:01:26.833000+00:00,phase1_completed,none,5,4.5,4.75,2.75,4.75,3.75,4.5,4.5,5,2.75,3,2.5,2.75,4.5,3,,,female,1,2,none,,1,1770286190415,0,393,0-X359Q,1770286620818,True,,city,,secondary,,,0,3.272,1770286401334,trial_12,9008884R.png,20.png,9008884R.png,1770286398062,0-X359Q
16,0.8986,1,False,2.75,2.83,4.58,4.25,4.92,1770285978176,7,2026-02-05T10:01:26.833000+00:00,phase1_completed,none,5,4.5,4.75,2.75,4.75,3.75,4.5,4.5,5,2.75,3,2.5,2.75,4.5,3,,,female,1,3,none,,0,1770286190415,0,393,0-X359Q,1770286620818,True,,city,,secondary,,,0,2.65,1770286404294,trial_13,9683886R.png,22.png,9683886R.png,1770286401644,0-X359Q
16,0.401,0,False,2.75,2.83,4.58,4.25,4.92,1770285978176,7,2026-02-05T10:01:26.833000+00:00,phase1_completed,none,5,4.5,4.75,2.75,4.75,3.75,4.5,4.5,5,2.75,3,2.5,2.75,4.5,3,,,female,0,0,none,,0,1770286190415,0,393,0-X359Q,1770286620818,True,,city,,secondary,,,0,5.691,1770286410270,trial_14,9035779L.png,45.png,9035779L.png,1770286404579,0-X359Q
16,0.9974,1,False,2.75,2.83,4.58,4.25,4.92,1770285978176,7,2026-02-05T10:01:26.833000+00:00,phase1_completed,none,5,4.5,4.75,2.75,4.75,3.75,4.5,4.5,5,2.75,3,2.5,2.75,4.5,3,,,female,1,3,none,,1,1770286190415,0,393,0-X359Q,1770286620818,True,,city,,secondary,,,0,1.972,1770286412542,trial_15,9271965R.png,47.png,9271965R.png,1770286410570,0-X359Q
16,0.9095,1,False,2.75,2.83,4.58,4.25,4.92,1770285978176,7,2026-02-05T10:01:26.833000+00:00,phase1_completed,none,5,4.5,4.75,2.75,4.75,3.75,4.5,4.5,5,2.75,3,2.5,2.75,4.5,3,,,female,1,2,none,,1,1770286190415,0,393,0-X359Q,1770286620818,True,,city,,secondary,,,0,9.044,1770286421918,trial_16,9534110L.png,49.png,9534110L.png,1770286412874,0-X359Q
16,0.8709,1,False,2.75,2.83,4.58,4.25,4.92,1770285978176,7,2026-02-05T10:01:26.833000+00:00,phase1_completed,none,5,4.5,4.75,2.75,4.75,3.75,4.5,4.5,5,2.75,3,2.5,2.75,4.5,3,,,female,1,2,none,,0,1770286190415,0,393,0-X359Q,1770286620818,True,,city,,secondary,,,0,2.708,1770286424934,trial_17,9354156R.png,6.png,9354156R.png,1770286422226,0-X359Q
16,0.0496,1,False,2.75,2.83,4.58,4.25,4.92,1770285978176,7,2026-02-05T10:01:26.833000+00:00,phase1_completed,none,5,4.5,4.75,2.75,4.75,3.75,4.5,4.5,5,2.75,3,2.5,2.75,4.5,3,,,female,0,0,none,,1,1770286190415,0,393,0-X359Q,1770286620818,True,,city,,secondary,,,0,2.557,1770286427798,trial_18,9023935L.png,41.png,9023935L.png,1770286425241,0-X359Q
16,0.8107,0,False,2.75,2.83,4.58,4.25,4.92,1770285978176,7,2026-02-05T10:01:26.833000+00:00,phase1_completed,none,5,4.5,4.75,2.75,4.75,3.75,4.5,4.5,5,2.75,3,2.5,2.75,4.5,3,,,female,0,0,none,,1,1770286190415,0,393,0-X359Q,1770286620818,True,,city,,secondary,,,0,2.665,1770286430789,trial_19,9870268R.png,26.png,9870268R.png,1770286428124,0-X359Q
16,0.5639,0,False,2.75,2.83,4.58,4.25,4.92,1770285978176,7,2026-02-05T10:01:26.833000+00:00,phase1_completed,none,5,4.5,4.75,2.75,4.75,3.75,4.5,4.5,5,2.75,3,2.5,2.75,4.5,3,,,female,0,0,none,,0,1770286190415,0,393,0-X359Q,1770286620818,True,,city,,secondary,,,0,15.524,1770286360182,trial_2,9100699L.png,48.png,9100699L.png,1770286344658,0-X359Q
16,0.3014,1,False,2.75,2.83,4.58,4.25,4.92,1770285978176,7,2026-02-05T10:01:26.833000+00:00,phase1_completed,none,5,4.5,4.75,2.75,4.75,3.75,4.5,4.5,5,2.75,3,2.5,2.75,4.5,3,,,female,0,0,none,,1,1770286190415,0,393,0-X359Q,1770286620818,True,,city,,secondary,,,0,2.74,1770286433846,trial_20,9299531R.png,36.png,9299531R.png,1770286431106,0-X359Q
16,0.9663,1,False,2.75,2.83,4.58,4.25,4.92,1770285978176,7,2026-02-05T10:01:26.833000+00:00,phase1_completed,none,5,4.5,4.75,2.75,4.75,3.75,4.5,4.5,5,2.75,3,2.5,2.75,4.5,3,,,female,1,3,none,,1,1770286190415,0,393,0-X359Q,1770286620818,True,,city,,secondary,,,0,2.643,1770286436782,trial_21,9056326L.png,19.png,9056326L.png,1770286434139,0-X359Q
16,0.5532,0,False,2.75,2.83,4.58,4.25,4.92,1770285978176,7,2026-02-05T10:01:26.833000+00:00,phase1_completed,none,5,4.5,4.75,2.75,4.75,3.75,4.5,4.5,5,2.75,3,2.5,2.75,4.5,3,,,female,0,0,none,,0,1770286190415,0,393,0-X359Q,1770286620818,True,,city,,secondary,,,0,2.86,1770286439933,trial_22,9043461L.png,34.png,9043461L.png,1770286437073,0-X359Q
16,0.1918,0,False,2.75,2.83,4.58,4.25,4.92,1770285978176,7,2026-02-05T10:01:26.833000+00:00,phase1_completed,none,5,4.5,4.75,2.75,4.75,3.75,4.5,4.5,5,2.75,3,2.5,2.75,4.5,3,,,female,1,2,none,,1,1770286190415,0,393,0-X359Q,1770286620818,True,,city,,secondary,,,0,6.169,1770286446446,trial_23,9788301L.png,33.png,9788301L.png,1770286440277,0-X359Q
16,0.9843,1,False,2.75,2.83,4.58,4.25,4.92,1770285978176,7,2026-02-05T10:01:26.833000+00:00,phase1_completed,none,5,4.5,4.75,2.75,4.75,3.75,4.5,4.5,5,2.75,3,2.5,2.75,4.5,3,,,female,1,2,none,,1,1770286190415,0,393,0-X359Q,1770286620818,True,,city,,secondary,,,0,2.519,1770286449309,trial_24,9322109R.png,14.png,9322109R.png,1770286446790,0-X359Q
16,0.2577,1,False,2.75,2.83,4.58,4.25,4.92,1770285978176,7,2026-02-05T10:01:26.833000+00:00,phase1_completed,none,5,4.5,4.75,2.75,4.75,3.75,4.5,4.5,5,2.75,3,2.5,2.75,4.5,3,,,female,0,0,none,,1,1770286190415,0,393,0-X359Q,1770286620818,True,,city,,secondary,,,0,10.907,1770286460525,trial_25,9827858L.png,8.png,9827858L.png,1770286449618,0-X359Q
16,0.645,0,False,2.75,2.83,4.58,4.25,4.92,1770285978176,7,2026-02-05T10:01:26.833000+00:00,phase1_completed,none,5,4.5,4.75,2.75,4.75,3.75,4.5,4.5,5,2.75,3,2.5,2.75,4.5,3,,,female,0,0,none,,0,1770286190415,0,393,0-X359Q,1770286620818,True,,city,,secondary,,,0,2.374,1770286463237,trial_26,9480211R.png,3.png,9480211R.png,1770286460863,0-X359Q
16,0.584,0,False,2.75,2.83,4.58,4.25,4.92,1770285978176,7,2026-02-05T10:01:26.833000+00:00,phase1_completed,none,5,4.5,4.75,2.75,4.75,3.75,4.5,4.5,5,2.75,3,2.5,2.75,4.5,3,,,female,0,0,none,,0,1770286190415,0,393,0-X359Q,1770286620818,True,,city,,secondary,,,0,3.165,1770286466701,trial_27,9598675R.png,27.png,9598675R.png,1770286463536,0-X359Q
16,0.4903,1,False,2.75,2.83,4.58,4.25,4.92,1770285978176,7,2026-02-05T10:01:26.833000+00:00,phase1_completed,none,5,4.5,4.75,2.75,4.75,3.75,4.5,4.5,5,2.75,3,2.5,2.75,4.5,3,,,female,1,4,none,,1,1770286190415,0,393,0-X359Q,1770286620818,True,,city,,secondary,,,0,2.396,1770286469421,trial_28,9311154L.png,39.png,9311154L.png,1770286467025,0-X359Q
16,0.7641,0,False,2.75,2.83,4.58,4.25,4.92,1770285978176,7,2026-02-05T10:01:26.833000+00:00,phase1_completed,none,5,4.5,4.75,2.75,4.75,3.75,4.5,4.5,5,2.75,3,2.5,2.75,4.5,3,,,female,0,0,none,,0,1770286190415,0,393,0-X359Q,1770286620818,True,,city,,secondary,,,0,2.592,1770286472341,trial_29,9667180L.png,35.png,9667180L.png,1770286469749,0-X359Q
16,0.0818,1,False,2.75,2.83,4.58,4.25,4.92,1770285978176,7,2026-02-05T10:01:26.833000+00:00,phase1_completed,none,5,4.5,4.75,2.75,4.75,3.75,4.5,4.5,5,2.75,3,2.5,2.75,4.5,3,,,female,0,0,none,,0,1770286190415,0,393,0-X359Q,1770286620818,True,,city,,secondary,,,0,4.152,1770286364654,trial_3,9397988L.png,42.png,9397988L.png,1770286360502,0-X359Q
16,0.8846,0,False,2.75,2.83,4.58,4.25,4.92,1770285978176,7,2026-02-05T10:01:26.833000+00:00,phase1_completed,none,5,4.5,4.75,2.75,4.75,3.75,4.5,4.5,5,2.75,3,2.5,2.75,4.5,3,,,female,1,2,none,,0,1770286190415,0,393,0-X359Q,1770286620818,True,,city,,secondary,,,0,7.232,1770286479861,trial_30,9998089R.png,24.png,9998089R.png,1770286472629,0-X359Q
16,0.9329,1,False,2.75,2.83,4.58,4.25,4.92,1770285978176,7,2026-02-05T10:01:26.833000+00:00,phase1_completed,none,5,4.5,4.75,2.75,4.75,3.75,4.5,4.5,5,2.75,3,2.5,2.75,4.5,3,,,female,1,3,none,,1,1770286190415,0,393,0-X359Q,1770286620818,True,,city,,secondary,,,0,2.241,1770286482469,trial_31,9075939L.png,16.png,9075939L.png,1770286480228,0-X359Q
16,0.8646,0,False,2.75,2.83,4.58,4.25,4.92,1770285978176,7,2026-02-05T10:01:26.833000+00:00,phase1_completed,none,5,4.5,4.75,2.75,4.75,3.75,4.5,4.5,5,2.75,3,2.5,2.75,4.5,3,,,female,0,0,none,,1,1770286190415,0,393,0-X359Q,1770286620818,True,,city,,secondary,,,0,3.027,1770286485789,trial_32,9719890R.png,25.png,9719890R.png,1770286482762,0-X359Q
16,0.7533,0,False,2.75,2.83,4.58,4.25,4.92,1770285978176,7,2026-02-05T10:01:26.833000+00:00,phase1_completed,none,5,4.5,4.75,2.75,4.75,3.75,4.5,4.5,5,2.75,3,2.5,2.75,4.5,3,,,female,0,0,none,,0,1770286190415,0,393,0-X359Q,1770286620818,True,,city,,secondary,,,0,3.555,1770286489637,trial_33,9166468R.png,18.png,9166468R.png,1770286486082,0-X359Q
16,0.8842,1,False,2.75,2.83,4.58,4.25,4.92,1770285978176,7,2026-02-05T10:01:26.833000+00:00,phase1_completed,none,5,4.5,4.75,2.75,4.75,3.75,4.5,4.5,5,2.75,3,2.5,2.75,4.5,3,,,female,1,2,none,,1,1770286190415,0,393,0-X359Q,1770286620818,True,,city,,secondary,,,0,8.514,1770286498485,trial_34,9304828L.png,46.png,9304828L.png,1770286489971,0-X359Q
16,0.4814,0,False,2.75,2.83,4.58,4.25,4.92,1770285978176,7,2026-02-05T10:01:26.833000+00:00,phase1_completed,none,5,4.5,4.75,2.75,4.75,3.75,4.5,4.5,5,2.75,3,2.5,2.75,4.5,3,,,female,0,0,none,,0,1770286190415,0,393,0-X359Q,1770286620818,True,,city,,secondary,,,0,2.987,1770286501781,trial_35,9645608L.png,43.png,9645608L.png,1770286498794,0-X359Q
16,0.916,1,False,2.75,2.83,4.58,4.25,4.92,1770285978176,7,2026-02-05T10:01:26.833000+00:00,phase1_completed,none,5,4.5,4.75,2.75,4.75,3.75,4.5,4.5,5,2.75,3,2.5,2.75,4.5,3,,,female,1,2,none,,0,1770286190415,0,393,0-X359Q,1770286620818,True,,city,,secondary,,,0,3.252,1770286505494,trial_36,9862321L.png,17.png,9862321L.png,1770286502242,0-X359Q
16,0.9625,1,False,2.75,2.83,4.58,4.25,4.92,1770285978176,7,2026-02-05T10:01:26.833000+00:00,phase1_completed,none,5,4.5,4.75,2.75,4.75,3.75,4.5,4.5,5,2.75,3,2.5,2.75,4.5,3,,,female,1,3,none,,1,1770286190415,0,393,0-X359Q,1770286620818,True,,city,,secondary,,,0,2.705,1770286508494,trial_37,9037494R.png,31.png,9037494R.png,1770286505789,0-X359Q
16,0.6514,1,False,2.75,2.83,4.58,4.25,4.92,1770285978176,7,2026-02-05T10:01:26.833000+00:00,phase1_completed,none,5,4.5,4.75,2.75,4.75,3.75,4.5,4.5,5,2.75,3,2.5,2.75,4.5,3,,,female,1,2,none,,1,1770286190415,0,393,0-X359Q,1770286620818,True,,city,,secondary,,,0,3.251,1770286512053,trial_38,9448315L.png,28.png,9448315L.png,1770286508802,0-X359Q
16,0.8162,0,False,2.75,2.83,4.58,4.25,4.92,1770285978176,7,2026-02-05T10:01:26.833000+00:00,phase1_completed,none,5,4.5,4.75,2.75,4.75,3.75,4.5,4.5,5,2.75,3,2.5,2.75,4.5,3,,,female,0,0,none,,0,1770286190415,0,393,0-X359Q,1770286620818,True,,city,,secondary,,,0,5.036,1770286517405,trial_39,9253225L.png,21.png,9253225L.png,1770286512369,0-X359Q
16,0.0389,1,False,2.75,2.83,4.58,4.25,4.92,1770285978176,7,2026-02-05T10:01:26.833000+00:00,phase1_completed,none,5,4.5,4.75,2.75,4.75,3.75,4.5,4.5,5,2.75,3,2.5,2.75,4.5,3,,,female,0,0,none,,0,1770286190415,0,393,0-X359Q,1770286620818,True,,city,,secondary,,,0,5.258,1770286370230,trial_4,9911788L.png,10.png,9911788L.png,1770286364972,0-X359Q
16,0.5424,1,False,2.75,2.83,4.58,4.25,4.92,1770285978176,7,2026-02-05T10:01:26.833000+00:00,phase1_completed,none,5,4.5,4.75,2.75,4.75,3.75,4.5,4.5,5,2.75,3,2.5,2.75,4.5,3,,,female,1,2,none,,0,1770286190415,0,393,0-X359Q,1770286620818,True,,city,,secondary,,,0,5.159,1770286522869,trial_40,9648224L.png,44.png,9648224L.png,1770286517710,0-X359Q
16,0.3771,0,False,2.75,2.83,4.58,4.25,4.92,1770285978176,7,2026-02-05T10:01:26.833000+00:00,phase1_completed,none,5,4.5,4.75,2.75,4.75,3.75,4.5,4.5,5,2.75,3,2.5,2.75,4.5,3,,,female,0,0,none,,0,1770286190415,0,393,0-X359Q,1770286620818,True,,city,,secondary,,,0,4.141,1770286527333,trial_41,9872350R.png,30.png,9872350R.png,1770286523192,0-X359Q
16,0.6057,0,False,2.75,2.83,4.58,4.25,4.92,1770285978176,7,2026-02-05T10:01:26.833000+00:00,phase1_completed,none,5,4.5,4.75,2.75,4.75,3.75,4.5,4.5,5,2.75,3,2.5,2.75,4.5,3,,,female,1,2,none,,1,1770286190415,0,393,0-X359Q,1770286620818,True,,city,,secondary,,,0,2.8,1770286530460,trial_42,9606955R.png,11.png,9606955R.png,1770286527660,0-X359Q
16,0.0923,0,False,2.75,2.83,4.58,4.25,4.92,1770285978176,7,2026-02-05T10:01:26.833000+00:00,phase1_completed,none,5,4.5,4.75,2.75,4.75,3.75,4.5,4.5,5,2.75,3,2.5,2.75,4.5,3,,,female,1,3,none,,1,1770286190415,0,393,0-X359Q,1770286620818,True,,city,,secondary,,,0,2.865,1770286533733,trial_43,9305336L.png,12.png,9305336L.png,1770286530868,0-X359Q
16,0.9124,0,False,2.75,2.83,4.58,4.25,4.92,1770285978176,7,2026-02-05T10:01:26.833000+00:00,phase1_completed,none,5,4.5,4.75,2.75,4.75,3.75,4.5,4.5,5,2.75,3,2.5,2.75,4.5,3,,,female,0,0,none,,0,1770286190415,0,393,0-X359Q,1770286620818,True,,city,,secondary,,,0,19.474,1770286553517,trial_44,9717450L.png,40.png,9717450L.png,1770286534043,0-X359Q
16,0.79,1,False,2.75,2.83,4.58,4.25,4.92,1770285978176,7,2026-02-05T10:01:26.833000+00:00,phase1_completed,none,5,4.5,4.75,2.75,4.75,3.75,4.5,4.5,5,2.75,3,2.5,2.75,4.5,3,,,female,1,2,none,,0,1770286190415,0,393,0-X359Q,1770286620818,True,,city,,secondary,,,0,30.094,1770286583948,trial_45,9142551R.png,37.png,9142551R.png,1770286553854,0-X359Q
16,0.9948,1,False,2.75,2.83,4.58,4.25,4.92,1770285978176,7,2026-02-05T10:01:26.833000+00:00,phase1_completed,none,5,4.5,4.75,2.75,4.75,3.75,4.5,4.5,5,2.75,3,2.5,2.75,4.5,3,,,female,1,3,none,,1,1770286190415,0,393,0-X359Q,1770286620818,True,,city,,secondary,,,0,2.512,1770286586764,trial_46,9113018R.png,2.png,9113018R.png,1770286584252,0-X359Q
16,0.5749,1,False,2.75,2.83,4.58,4.25,4.92,1770285978176,7,2026-02-05T10:01:26.833000+00:00,phase1_completed,none,5,4.5,4.75,2.75,4.75,3.75,4.5,4.5,5,2.75,3,2.5,2.75,4.5,3,,,female,1,2,none,,1,1770286190415,0,393,0-X359Q,1770286620818,True,,city,,secondary,,,0,4.801,1770286591860,trial_47,9797850R.png,32.png,9797850R.png,1770286587059,0-X359Q
16,0.1582,0,False,2.75,2.83,4.58,4.25,4.92,1770285978176,7,2026-02-05T10:01:26.833000+00:00,phase1_completed,none,5,4.5,4.75,2.75,4.75,3.75,4.5,4.5,5,2.75,3,2.5,2.75,4.5,3,,,female,1,2,none,,0,1770286190415,0,393,0-X359Q,1770286620818,True,,city,,secondary,,,0,2.252,1770286594388,trial_48,9466142R.png,5.png,9466142R.png,1770286592136,0-X359Q
16,0.5533,0,False,2.75,2.83,4.58,4.25,4.92,1770285978176,7,2026-02-05T10:01:26.833000+00:00,phase1_completed,none,5,4.5,4.75,2.75,4.75,3.75,4.5,4.5,5,2.75,3,2.5,2.75,4.5,3,,,female,0,0,none,,0,1770286190415,0,393,0-X359Q,1770286620818,True,,city,,secondary,,,0,3.114,1770286597788,trial_49,9261557L.png,23.png,9261557L.png,1770286594674,0-X359Q
16,0.6423,0,False,2.75,2.83,4.58,4.25,4.92,1770285978176,7,2026-02-05T10:01:26.833000+00:00,phase1_completed,none,5,4.5,4.75,2.75,4.75,3.75,4.5,4.5,5,2.75,3,2.5,2.75,4.5,3,,,female,0,0,none,,1,1770286190415,0,393,0-X359Q,1770286620818,True,,city,,secondary,,,0,4.843,1770286375374,trial_5,9143031L.png,4.png,9143031L.png,1770286370531,0-X359Q
16,0.2252,0,False,2.75,2.83,4.58,4.25,4.92,1770285978176,7,2026-02-05T10:01:26.833000+00:00,phase1_completed,none,5,4.5,4.75,2.75,4.75,3.75,4.5,4.5,5,2.75,3,2.5,2.75,4.5,3,,,female,0,0,none,,1,1770286190415,0,393,0-X359Q,1770286620818,True,,city,,secondary,,,0,22.483,1770286620653,trial_50,9097360L.png,1.png,9097360L.png,1770286598170,0-X359Q
16,0.0426,1,False,2.75,2.83,4.58,4.25,4.92,1770285978176,7,2026-02-05T10:01:26.833000+00:00,phase1_completed,none,5,4.5,4.75,2.75,4.75,3.75,4.5,4.5,5,2.75,3,2.5,2.75,4.5,3,,,female,0,0,none,,1,1770286190415,0,393,0-X359Q,1770286620818,True,,city,,secondary,,,0,3.636,1770286379318,trial_6,9360243L.png,50.png,9360243L.png,1770286375682,0-X359Q
16,0.9867,1,False,2.75,2.83,4.58,4.25,4.92,1770285978176,7,2026-02-05T10:01:26.833000+00:00,phase1_completed,none,5,4.5,4.75,2.75,4.75,3.75,4.5,4.5,5,2.75,3,2.5,2.75,4.5,3,,,female,1,3,none,,1,1770286190415,0,393,0-X359Q,1770286620818,True,,city,,secondary,,,0,2.4,1770286382014,trial_7,9267247L.png,38.png,9267247L.png,1770286379614,0-X359Q
16,0.8137,0,False,2.75,2.83,4.58,4.25,4.92,1770285978176,7,2026-02-05T10:01:26.833000+00:00,phase1_completed,none,5,4.5,4.75,2.75,4.75,3.75,4.5,4.5,5,2.75,3,2.5,2.75,4.5,3,,,female,1,3,none,,1,1770286190415,0,393,0-X359Q,1770286620818,True,,city,,secondary,,,0,3.941,1770286386310,trial_8,9046206L.png,29.png,9046206L.png,1770286382369,0-X359Q
16,0.329,0,False,2.75,2.83,4.58,4.25,4.92,1770285978176,7,2026-02-05T10:01:26.833000+00:00,phase1_completed,none,5,4.5,4.75,2.75,4.75,3.75,4.5,4.5,5,2.75,3,2.5,2.75,4.5,3,,,female,0,0,none,,1,1770286190415,0,393,0-X359Q,1770286620818,True,,city,,secondary,,,0,2.644,1770286389326,trial_9,9043461R.png,9.png,9043461R.png,1770286386682,0-X359Q
16,0.0923,0,False,2.33,4.17,3.42,2.75,3.75,1770286124275,6,2026-02-05T09:59:08.008000+00:00,phase1_completed,none,1.5,2.5,3.75,2,5,3,2.75,3.5,4.75,4.5,4.25,2.75,3.75,3,2.25,,,male,1,3,none,,0,1770286250353,0,477,0-XTEVM,1770286706493,True,,city,,secondary,,,0,9.226,1770286408488,trial_1,9305336L.png,12.png,9305336L.png,1770286399262,0-XTEVM
16,0.7641,0,False,2.33,4.17,3.42,2.75,3.75,1770286124275,7,2026-02-05T09:59:08.008000+00:00,phase1_completed,none,1.5,2.5,3.75,2,5,3,2.75,3.5,4.75,4.5,4.25,2.75,3.75,3,2.25,,,male,0,0,none,,0,1770286250353,0,477,0-XTEVM,1770286706493,True,,city,,secondary,,,0,2.729,1770286462976,trial_10,9667180L.png,35.png,9667180L.png,1770286460247,0-XTEVM
16,0.4814,0,False,2.33,4.17,3.42,2.75,3.75,1770286124275,6,2026-02-05T09:59:08.008000+00:00,phase1_completed,none,1.5,2.5,3.75,2,5,3,2.75,3.5,4.75,4.5,4.25,2.75,3.75,3,2.25,,,male,0,0,none,,0,1770286250353,0,477,0-XTEVM,1770286706493,True,,city,,secondary,,,0,6.683,1770286469984,trial_11,9645608L.png,43.png,9645608L.png,1770286463301,0-XTEVM
16,0.8842,1,False,2.33,4.17,3.42,2.75,3.75,1770286124275,7,2026-02-05T09:59:08.008000+00:00,phase1_completed,none,1.5,2.5,3.75,2,5,3,2.75,3.5,4.75,4.5,4.25,2.75,3.75,3,2.25,,,male,1,2,none,,1,1770286250353,0,477,0-XTEVM,1770286706493,True,,city,,secondary,,,0,4.515,1770286474864,trial_12,9304828L.png,46.png,9304828L.png,1770286470349,0-XTEVM
16,0.5749,1,False,2.33,4.17,3.42,2.75,3.75,1770286124275,6,2026-02-05T09:59:08.008000+00:00,phase1_completed,none,1.5,2.5,3.75,2,5,3,2.75,3.5,4.75,4.5,4.25,2.75,3.75,3,2.25,,,male,1,2,none,,1,1770286250353,0,477,0-XTEVM,1770286706493,True,,city,,secondary,,,0,3.588,1770286478784,trial_13,9797850R.png,32.png,9797850R.png,1770286475196,0-XTEVM
16,0.5424,1,False,2.33,4.17,3.42,2.75,3.75,1770286124275,5,2026-02-05T09:59:08.008000+00:00,phase1_completed,none,1.5,2.5,3.75,2,5,3,2.75,3.5,4.75,4.5,4.25,2.75,3.75,3,2.25,,,male,1,2,none,,1,1770286250353,0,477,0-XTEVM,1770286706493,True,,city,,secondary,,,0,15.139,1770286494280,trial_14,9648224L.png,44.png,9648224L.png,1770286479141,0-XTEVM
16,0.9663,1,False,2.33,4.17,3.42,2.75,3.75,1770286124275,7,2026-02-05T09:59:08.008000+00:00,phase1_completed,none,1.5,2.5,3.75,2,5,3,2.75,3.5,4.75,4.5,4.25,2.75,3.75,3,2.25,,,male,1,3,none,,1,1770286250353,0,477,0-XTEVM,1770286706493,True,,city,,secondary,,,0,2.286,1770286496960,trial_15,9056326L.png,19.png,9056326L.png,1770286494674,0-XTEVM
16,0.584,0,False,2.33,4.17,3.42,2.75,3.75,1770286124275,5,2026-02-05T09:59:08.008000+00:00,phase1_completed,none,1.5,2.5,3.75,2,5,3,2.75,3.5,4.75,4.5,4.25,2.75,3.75,3,2.25,,,male,0,0,none,,1,1770286250353,0,477,0-XTEVM,1770286706493,True,,city,,secondary,,,0,3.795,1770286501088,trial_16,9598675R.png,27.png,9598675R.png,1770286497293,0-XTEVM
16,0.9948,1,False,2.33,4.17,3.42,2.75,3.75,1770286124275,7,2026-02-05T09:59:08.008000+00:00,phase1_completed,none,1.5,2.5,3.75,2,5,3,2.75,3.5,4.75,4.5,4.25,2.75,3.75,3,2.25,,,male,1,3,none,,1,1770286250353,0,477,0-XTEVM,1770286706493,True,,city,,secondary,,,0,2.893,1770286504336,trial_17,9113018R.png,2.png,9113018R.png,1770286501443,0-XTEVM
16,0.5823,0,False,2.33,4.17,3.42,2.75,3.75,1770286124275,4,2026-02-05T09:59:08.008000+00:00,phase1_completed,none,1.5,2.5,3.75,2,5,3,2.75,3.5,4.75,4.5,4.25,2.75,3.75,3,2.25,,,male,1,2,none,,1,1770286250353,0,477,0-XTEVM,1770286706493,True,,city,,secondary,,,0,3.098,1770286507784,trial_18,9008884R.png,20.png,9008884R.png,1770286504686,0-XTEVM
16,0.6057,0,False,2.33,4.17,3.42,2.75,3.75,1770286124275,7,2026-02-05T09:59:08.008000+00:00,phase1_completed,none,1.5,2.5,3.75,2,5,3,2.75,3.5,4.75,4.5,4.25,2.75,3.75,3,2.25,,,male,1,2,none,,1,1770286250353,0,477,0-XTEVM,1770286706493,True,,city,,secondary,,,0,4.906,1770286513048,trial_19,9606955R.png,11.png,9606955R.png,1770286508142,0-XTEVM
16,0.916,1,False,2.33,4.17,3.42,2.75,3.75,1770286124275,6,2026-02-05T09:59:08.008000+00:00,phase1_completed,none,1.5,2.5,3.75,2,5,3,2.75,3.5,4.75,4.5,4.25,2.75,3.75,3,2.25,,,male,1,2,none,,0,1770286250353,0,477,0-XTEVM,1770286706493,True,,city,,secondary,,,0,7.162,1770286416128,trial_2,9862321L.png,17.png,9862321L.png,1770286408966,0-XTEVM
16,0.9329,1,False,2.33,4.17,3.42,2.75,3.75,1770286124275,7,2026-02-05T09:59:08.008000+00:00,phase1_completed,none,1.5,2.5,3.75,2,5,3,2.75,3.5,4.75,4.5,4.25,2.75,3.75,3,2.25,,,male,1,3,none,,1,1770286250353,0,477,0-XTEVM,1770286706493,True,,city,,secondary,,,0,2.595,1770286515992,trial_20,9075939L.png,16.png,9075939L.png,1770286513397,0-XTEVM
16,0.9843,1,False,2.33,4.17,3.42,2.75,3.75,1770286124275,3,2026-02-05T09:59:08.008000+00:00,phase1_completed,none,1.5,2.5,3.75,2,5,3,2.75,3.5,4.75,4.5,4.25,2.75,3.75,3,2.25,,,male,1,2,none,,1,1770286250353,0,477,0-XTEVM,1770286706493,True,,city,,secondary,,,0,31.635,1770286547976,trial_21,9322109R.png,14.png,9322109R.png,1770286516341,0-XTEVM
16,0.9625,1,False,2.33,4.17,3.42,2.75,3.75,1770286124275,6,2026-02-05T09:59:08.008000+00:00,phase1_completed,none,1.5,2.5,3.75,2,5,3,2.75,3.5,4.75,4.5,4.25,2.75,3.75,3,2.25,,,male,1,3,none,,1,1770286250353,0,477,0-XTEVM,1770286706493,True,,city,,secondary,,,0,2.869,1770286551224,trial_22,9037494R.png,31.png,9037494R.png,1770286548355,0-XTEVM
16,0.8846,0,False,2.33,4.17,3.42,2.75,3.75,1770286124275,5,2026-02-05T09:59:08.008000+00:00,phase1_completed,none,1.5,2.5,3.75,2,5,3,2.75,3.5,4.75,4.5,4.25,2.75,3.75,3,2.25,,,male,1,2,none,,1,1770286250353,0,477,0-XTEVM,1770286706493,True,,city,,secondary,,,0,6.092,1770286557680,trial_23,9998089R.png,24.png,9998089R.png,1770286551588,0-XTEVM
16,0.5639,0,False,2.33,4.17,3.42,2.75,3.75,1770286124275,3,2026-02-05T09:59:08.008000+00:00,phase1_completed,none,1.5,2.5,3.75,2,5,3,2.75,3.5,4.75,4.5,4.25,2.75,3.75,3,2.25,,,male,0,0,none,,0,1770286250353,0,477,0-XTEVM,1770286706493,True,,city,,secondary,,,0,7.755,1770286565792,trial_24,9100699L.png,48.png,9100699L.png,1770286558037,0-XTEVM
16,0.6514,1,False,2.33,4.17,3.42,2.75,3.75,1770286124275,6,2026-02-05T09:59:08.008000+00:00,phase1_completed,none,1.5,2.5,3.75,2,5,3,2.75,3.5,4.75,4.5,4.25,2.75,3.75,3,2.25,,,male,1,2,none,,0,1770286250353,0,477,0-XTEVM,1770286706493,True,,city,,secondary,,,0,11.471,1770286577633,trial_25,9448315L.png,28.png,9448315L.png,1770286566162,0-XTEVM
16,0.5532,0,False,2.33,4.17,3.42,2.75,3.75,1770286124275,5,2026-02-05T09:59:08.008000+00:00,phase1_completed,none,1.5,2.5,3.75,2,5,3,2.75,3.5,4.75,4.5,4.25,2.75,3.75,3,2.25,,,male,0,0,none,,1,1770286250353,0,477,0-XTEVM,1770286706493,True,,city,,secondary,,,0,4.196,1770286582168,trial_26,9043461L.png,34.png,9043461L.png,1770286577972,0-XTEVM
16,0.4903,1,False,2.33,4.17,3.42,2.75,3.75,1770286124275,7,2026-02-05T09:59:08.008000+00:00,phase1_completed,none,1.5,2.5,3.75,2,5,3,2.75,3.5,4.75,4.5,4.25,2.75,3.75,3,2.25,,,male,1,4,none,,1,1770286250353,0,477,0-XTEVM,1770286706493,True,,city,,secondary,,,0,2.169,1770286584704,trial_27,9311154L.png,39.png,9311154L.png,1770286582535,0-XTEVM
16,0.0389,1,False,2.33,4.17,3.42,2.75,3.75,1770286124275,6,2026-02-05T09:59:08.008000+00:00,phase1_completed,none,1.5,2.5,3.75,2,5,3,2.75,3.5,4.75,4.5,4.25,2.75,3.75,3,2.25,,,male,0,0,none,,0,1770286250353,0,477,0-XTEVM,1770286706493,True,,city,,secondary,,,0,8.012,1770286593080,trial_28,9911788L.png,10.png,9911788L.png,1770286585068,0-XTEVM
16,0.8646,0,False,2.33,4.17,3.42,2.75,3.75,1770286124275,6,2026-02-05T09:59:08.008000+00:00,phase1_completed,none,1.5,2.5,3.75,2,5,3,2.75,3.5,4.75,4.5,4.25,2.75,3.75,3,2.25,,,male,0,0,none,,0,1770286250353,0,477,0-XTEVM,1770286706493,True,,city,,secondary,,,0,2.169,1770286595640,trial_29,9719890R.png,25.png,9719890R.png,1770286593471,0-XTEVM
16,0.8107,0,False,2.33,4.17,3.42,2.75,3.75,1770286124275,7,2026-02-05T09:59:08.008000+00:00,phase1_completed,none,1.5,2.5,3.75,2,5,3,2.75,3.5,4.75,4.5,4.25,2.75,3.75,3,2.25,,,male,0,0,none,,1,1770286250353,0,477,0-XTEVM,1770286706493,True,,city,,secondary,,,0,7.617,1770286424104,trial_3,9870268R.png,26.png,9870268R.png,1770286416487,0-XTEVM
16,0.8986,1,False,2.33,4.17,3.42,2.75,3.75,1770286124275,6,2026-02-05T09:59:08.008000+00:00,phase1_completed,none,1.5,2.5,3.75,2,5,3,2.75,3.5,4.75,4.5,4.25,2.75,3.75,3,2.25,,,male,1,3,none,,1,1770286250353,0,477,0-XTEVM,1770286706493,True,,city,,secondary,,,0,10.542,1770286606640,trial_30,9683886R.png,22.png,9683886R.png,1770286596098,0-XTEVM
16,0.8517,0,False,2.33,4.17,3.42,2.75,3.75,1770286124275,7,2026-02-05T09:59:08.008000+00:00,phase1_completed,none,1.5,2.5,3.75,2,5,3,2.75,3.5,4.75,4.5,4.25,2.75,3.75,3,2.25,,,male,0,0,none,,1,1770286250353,0,477,0-XTEVM,1770286706493,True,,city,,secondary,,,0,2.467,1770286609464,trial_31,9810475L.png,13.png,9810475L.png,1770286606997,0-XTEVM
16,0.9124,0,False,2.33,4.17,3.42,2.75,3.75,1770286124275,7,2026-02-05T09:59:08.008000+00:00,phase1_completed,none,1.5,2.5,3.75,2,5,3,2.75,3.5,4.75,4.5,4.25,2.75,3.75,3,2.25,,,male,0,0,none,,1,1770286250353,0,477,0-XTEVM,1770286706493,True,,city,,secondary,,,0,2.137,1770286611952,trial_32,9717450L.png,40.png,9717450L.png,1770286609815,0-XTEVM
16,0.5825,0,False,2.33,4.17,3.42,2.75,3.75,1770286124275,7,2026-02-05T09:59:08.008000+00:00,phase1_completed,none,1.5,2.5,3.75,2,5,3,2.75,3.5,4.75,4.5,4.25,2.75,3.75,3,2.25,,,male,1,2,none,,1,1770286250353,0,477,0-XTEVM,1770286706493,True,,city,,secondary,,,0,1.728,1770286614009,trial_33,9626432R.png,15.png,9626432R.png,1770286612281,0-XTEVM
16,0.7533,0,False,2.33,4.17,3.42,2.75,3.75,1770286124275,7,2026-02-05T09:59:08.008000+00:00,phase1_completed,none,1.5,2.5,3.75,2,5,3,2.75,3.5,4.75,4.5,4.25,2.75,3.75,3,2.25,,,male,0,0,none,,0,1770286250353,0,477,0-XTEVM,1770286706493,True,,city,,secondary,,,0,3.979,1770286618336,trial_34,9166468R.png,18.png,9166468R.png,1770286614357,0-XTEVM
16,0.2252,0,False,2.33,4.17,3.42,2.75,3.75,1770286124275,6,2026-02-05T09:59:08.008000+00:00,phase1_completed,none,1.5,2.5,3.75,2,5,3,2.75,3.5,4.75,4.5,4.25,2.75,3.75,3,2.25,,,male,0,0,none,,0,1770286250353,0,477,0-XTEVM,1770286706493,True,,city,,secondary,,,0,4.146,1770286622920,trial_35,9097360L.png,1.png,9097360L.png,1770286618774,0-XTEVM
16,0.0426,1,False,2.33,4.17,3.42,2.75,3.75,1770286124275,7,2026-02-05T09:59:08.008000+00:00,phase1_completed,none,1.5,2.5,3.75,2,5,3,2.75,3.5,4.75,4.5,4.25,2.75,3.75,3,2.25,,,male,0,0,none,,0,1770286250353,0,477,0-XTEVM,1770286706493,True,,city,,secondary,,,0,4.043,1770286627304,trial_36,9360243L.png,50.png,9360243L.png,1770286623261,0-XTEVM
16,0.9867,1,False,2.33,4.17,3.42,2.75,3.75,1770286124275,6,2026-02-05T09:59:08.008000+00:00,phase1_completed,none,1.5,2.5,3.75,2,5,3,2.75,3.5,4.75,4.5,4.25,2.75,3.75,3,2.25,,,male,1,3,none,,1,1770286250353,0,477,0-XTEVM,1770286706493,True,,city,,secondary,,,0,3.083,1770286630752,trial_37,9267247L.png,38.png,9267247L.png,1770286627669,0-XTEVM
16,0.5533,0,False,2.33,4.17,3.42,2.75,3.75,1770286124275,6,2026-02-05T09:59:08.008000+00:00,phase1_completed,none,1.5,2.5,3.75,2,5,3,2.75,3.5,4.75,4.5,4.25,2.75,3.75,3,2.25,,,male,0,0,none,,0,1770286250353,0,477,0-XTEVM,1770286706493,True,,city,,secondary,,,0,4.599,1770286635744,trial_38,9261557L.png,23.png,9261557L.png,1770286631145,0-XTEVM
16,0.9974,1,False,2.33,4.17,3.42,2.75,3.75,1770286124275,7,2026-02-05T09:59:08.008000+00:00,phase1_completed,none,1.5,2.5,3.75,2,5,3,2.75,3.5,4.75,4.5,4.25,2.75,3.75,3,2.25,,,male,1,3,none,,1,1770286250353,0,477,0-XTEVM,1770286706493,True,,city,,secondary,,,0,2.634,1770286638744,trial_39,9271965R.png,47.png,9271965R.png,1770286636110,0-XTEVM
16,0.0496,1,False,2.33,4.17,3.42,2.75,3.75,1770286124275,5,2026-02-05T09:59:08.008000+00:00,phase1_completed,none,1.5,2.5,3.75,2,5,3,2.75,3.5,4.75,4.5,4.25,2.75,3.75,3,2.25,,,male,0,0,none,,1,1770286250353,0,477,0-XTEVM,1770286706493,True,,city,,secondary,,,0,3.499,1770286427936,trial_4,9023935L.png,41.png,9023935L.png,1770286424437,0-XTEVM
16,0.0818,1,False,2.33,4.17,3.42,2.75,3.75,1770286124275,4,2026-02-05T09:59:08.008000+00:00,phase1_completed,none,1.5,2.5,3.75,2,5,3,2.75,3.5,4.75,4.5,4.25,2.75,3.75,3,2.25,,,male,0,0,none,,1,1770286250353,0,477,0-XTEVM,1770286706493,True,,city,,secondary,,,0,9.159,1770286648304,trial_40,9397988L.png,42.png,9397988L.png,1770286639145,0-XTEVM
16,0.1582,0,False,2.33,4.17,3.42,2.75,3.75,1770286124275,3,2026-02-05T09:59:08.008000+00:00,phase1_completed,none,1.5,2.5,3.75,2,5,3,2.75,3.5,4.75,4.5,4.25,2.75,3.75,3,2.25,,,male,1,2,none,,1,1770286250353,0,477,0-XTEVM,1770286706493,True,,city,,secondary,,,0,3.624,1770286652281,trial_41,9466142R.png,5.png,9466142R.png,1770286648657,0-XTEVM
16,0.645,0,False,2.33,4.17,3.42,2.75,3.75,1770286124275,7,2026-02-05T09:59:08.008000+00:00,phase1_completed,none,1.5,2.5,3.75,2,5,3,2.75,3.5,4.75,4.5,4.25,2.75,3.75,3,2.25,,,male,0,0,none,,0,1770286250353,0,477,0-XTEVM,1770286706493,True,,city,,secondary,,,0,2.714,1770286655376,trial_42,9480211R.png,3.png,9480211R.png,1770286652662,0-XTEVM
16,0.8709,1,False,2.33,4.17,3.42,2.75,3.75,1770286124275,7,2026-02-05T09:59:08.008000+00:00,phase1_completed,none,1.5,2.5,3.75,2,5,3,2.75,3.5,4.75,4.5,4.25,2.75,3.75,3,2.25,,,male,1,2,none,,0,1770286250353,0,477,0-XTEVM,1770286706493,True,,city,,secondary,,,0,2.016,1770286657856,trial_43,9354156R.png,6.png,9354156R.png,1770286655840,0-XTEVM
16,0.329,0,False,2.33,4.17,3.42,2.75,3.75,1770286124275,4,2026-02-05T09:59:08.008000+00:00,phase1_completed,none,1.5,2.5,3.75,2,5,3,2.75,3.5,4.75,4.5,4.25,2.75,3.75,3,2.25,,,male,0,0,none,,1,1770286250353,0,477,0-XTEVM,1770286706493,True,,city,,secondary,,,0,23.891,1770286682192,trial_44,9043461R.png,9.png,9043461R.png,1770286658301,0-XTEVM
16,0.3014,1,False,2.33,4.17,3.42,2.75,3.75,1770286124275,5,2026-02-05T09:59:08.008000+00:00,phase1_completed,none,1.5,2.5,3.75,2,5,3,2.75,3.5,4.75,4.5,4.25,2.75,3.75,3,2.25,,,male,0,0,none,,0,1770286250353,0,477,0-XTEVM,1770286706493,True,,city,,secondary,,,0,7.489,1770286690056,trial_45,9299531R.png,36.png,9299531R.png,1770286682567,0-XTEVM
16,0.4633,1,False,2.33,4.17,3.42,2.75,3.75,1770286124275,7,2026-02-05T09:59:08.008000+00:00,phase1_completed,none,1.5,2.5,3.75,2,5,3,2.75,3.5,4.75,4.5,4.25,2.75,3.75,3,2.25,,,male,0,0,none,,0,1770286250353,0,477,0-XTEVM,1770286706493,True,,city,,secondary,,,0,3.041,1770286693488,trial_46,9140556L.png,7.png,9140556L.png,1770286690447,0-XTEVM
16,0.8162,0,False,2.33,4.17,3.42,2.75,3.75,1770286124275,6,2026-02-05T09:59:08.008000+00:00,phase1_completed,none,1.5,2.5,3.75,2,5,3,2.75,3.5,4.75,4.5,4.25,2.75,3.75,3,2.25,,,male,0,0,none,,0,1770286250353,0,477,0-XTEVM,1770286706493,True,,city,,secondary,,,0,2.979,1770286696824,trial_47,9253225L.png,21.png,9253225L.png,1770286693845,0-XTEVM
16,0.9095,1,False,2.33,4.17,3.42,2.75,3.75,1770286124275,7,2026-02-05T09:59:08.008000+00:00,phase1_completed,none,1.5,2.5,3.75,2,5,3,2.75,3.5,4.75,4.5,4.25,2.75,3.75,3,2.25,,,male,1,2,none,,0,1770286250353,0,477,0-XTEVM,1770286706493,True,,city,,secondary,,,0,1.764,1770286698984,trial_48,9534110L.png,49.png,9534110L.png,1770286697220,0-XTEVM
16,0.6423,0,False,2.33,4.17,3.42,2.75,3.75,1770286124275,5,2026-02-05T09:59:08.008000+00:00,phase1_completed,none,1.5,2.5,3.75,2,5,3,2.75,3.5,4.75,4.5,4.25,2.75,3.75,3,2.25,,,male,0,0,none,,1,1770286250353,0,477,0-XTEVM,1770286706493,True,,city,,secondary,,,0,3.648,1770286702984,trial_49,9143031L.png,4.png,9143031L.png,1770286699336,0-XTEVM
16,0.79,1,False,2.33,4.17,3.42,2.75,3.75,1770286124275,3,2026-02-05T09:59:08.008000+00:00,phase1_completed,none,1.5,2.5,3.75,2,5,3,2.75,3.5,4.75,4.5,4.25,2.75,3.75,3,2.25,,,male,1,2,none,,0,1770286250353,0,477,0-XTEVM,1770286706493,True,,city,,secondary,,,0,11.988,1770286440320,trial_5,9142551R.png,37.png,9142551R.png,1770286428332,0-XTEVM
16,0.8137,0,False,2.33,4.17,3.42,2.75,3.75,1770286124275,6,2026-02-05T09:59:08.008000+00:00,phase1_completed,none,1.5,2.5,3.75,2,5,3,2.75,3.5,4.75,4.5,4.25,2.75,3.75,3,2.25,,,male,1,3,none,,1,1770286250353,0,477,0-XTEVM,1770286706493,True,,city,,secondary,,,0,2.937,1770286706288,trial_50,9046206L.png,29.png,9046206L.png,1770286703351,0-XTEVM
16,0.401,0,False,2.33,4.17,3.42,2.75,3.75,1770286124275,7,2026-02-05T09:59:08.008000+00:00,phase1_completed,none,1.5,2.5,3.75,2,5,3,2.75,3.5,4.75,4.5,4.25,2.75,3.75,3,2.25,,,male,0,0,none,,0,1770286250353,0,477,0-XTEVM,1770286706493,True,,city,,secondary,,,0,3.58,1770286444280,trial_6,9035779L.png,45.png,9035779L.png,1770286440700,0-XTEVM
16,0.2577,1,False,2.33,4.17,3.42,2.75,3.75,1770286124275,7,2026-02-05T09:59:08.008000+00:00,phase1_completed,none,1.5,2.5,3.75,2,5,3,2.75,3.5,4.75,4.5,4.25,2.75,3.75,3,2.25,,,male,0,0,none,,0,1770286250353,0,477,0-XTEVM,1770286706493,True,,city,,secondary,,,0,7.887,1770286452513,trial_7,9827858L.png,8.png,9827858L.png,1770286444626,0-XTEVM
16,0.1918,0,False,2.33,4.17,3.42,2.75,3.75,1770286124275,7,2026-02-05T09:59:08.008000+00:00,phase1_completed,none,1.5,2.5,3.75,2,5,3,2.75,3.5,4.75,4.5,4.25,2.75,3.75,3,2.25,,,male,1,2,none,,0,1770286250353,0,477,0-XTEVM,1770286706493,True,,city,,secondary,,,0,2.578,1770286455504,trial_8,9788301L.png,33.png,9788301L.png,1770286452926,0-XTEVM
16,0.3771,0,False,2.33,4.17,3.42,2.75,3.75,1770286124275,7,2026-02-05T09:59:08.008000+00:00,phase1_completed,none,1.5,2.5,3.75,2,5,3,2.75,3.5,4.75,4.5,4.25,2.75,3.75,3,2.25,,,male,0,0,none,,0,1770286250353,0,477,0-XTEVM,1770286706493,True,,city,,secondary,,,0,4.045,1770286459896,trial_9,9872350R.png,30.png,9872350R.png,1770286455851,0-XTEVM
16,0.7533,0,False,4,2.83,3.75,3.67,4.67,1770285756770,7,2026-02-05T09:59:21.145000+00:00,phase1_completed,none,5,4.75,3,4,4.25,3,3.25,4.25,4.75,2.75,2.25,3.75,3.5,4,4.25,,,female,0,0,none,,0,1770285976636,0,385,0-YLHX6,1770286615272,True,,budapest,,secondary,,,0,8.58,1770286121058,trial_1,9166468R.png,18.png,9166468R.png,1770286112478,0-YLHX6
16,0.7641,0,False,4,2.83,3.75,3.67,4.67,1770285756770,7,2026-02-05T09:59:21.145000+00:00,phase1_completed,none,5,4.75,3,4,4.25,3,3.25,4.25,4.75,2.75,2.25,3.75,3.5,4,4.25,,,female,0,0,none,,0,1770285976636,0,385,0-YLHX6,1770286615272,True,,budapest,,secondary,,,0,17.953,1770286258386,trial_10,9667180L.png,35.png,9667180L.png,1770286240433,0-YLHX6
16,0.645,0,False,4,2.83,3.75,3.67,4.67,1770285756770,2,2026-02-05T09:59:21.145000+00:00,phase1_completed,none,5,4.75,3,4,4.25,3,3.25,4.25,4.75,2.75,2.25,3.75,3.5,4,4.25,,,female,0,0,none,,1,1770285976636,0,385,0-YLHX6,1770286615272,True,,budapest,,secondary,,,0,8.701,1770286267394,trial_11,9480211R.png,3.png,9480211R.png,1770286258693,0-YLHX6
16,0.5825,0,False,4,2.83,3.75,3.67,4.67,1770285756770,7,2026-02-05T09:59:21.145000+00:00,phase1_completed,none,5,4.75,3,4,4.25,3,3.25,4.25,4.75,2.75,2.25,3.75,3.5,4,4.25,,,female,1,2,none,,1,1770285976636,0,385,0-YLHX6,1770286615272,True,,budapest,,secondary,,,0,3.798,1770286271515,trial_12,9626432R.png,15.png,9626432R.png,1770286267717,0-YLHX6
16,0.9843,1,False,4,2.83,3.75,3.67,4.67,1770285756770,3,2026-02-05T09:59:21.145000+00:00,phase1_completed,none,5,4.75,3,4,4.25,3,3.25,4.25,4.75,2.75,2.25,3.75,3.5,4,4.25,,,female,1,2,none,,0,1770285976636,0,385,0-YLHX6,1770286615272,True,,budapest,,secondary,,,0,27.932,1770286299778,trial_13,9322109R.png,14.png,9322109R.png,1770286271846,0-YLHX6
16,0.0818,1,False,4,2.83,3.75,3.67,4.67,1770285756770,6,2026-02-05T09:59:21.145000+00:00,phase1_completed,none,5,4.75,3,4,4.25,3,3.25,4.25,4.75,2.75,2.25,3.75,3.5,4,4.25,,,female,0,0,none,,1,1770285976636,0,385,0-YLHX6,1770286615272,True,,budapest,,secondary,,,0,8.079,1770286308202,trial_14,9397988L.png,42.png,9397988L.png,1770286300123,0-YLHX6
16,0.3014,1,False,4,2.83,3.75,3.67,4.67,1770285756770,2,2026-02-05T09:59:21.145000+00:00,phase1_completed,none,5,4.75,3,4,4.25,3,3.25,4.25,4.75,2.75,2.25,3.75,3.5,4,4.25,,,female,0,0,none,,1,1770285976636,0,385,0-YLHX6,1770286615272,True,,budapest,,secondary,,,0,4.688,1770286313250,trial_15,9299531R.png,36.png,9299531R.png,1770286308562,0-YLHX6
16,0.3771,0,False,4,2.83,3.75,3.67,4.67,1770285756770,6,2026-02-05T09:59:21.145000+00:00,phase1_completed,none,5,4.75,3,4,4.25,3,3.25,4.25,4.75,2.75,2.25,3.75,3.5,4,4.25,,,female,0,0,none,,1,1770285976636,0,385,0-YLHX6,1770286615272,True,,budapest,,secondary,,,0,5.67,1770286319258,trial_16,9872350R.png,30.png,9872350R.png,1770286313588,0-YLHX6
16,0.0496,1,False,4,2.83,3.75,3.67,4.67,1770285756770,7,2026-02-05T09:59:21.145000+00:00,phase1_completed,none,5,4.75,3,4,4.25,3,3.25,4.25,4.75,2.75,2.25,3.75,3.5,4,4.25,,,female,0,0,none,,1,1770285976636,0,385,0-YLHX6,1770286615272,True,,budapest,,secondary,,,0,3.777,1770286323371,trial_17,9023935L.png,41.png,9023935L.png,1770286319594,0-YLHX6
16,0.9625,1,False,4,2.83,3.75,3.67,4.67,1770285756770,7,2026-02-05T09:59:21.145000+00:00,phase1_completed,none,5,4.75,3,4,4.25,3,3.25,4.25,4.75,2.75,2.25,3.75,3.5,4,4.25,,,female,1,3,none,,1,1770285976636,0,385,0-YLHX6,1770286615272,True,,budapest,,secondary,,,0,5.942,1770286329714,trial_18,9037494R.png,31.png,9037494R.png,1770286323772,0-YLHX6
16,0.8709,1,False,4,2.83,3.75,3.67,4.67,1770285756770,4,2026-02-05T09:59:21.145000+00:00,phase1_completed,none,5,4.75,3,4,4.25,3,3.25,4.25,4.75,2.75,2.25,3.75,3.5,4,4.25,,,female,1,2,none,,1,1770285976636,0,385,0-YLHX6,1770286615272,True,,budapest,,secondary,,,0,11.59,1770286341842,trial_19,9354156R.png,6.png,9354156R.png,1770286330252,0-YLHX6
16,0.5533,0,False,4,2.83,3.75,3.67,4.67,1770285756770,4,2026-02-05T09:59:21.145000+00:00,phase1_completed,none,5,4.75,3,4,4.25,3,3.25,4.25,4.75,2.75,2.25,3.75,3.5,4,4.25,,,female,0,0,none,,1,1770285976636,0,385,0-YLHX6,1770286615272,True,,budapest,,secondary,,,0,19.981,1770286141386,trial_2,9261557L.png,23.png,9261557L.png,1770286121405,0-YLHX6
16,0.8107,0,False,4,2.83,3.75,3.67,4.67,1770285756770,3,2026-02-05T09:59:21.145000+00:00,phase1_completed,none,5,4.75,3,4,4.25,3,3.25,4.25,4.75,2.75,2.25,3.75,3.5,4,4.25,,,female,0,0,none,,1,1770285976636,0,385,0-YLHX6,1770286615272,True,,budapest,,secondary,,,0,13.285,1770286355474,trial_20,9870268R.png,26.png,9870268R.png,1770286342189,0-YLHX6
16,0.4903,1,False,4,2.83,3.75,3.67,4.67,1770285756770,7,2026-02-05T09:59:21.145000+00:00,phase1_completed,none,5,4.75,3,4,4.25,3,3.25,4.25,4.75,2.75,2.25,3.75,3.5,4,4.25,,,female,1,4,none,,1,1770285976636,0,385,0-YLHX6,1770286615272,True,,budapest,,secondary,,,0,24.471,1770286380347,trial_21,9311154L.png,39.png,9311154L.png,1770286355876,0-YLHX6
16,0.5823,0,False,4,2.83,3.75,3.67,4.67,1770285756770,6,2026-02-05T09:59:21.145000+00:00,phase1_completed,none,5,4.75,3,4,4.25,3,3.25,4.25,4.75,2.75,2.25,3.75,3.5,4,4.25,,,female,1,2,none,,1,1770285976636,0,385,0-YLHX6,1770286615272,True,,budapest,,secondary,,,0,3.101,1770286383746,trial_22,9008884R.png,20.png,9008884R.png,1770286380645,0-YLHX6
16,0.6057,0,False,4,2.83,3.75,3.67,4.67,1770285756770,6,2026-02-05T09:59:21.145000+00:00,phase1_completed,none,5,4.75,3,4,4.25,3,3.25,4.25,4.75,2.75,2.25,3.75,3.5,4,4.25,,,female,1,2,none,,1,1770285976636,0,385,0-YLHX6,1770286615272,True,,budapest,,secondary,,,0,6.852,1770286390938,trial_23,9606955R.png,11.png,9606955R.png,1770286384086,0-YLHX6
16,0.9663,1,False,4,2.83,3.75,3.67,4.67,1770285756770,7,2026-02-05T09:59:21.145000+00:00,phase1_completed,none,5,4.75,3,4,4.25,3,3.25,4.25,4.75,2.75,2.25,3.75,3.5,4,4.25,,,female,1,3,none,,1,1770285976636,0,385,0-YLHX6,1770286615272,True,,budapest,,secondary,,,0,9.378,1770286400643,trial_24,9056326L.png,19.png,9056326L.png,1770286391265,0-YLHX6
16,0.5532,0,False,4,2.83,3.75,3.67,4.67,1770285756770,7,2026-02-05T09:59:21.145000+00:00,phase1_completed,none,5,4.75,3,4,4.25,3,3.25,4.25,4.75,2.75,2.25,3.75,3.5,4,4.25,,,female,0,0,none,,1,1770285976636,0,385,0-YLHX6,1770286615272,True,,budapest,,secondary,,,0,6.895,1770286407874,trial_25,9043461L.png,34.png,9043461L.png,1770286400979,0-YLHX6
16,0.9974,1,False,4,2.83,3.75,3.67,4.67,1770285756770,7,2026-02-05T09:59:21.145000+00:00,phase1_completed,none,5,4.75,3,4,4.25,3,3.25,4.25,4.75,2.75,2.25,3.75,3.5,4,4.25,,,female,1,3,none,,1,1770285976636,0,385,0-YLHX6,1770286615272,True,,budapest,,secondary,,,0,3.815,1770286412035,trial_26,9271965R.png,47.png,9271965R.png,1770286408220,0-YLHX6
16,0.9948,1,False,4,2.83,3.75,3.67,4.67,1770285756770,7,2026-02-05T09:59:21.145000+00:00,phase1_completed,none,5,4.75,3,4,4.25,3,3.25,4.25,4.75,2.75,2.25,3.75,3.5,4,4.25,,,female,1,3,none,,1,1770285976636,0,385,0-YLHX6,1770286615272,True,,budapest,,secondary,,,0,3.104,1770286415466,trial_27,9113018R.png,2.png,9113018R.png,1770286412362,0-YLHX6
16,0.584,0,False,4,2.83,3.75,3.67,4.67,1770285756770,2,2026-02-05T09:59:21.145000+00:00,phase1_completed,none,5,4.75,3,4,4.25,3,3.25,4.25,4.75,2.75,2.25,3.75,3.5,4,4.25,,,female,0,0,none,,1,1770285976636,0,385,0-YLHX6,1770286615272,True,,budapest,,secondary,,,0,5.946,1770286421746,trial_28,9598675R.png,27.png,9598675R.png,1770286415800,0-YLHX6
16,0.329,0,False,4,2.83,3.75,3.67,4.67,1770285756770,4,2026-02-05T09:59:21.145000+00:00,phase1_completed,none,5,4.75,3,4,4.25,3,3.25,4.25,4.75,2.75,2.25,3.75,3.5,4,4.25,,,female,0,0,none,,1,1770285976636,0,385,0-YLHX6,1770286615272,True,,budapest,,secondary,,,0,5.719,1770286427803,trial_29,9043461R.png,9.png,9043461R.png,1770286422084,0-YLHX6
16,0.5639,0,False,4,2.83,3.75,3.67,4.67,1770285756770,4,2026-02-05T09:59:21.145000+00:00,phase1_completed,none,5,4.75,3,4,4.25,3,3.25,4.25,4.75,2.75,2.25,3.75,3.5,4,4.25,,,female,0,0,none,,0,1770285976636,0,385,0-YLHX6,1770286615272,True,,budapest,,secondary,,,0,30.031,1770286171778,trial_3,9100699L.png,48.png,9100699L.png,1770286141747,0-YLHX6
16,0.5749,1,False,4,2.83,3.75,3.67,4.67,1770285756770,6,2026-02-05T09:59:21.145000+00:00,phase1_completed,none,5,4.75,3,4,4.25,3,3.25,4.25,4.75,2.75,2.25,3.75,3.5,4,4.25,,,female,1,2,none,,1,1770285976636,0,385,0-YLHX6,1770286615272,True,,budapest,,secondary,,,0,8.116,1770286436259,trial_30,9797850R.png,32.png,9797850R.png,1770286428143,0-YLHX6
16,0.401,0,False,4,2.83,3.75,3.67,4.67,1770285756770,6,2026-02-05T09:59:21.145000+00:00,phase1_completed,none,5,4.75,3,4,4.25,3,3.25,4.25,4.75,2.75,2.25,3.75,3.5,4,4.25,,,female,0,0,none,,0,1770285976636,0,385,0-YLHX6,1770286615272,True,,budapest,,secondary,,,0,3.931,1770286440491,trial_31,9035779L.png,45.png,9035779L.png,1770286436560,0-YLHX6
16,0.9329,1,False,4,2.83,3.75,3.67,4.67,1770285756770,7,2026-02-05T09:59:21.145000+00:00,phase1_completed,none,5,4.75,3,4,4.25,3,3.25,4.25,4.75,2.75,2.25,3.75,3.5,4,4.25,,,female,1,3,none,,1,1770285976636,0,385,0-YLHX6,1770286615272,True,,budapest,,secondary,,,0,4.104,1770286444930,trial_32,9075939L.png,16.png,9075939L.png,1770286440826,0-YLHX6
16,0.4814,0,False,4,2.83,3.75,3.67,4.67,1770285756770,6,2026-02-05T09:59:21.145000+00:00,phase1_completed,none,5,4.75,3,4,4.25,3,3.25,4.25,4.75,2.75,2.25,3.75,3.5,4,4.25,,,female,0,0,none,,1,1770285976636,0,385,0-YLHX6,1770286615272,True,,budapest,,secondary,,,0,17.484,1770286462810,trial_33,9645608L.png,43.png,9645608L.png,1770286445326,0-YLHX6
16,0.0923,0,False,4,2.83,3.75,3.67,4.67,1770285756770,2,2026-02-05T09:59:21.145000+00:00,phase1_completed,none,5,4.75,3,4,4.25,3,3.25,4.25,4.75,2.75,2.25,3.75,3.5,4,4.25,,,female,1,3,none,,1,1770285976636,0,385,0-YLHX6,1770286615272,True,,budapest,,secondary,,,0,3.551,1770286466690,trial_34,9305336L.png,12.png,9305336L.png,1770286463139,0-YLHX6
16,0.8162,0,False,4,2.83,3.75,3.67,4.67,1770285756770,6,2026-02-05T09:59:21.145000+00:00,phase1_completed,none,5,4.75,3,4,4.25,3,3.25,4.25,4.75,2.75,2.25,3.75,3.5,4,4.25,,,female,0,0,none,,0,1770285976636,0,385,0-YLHX6,1770286615272,True,,budapest,,secondary,,,0,3.705,1770286470771,trial_35,9253225L.png,21.png,9253225L.png,1770286467066,0-YLHX6
16,0.6514,1,False,4,2.83,3.75,3.67,4.67,1770285756770,6,2026-02-05T09:59:21.145000+00:00,phase1_completed,none,5,4.75,3,4,4.25,3,3.25,4.25,4.75,2.75,2.25,3.75,3.5,4,4.25,,,female,1,2,none,,1,1770285976636,0,385,0-YLHX6,1770286615272,True,,budapest,,secondary,,,0,20.256,1770286491347,trial_36,9448315L.png,28.png,9448315L.png,1770286471091,0-YLHX6
16,0.5424,1,False,4,2.83,3.75,3.67,4.67,1770285756770,5,2026-02-05T09:59:21.145000+00:00,phase1_completed,none,5,4.75,3,4,4.25,3,3.25,4.25,4.75,2.75,2.25,3.75,3.5,4,4.25,,,female,1,2,none,,1,1770285976636,0,385,0-YLHX6,1770286615272,True,,budapest,,secondary,,,0,20.524,1770286512195,trial_37,9648224L.png,44.png,9648224L.png,1770286491671,0-YLHX6
16,0.0389,1,False,4,2.83,3.75,3.67,4.67,1770285756770,7,2026-02-05T09:59:21.145000+00:00,phase1_completed,none,5,4.75,3,4,4.25,3,3.25,4.25,4.75,2.75,2.25,3.75,3.5,4,4.25,,,female,0,0,none,,0,1770285976636,0,385,0-YLHX6,1770286615272,True,,budapest,,secondary,,,0,4.634,1770286517147,trial_38,9911788L.png,10.png,9911788L.png,1770286512513,0-YLHX6
16,0.6423,0,False,4,2.83,3.75,3.67,4.67,1770285756770,2,2026-02-05T09:59:21.145000+00:00,phase1_completed,none,5,4.75,3,4,4.25,3,3.25,4.25,4.75,2.75,2.25,3.75,3.5,4,4.25,,,female,0,0,none,,1,1770285976636,0,385,0-YLHX6,1770286615272,True,,budapest,,secondary,,,0,9.576,1770286527042,trial_39,9143031L.png,4.png,9143031L.png,1770286517466,0-YLHX6
16,0.9867,1,False,4,2.83,3.75,3.67,4.67,1770285756770,7,2026-02-05T09:59:21.145000+00:00,phase1_completed,none,5,4.75,3,4,4.25,3,3.25,4.25,4.75,2.75,2.25,3.75,3.5,4,4.25,,,female,1,3,none,,1,1770285976636,0,385,0-YLHX6,1770286615272,True,,budapest,,secondary,,,0,3.678,1770286175803,trial_4,9267247L.png,38.png,9267247L.png,1770286172125,0-YLHX6
16,0.9124,0,False,4,2.83,3.75,3.67,4.67,1770285756770,3,2026-02-05T09:59:21.145000+00:00,phase1_completed,none,5,4.75,3,4,4.25,3,3.25,4.25,4.75,2.75,2.25,3.75,3.5,4,4.25,,,female,0,0,none,,1,1770285976636,0,385,0-YLHX6,1770286615272,True,,budapest,,secondary,,,0,10.591,1770286537970,trial_40,9717450L.png,40.png,9717450L.png,1770286527379,0-YLHX6
16,0.9095,1,False,4,2.83,3.75,3.67,4.67,1770285756770,6,2026-02-05T09:59:21.145000+00:00,phase1_completed,none,5,4.75,3,4,4.25,3,3.25,4.25,4.75,2.75,2.25,3.75,3.5,4,4.25,,,female,1,2,none,,0,1770285976636,0,385,0-YLHX6,1770286615272,True,,budapest,,secondary,,,0,5.991,1770286544322,trial_41,9534110L.png,49.png,9534110L.png,1770286538331,0-YLHX6
16,0.2252,0,False,4,2.83,3.75,3.67,4.67,1770285756770,6,2026-02-05T09:59:21.145000+00:00,phase1_completed,none,5,4.75,3,4,4.25,3,3.25,4.25,4.75,2.75,2.25,3.75,3.5,4,4.25,,,female,0,0,none,,1,1770285976636,0,385,0-YLHX6,1770286615272,True,,budapest,,secondary,,,0,13.628,1770286558283,trial_42,9097360L.png,1.png,9097360L.png,1770286544655,0-YLHX6
16,0.916,1,False,4,2.83,3.75,3.67,4.67,1770285756770,5,2026-02-05T09:59:21.145000+00:00,phase1_completed,none,5,4.75,3,4,4.25,3,3.25,4.25,4.75,2.75,2.25,3.75,3.5,4,4.25,,,female,1,2,none,,1,1770285976636,0,385,0-YLHX6,1770286615272,True,,budapest,,secondary,,,0,7.112,1770286565747,trial_43,9862321L.png,17.png,9862321L.png,1770286558635,0-YLHX6
16,0.79,1,False,4,2.83,3.75,3.67,4.67,1770285756770,1,2026-02-05T09:59:21.145000+00:00,phase1_completed,none,5,4.75,3,4,4.25,3,3.25,4.25,4.75,2.75,2.25,3.75,3.5,4,4.25,,,female,1,2,none,,1,1770285976636,0,385,0-YLHX6,1770286615272,True,,budapest,,secondary,,,0,9.063,1770286575163,trial_44,9142551R.png,37.png,9142551R.png,1770286566100,0-YLHX6
16,0.4633,1,False,4,2.83,3.75,3.67,4.67,1770285756770,4,2026-02-05T09:59:21.145000+00:00,phase1_completed,none,5,4.75,3,4,4.25,3,3.25,4.25,4.75,2.75,2.25,3.75,3.5,4,4.25,,,female,0,0,none,,1,1770285976636,0,385,0-YLHX6,1770286615272,True,,budapest,,secondary,,,0,5.859,1770286581394,trial_45,9140556L.png,7.png,9140556L.png,1770286575535,0-YLHX6
16,0.8517,0,False,4,2.83,3.75,3.67,4.67,1770285756770,6,2026-02-05T09:59:21.145000+00:00,phase1_completed,none,5,4.75,3,4,4.25,3,3.25,4.25,4.75,2.75,2.25,3.75,3.5,4,4.25,,,female,0,0,none,,1,1770285976636,0,385,0-YLHX6,1770286615272,True,,budapest,,secondary,,,0,3.144,1770286584907,trial_46,9810475L.png,13.png,9810475L.png,1770286581763,0-YLHX6
16,0.1918,0,False,4,2.83,3.75,3.67,4.67,1770285756770,7,2026-02-05T09:59:21.145000+00:00,phase1_completed,none,5,4.75,3,4,4.25,3,3.25,4.25,4.75,2.75,2.25,3.75,3.5,4,4.25,,,female,1,2,none,,0,1770285976636,0,385,0-YLHX6,1770286615272,True,,budapest,,secondary,,,0,3.37,1770286588626,trial_47,9788301L.png,33.png,9788301L.png,1770286585256,0-YLHX6
16,0.2577,1,False,4,2.83,3.75,3.67,4.67,1770285756770,6,2026-02-05T09:59:21.145000+00:00,phase1_completed,none,5,4.75,3,4,4.25,3,3.25,4.25,4.75,2.75,2.25,3.75,3.5,4,4.25,,,female,0,0,none,,1,1770285976636,0,385,0-YLHX6,1770286615272,True,,budapest,,secondary,,,0,8.015,1770286596963,trial_48,9827858L.png,8.png,9827858L.png,1770286588948,0-YLHX6
16,0.0426,1,False,4,2.83,3.75,3.67,4.67,1770285756770,7,2026-02-05T09:59:21.145000+00:00,phase1_completed,none,5,4.75,3,4,4.25,3,3.25,4.25,4.75,2.75,2.25,3.75,3.5,4,4.25,,,female,0,0,none,,1,1770285976636,0,385,0-YLHX6,1770286615272,True,,budapest,,secondary,,,0,14.544,1770286611827,trial_49,9360243L.png,50.png,9360243L.png,1770286597283,0-YLHX6
16,0.8842,1,False,4,2.83,3.75,3.67,4.67,1770285756770,7,2026-02-05T09:59:21.145000+00:00,phase1_completed,none,5,4.75,3,4,4.25,3,3.25,4.25,4.75,2.75,2.25,3.75,3.5,4,4.25,,,female,1,2,none,,1,1770285976636,0,385,0-YLHX6,1770286615272,True,,budapest,,secondary,,,0,4.447,1770286180555,trial_5,9304828L.png,46.png,9304828L.png,1770286176108,0-YLHX6
16,0.8986,1,False,4,2.83,3.75,3.67,4.67,1770285756770,7,2026-02-05T09:59:21.145000+00:00,phase1_completed,none,5,4.75,3,4,4.25,3,3.25,4.25,4.75,2.75,2.25,3.75,3.5,4,4.25,,,female,1,3,none,,1,1770285976636,0,385,0-YLHX6,1770286615272,True,,budapest,,secondary,,,0,2.91,1770286615090,trial_50,9683886R.png,22.png,9683886R.png,1770286612180,0-YLHX6
16,0.8646,0,False,4,2.83,3.75,3.67,4.67,1770285756770,6,2026-02-05T09:59:21.145000+00:00,phase1_completed,none,5,4.75,3,4,4.25,3,3.25,4.25,4.75,2.75,2.25,3.75,3.5,4,4.25,,,female,0,0,none,,1,1770285976636,0,385,0-YLHX6,1770286615272,True,,budapest,,secondary,,,0,9.039,1770286189978,trial_6,9719890R.png,25.png,9719890R.png,1770286180939,0-YLHX6
16,0.1582,0,False,4,2.83,3.75,3.67,4.67,1770285756770,6,2026-02-05T09:59:21.145000+00:00,phase1_completed,none,5,4.75,3,4,4.25,3,3.25,4.25,4.75,2.75,2.25,3.75,3.5,4,4.25,,,female,1,2,none,,1,1770285976636,0,385,0-YLHX6,1770286615272,True,,budapest,,secondary,,,0,8.429,1770286198746,trial_7,9466142R.png,5.png,9466142R.png,1770286190317,0-YLHX6
16,0.8137,0,False,4,2.83,3.75,3.67,4.67,1770285756770,4,2026-02-05T09:59:21.145000+00:00,phase1_completed,none,5,4.75,3,4,4.25,3,3.25,4.25,4.75,2.75,2.25,3.75,3.5,4,4.25,,,female,1,3,none,,1,1770285976636,0,385,0-YLHX6,1770286615272,True,,budapest,,secondary,,,0,8.174,1770286207258,trial_8,9046206L.png,29.png,9046206L.png,1770286199084,0-YLHX6
16,0.8846,0,False,4,2.83,3.75,3.67,4.67,1770285756770,6,2026-02-05T09:59:21.145000+00:00,phase1_completed,none,5,4.75,3,4,4.25,3,3.25,4.25,4.75,2.75,2.25,3.75,3.5,4,4.25,,,female,1,2,none,,0,1770285976636,0,385,0-YLHX6,1770286615272,True,,budapest,,secondary,,,0,32.532,1770286240098,trial_9,9998089R.png,24.png,9998089R.png,1770286207566,0-YLHX6
17,0.401,0,False,3.67,3.58,4.42,2.67,4,1770286119969,6,2026-02-05T09:59:16.110000+00:00,phase1_completed,none,3,3.5,3.75,4.25,4.25,2,2.5,4.5,4.75,4,3.25,3.5,3.5,5,3.25,,,female,0,0,none,,0,1770286290479,0,440,0-ZAW5Y,1770287053398,True,,budapest,,secondary,,,0,13.588,1770286450205,trial_1,9035779L.png,45.png,9035779L.png,1770286436617,0-ZAW5Y
17,0.0923,0,False,3.67,3.58,4.42,2.67,4,1770286119969,4,2026-02-05T09:59:16.110000+00:00,phase1_completed,none,3,3.5,3.75,4.25,4.25,2,2.5,4.5,4.75,4,3.25,3.5,3.5,5,3.25,,,female,1,3,none,,1,1770286290479,0,440,0-ZAW5Y,1770287053398,True,,budapest,,secondary,,,0,12.134,1770286634247,trial_10,9305336L.png,12.png,9305336L.png,1770286622113,0-ZAW5Y
17,0.8646,0,False,3.67,3.58,4.42,2.67,4,1770286119969,5,2026-02-05T09:59:16.110000+00:00,phase1_completed,none,3,3.5,3.75,4.25,4.25,2,2.5,4.5,4.75,4,3.25,3.5,3.5,5,3.25,,,female,0,0,none,,1,1770286290479,0,440,0-ZAW5Y,1770287053398,True,,budapest,,secondary,,,0,15.648,1770286650261,trial_11,9719890R.png,25.png,9719890R.png,1770286634613,0-ZAW5Y
17,0.79,1,False,3.67,3.58,4.42,2.67,4,1770286119969,3,2026-02-05T09:59:16.110000+00:00,phase1_completed,none,3,3.5,3.75,4.25,4.25,2,2.5,4.5,4.75,4,3.25,3.5,3.5,5,3.25,,,female,1,2,none,,1,1770286290479,0,440,0-ZAW5Y,1770287053398,True,,budapest,,secondary,,,0,31.799,1770286682472,trial_12,9142551R.png,37.png,9142551R.png,1770286650673,0-ZAW5Y
17,0.0426,1,False,3.67,3.58,4.42,2.67,4,1770286119969,4,2026-02-05T09:59:16.110000+00:00,phase1_completed,none,3,3.5,3.75,4.25,4.25,2,2.5,4.5,4.75,4,3.25,3.5,3.5,5,3.25,,,female,0,0,none,,1,1770286290479,0,440,0-ZAW5Y,1770287053398,True,,budapest,,secondary,,,0,9.562,1770286692401,trial_13,9360243L.png,50.png,9360243L.png,1770286682839,0-ZAW5Y
17,0.0818,1,False,3.67,3.58,4.42,2.67,4,1770286119969,3,2026-02-05T09:59:16.110000+00:00,phase1_completed,none,3,3.5,3.75,4.25,4.25,2,2.5,4.5,4.75,4,3.25,3.5,3.5,5,3.25,,,female,0,0,none,,0,1770286290479,0,440,0-ZAW5Y,1770287053398,True,,budapest,,secondary,,,0,15.239,1770286708040,trial_14,9397988L.png,42.png,9397988L.png,1770286692801,0-ZAW5Y
17,0.8846,0,False,3.67,3.58,4.42,2.67,4,1770286119969,3,2026-02-05T09:59:16.110000+00:00,phase1_completed,none,3,3.5,3.75,4.25,4.25,2,2.5,4.5,4.75,4,3.25,3.5,3.5,5,3.25,,,female,1,2,none,,0,1770286290479,0,440,0-ZAW5Y,1770287053398,True,,budapest,,secondary,,,0,22.311,1770286730692,trial_15,9998089R.png,24.png,9998089R.png,1770286708381,0-ZAW5Y
17,0.5424,1,False,3.67,3.58,4.42,2.67,4,1770286119969,4,2026-02-05T09:59:16.110000+00:00,phase1_completed,none,3,3.5,3.75,4.25,4.25,2,2.5,4.5,4.75,4,3.25,3.5,3.5,5,3.25,,,female,1,2,none,,1,1770286290479,0,440,0-ZAW5Y,1770287053398,True,,budapest,,secondary,,,0,8.794,1770286739866,trial_16,9648224L.png,44.png,9648224L.png,1770286731072,0-ZAW5Y
17,0.8842,1,False,3.67,3.58,4.42,2.67,4,1770286119969,3,2026-02-05T09:59:16.110000+00:00,phase1_completed,none,3,3.5,3.75,4.25,4.25,2,2.5,4.5,4.75,4,3.25,3.5,3.5,5,3.25,,,female,1,2,none,,1,1770286290479,0,440,0-ZAW5Y,1770287053398,True,,budapest,,secondary,,,0,4.276,1770286744489,trial_17,9304828L.png,46.png,9304828L.png,1770286740213,0-ZAW5Y
17,0.6514,1,False,3.67,3.58,4.42,2.67,4,1770286119969,5,2026-02-05T09:59:16.110000+00:00,phase1_completed,none,3,3.5,3.75,4.25,4.25,2,2.5,4.5,4.75,4,3.25,3.5,3.5,5,3.25,,,female,1,2,none,,1,1770286290479,0,440,0-ZAW5Y,1770287053398,True,,budapest,,secondary,,,0,8.949,1770286753789,trial_18,9448315L.png,28.png,9448315L.png,1770286744840,0-ZAW5Y
17,0.8107,0,False,3.67,3.58,4.42,2.67,4,1770286119969,6,2026-02-05T09:59:16.110000+00:00,phase1_completed,none,3,3.5,3.75,4.25,4.25,2,2.5,4.5,4.75,4,3.25,3.5,3.5,5,3.25,,,female,0,0,none,,1,1770286290479,0,440,0-ZAW5Y,1770287053398,True,,budapest,,secondary,,,0,10.304,1770286764445,trial_19,9870268R.png,26.png,9870268R.png,1770286754141,0-ZAW5Y
17,0.916,1,False,3.67,3.58,4.42,2.67,4,1770286119969,5,2026-02-05T09:59:16.110000+00:00,phase1_completed,none,3,3.5,3.75,4.25,4.25,2,2.5,4.5,4.75,4,3.25,3.5,3.5,5,3.25,,,female,1,2,none,,0,1770286290479,0,440,0-ZAW5Y,1770287053398,True,,budapest,,secondary,,,0,13.325,1770286463970,trial_2,9862321L.png,17.png,9862321L.png,1770286450645,0-ZAW5Y
17,0.6057,0,False,3.67,3.58,4.42,2.67,4,1770286119969,7,2026-02-05T09:59:16.110000+00:00,phase1_completed,none,3,3.5,3.75,4.25,4.25,2,2.5,4.5,4.75,4,3.25,3.5,3.5,5,3.25,,,female,1,2,none,,1,1770286290479,0,440,0-ZAW5Y,1770287053398,True,,budapest,,secondary,,,0,7.205,1770286771982,trial_20,9606955R.png,11.png,9606955R.png,1770286764777,0-ZAW5Y
17,0.4633,1,False,3.67,3.58,4.42,2.67,4,1770286119969,5,2026-02-05T09:59:16.110000+00:00,phase1_completed,none,3,3.5,3.75,4.25,4.25,2,2.5,4.5,4.75,4,3.25,3.5,3.5,5,3.25,,,female,0,0,none,,1,1770286290479,0,440,0-ZAW5Y,1770287053398,True,,budapest,,secondary,,,0,4.72,1770286777060,trial_21,9140556L.png,7.png,9140556L.png,1770286772340,0-ZAW5Y
17,0.8986,1,False,3.67,3.58,4.42,2.67,4,1770286119969,7,2026-02-05T09:59:16.110000+00:00,phase1_completed,none,3,3.5,3.75,4.25,4.25,2,2.5,4.5,4.75,4,3.25,3.5,3.5,5,3.25,,,female,1,3,none,,1,1770286290479,0,440,0-ZAW5Y,1770287053398,True,,budapest,,secondary,,,0,23.374,1770286800785,trial_22,9683886R.png,22.png,9683886R.png,1770286777411,0-ZAW5Y
17,0.1918,0,False,3.67,3.58,4.42,2.67,4,1770286119969,3,2026-02-05T09:59:16.110000+00:00,phase1_completed,none,3,3.5,3.75,4.25,4.25,2,2.5,4.5,4.75,4,3.25,3.5,3.5,5,3.25,,,female,1,2,none,,0,1770286290479,0,440,0-ZAW5Y,1770287053398,True,,budapest,,secondary,,,0,8.143,1770286809281,trial_23,9788301L.png,33.png,9788301L.png,1770286801138,0-ZAW5Y
17,0.9329,1,False,3.67,3.58,4.42,2.67,4,1770286119969,6,2026-02-05T09:59:16.110000+00:00,phase1_completed,none,3,3.5,3.75,4.25,4.25,2,2.5,4.5,4.75,4,3.25,3.5,3.5,5,3.25,,,female,1,3,none,,1,1770286290479,0,440,0-ZAW5Y,1770287053398,True,,budapest,,secondary,,,0,7.833,1770286817462,trial_24,9075939L.png,16.png,9075939L.png,1770286809629,0-ZAW5Y
17,0.1582,0,False,3.67,3.58,4.42,2.67,4,1770286119969,5,2026-02-05T09:59:16.110000+00:00,phase1_completed,none,3,3.5,3.75,4.25,4.25,2,2.5,4.5,4.75,4,3.25,3.5,3.5,5,3.25,,,female,1,2,none,,1,1770286290479,0,440,0-ZAW5Y,1770287053398,True,,budapest,,secondary,,,0,7.747,1770286825538,trial_25,9466142R.png,5.png,9466142R.png,1770286817791,0-ZAW5Y
17,0.6423,0,False,3.67,3.58,4.42,2.67,4,1770286119969,5,2026-02-05T09:59:16.110000+00:00,phase1_completed,none,3,3.5,3.75,4.25,4.25,2,2.5,4.5,4.75,4,3.25,3.5,3.5,5,3.25,,,female,0,0,none,,1,1770286290479,0,440,0-ZAW5Y,1770287053398,True,,budapest,,secondary,,,0,8.002,1770286833892,trial_26,9143031L.png,4.png,9143031L.png,1770286825890,0-ZAW5Y
17,0.4814,0,False,3.67,3.58,4.42,2.67,4,1770286119969,3,2026-02-05T09:59:16.110000+00:00,phase1_completed,none,3,3.5,3.75,4.25,4.25,2,2.5,4.5,4.75,4,3.25,3.5,3.5,5,3.25,,,female,0,0,none,,1,1770286290479,0,440,0-ZAW5Y,1770287053398,True,,budapest,,secondary,,,0,8.903,1770286843221,trial_27,9645608L.png,43.png,9645608L.png,1770286834318,0-ZAW5Y
17,0.9867,1,False,3.67,3.58,4.42,2.67,4,1770286119969,7,2026-02-05T09:59:16.110000+00:00,phase1_completed,none,3,3.5,3.75,4.25,4.25,2,2.5,4.5,4.75,4,3.25,3.5,3.5,5,3.25,,,female,1,3,none,,1,1770286290479,0,440,0-ZAW5Y,1770287053398,True,,budapest,,secondary,,,0,8.013,1770286851588,trial_28,9267247L.png,38.png,9267247L.png,1770286843575,0-ZAW5Y
17,0.7533,0,False,3.67,3.58,4.42,2.67,4,1770286119969,5,2026-02-05T09:59:16.110000+00:00,phase1_completed,none,3,3.5,3.75,4.25,4.25,2,2.5,4.5,4.75,4,3.25,3.5,3.5,5,3.25,,,female,0,0,none,,1,1770286290479,0,440,0-ZAW5Y,1770287053398,True,,budapest,,secondary,,,0,4.863,1770286856815,trial_29,9166468R.png,18.png,9166468R.png,1770286851952,0-ZAW5Y
17,0.0496,1,False,3.67,3.58,4.42,2.67,4,1770286119969,3,2026-02-05T09:59:16.110000+00:00,phase1_completed,none,3,3.5,3.75,4.25,4.25,2,2.5,4.5,4.75,4,3.25,3.5,3.5,5,3.25,,,female,0,0,none,,1,1770286290479,0,440,0-ZAW5Y,1770287053398,True,,budapest,,secondary,,,0,20.405,1770286484711,trial_3,9023935L.png,41.png,9023935L.png,1770286464306,0-ZAW5Y
17,0.9663,1,False,3.67,3.58,4.42,2.67,4,1770286119969,7,2026-02-05T09:59:16.110000+00:00,phase1_completed,none,3,3.5,3.75,4.25,4.25,2,2.5,4.5,4.75,4,3.25,3.5,3.5,5,3.25,,,female,1,3,none,,1,1770286290479,0,440,0-ZAW5Y,1770287053398,True,,budapest,,secondary,,,0,4.484,1770286861639,trial_30,9056326L.png,19.png,9056326L.png,1770286857155,0-ZAW5Y
17,0.645,0,False,3.67,3.58,4.42,2.67,4,1770286119969,5,2026-02-05T09:59:16.110000+00:00,phase1_completed,none,3,3.5,3.75,4.25,4.25,2,2.5,4.5,4.75,4,3.25,3.5,3.5,5,3.25,,,female,0,0,none,,0,1770286290479,0,440,0-ZAW5Y,1770287053398,True,,budapest,,secondary,,,0,11.027,1770286873003,trial_31,9480211R.png,3.png,9480211R.png,1770286861976,0-ZAW5Y
17,0.9948,1,False,3.67,3.58,4.42,2.67,4,1770286119969,5,2026-02-05T09:59:16.110000+00:00,phase1_completed,none,3,3.5,3.75,4.25,4.25,2,2.5,4.5,4.75,4,3.25,3.5,3.5,5,3.25,,,female,1,3,none,,1,1770286290479,0,440,0-ZAW5Y,1770287053398,True,,budapest,,secondary,,,0,6.307,1770286879668,trial_32,9113018R.png,2.png,9113018R.png,1770286873361,0-ZAW5Y
17,0.5825,0,False,3.67,3.58,4.42,2.67,4,1770286119969,5,2026-02-05T09:59:16.110000+00:00,phase1_completed,none,3,3.5,3.75,4.25,4.25,2,2.5,4.5,4.75,4,3.25,3.5,3.5,5,3.25,,,female,1,2,none,,1,1770286290479,0,440,0-ZAW5Y,1770287053398,True,,budapest,,secondary,,,0,9.543,1770286889657,trial_33,9626432R.png,15.png,9626432R.png,1770286880114,0-ZAW5Y
17,0.0389,1,False,3.67,3.58,4.42,2.67,4,1770286119969,3,2026-02-05T09:59:16.110000+00:00,phase1_completed,none,3,3.5,3.75,4.25,4.25,2,2.5,4.5,4.75,4,3.25,3.5,3.5,5,3.25,,,female,0,0,none,,1,1770286290479,0,440,0-ZAW5Y,1770287053398,True,,budapest,,secondary,,,0,8.031,1770286898045,trial_34,9911788L.png,10.png,9911788L.png,1770286890014,0-ZAW5Y
17,0.5532,0,False,3.67,3.58,4.42,2.67,4,1770286119969,4,2026-02-05T09:59:16.110000+00:00,phase1_completed,none,3,3.5,3.75,4.25,4.25,2,2.5,4.5,4.75,4,3.25,3.5,3.5,5,3.25,,,female,0,0,none,,1,1770286290479,0,440,0-ZAW5Y,1770287053398,True,,budapest,,secondary,,,0,14.518,1770286912929,trial_35,9043461L.png,34.png,9043461L.png,1770286898411,0-ZAW5Y
17,0.2252,0,False,3.67,3.58,4.42,2.67,4,1770286119969,3,2026-02-05T09:59:16.110000+00:00,phase1_completed,none,3,3.5,3.75,4.25,4.25,2,2.5,4.5,4.75,4,3.25,3.5,3.5,5,3.25,,,female,0,0,none,,0,1770286290479,0,440,0-ZAW5Y,1770287053398,True,,budapest,,secondary,,,0,10.717,1770286923996,trial_36,9097360L.png,1.png,9097360L.png,1770286913279,0-ZAW5Y
17,0.8137,0,False,3.67,3.58,4.42,2.67,4,1770286119969,4,2026-02-05T09:59:16.110000+00:00,phase1_completed,none,3,3.5,3.75,4.25,4.25,2,2.5,4.5,4.75,4,3.25,3.5,3.5,5,3.25,,,female,1,3,none,,0,1770286290479,0,440,0-ZAW5Y,1770287053398,True,,budapest,,secondary,,,0,8.361,1770286932927,trial_37,9046206L.png,29.png,9046206L.png,1770286924566,0-ZAW5Y
17,0.3014,1,False,3.67,3.58,4.42,2.67,4,1770286119969,6,2026-02-05T09:59:16.110000+00:00,phase1_completed,none,3,3.5,3.75,4.25,4.25,2,2.5,4.5,4.75,4,3.25,3.5,3.5,5,3.25,,,female,0,0,none,,1,1770286290479,0,440,0-ZAW5Y,1770287053398,True,,budapest,,secondary,,,0,6.119,1770286939396,trial_38,9299531R.png,36.png,9299531R.png,1770286933277,0-ZAW5Y
17,0.2577,1,False,3.67,3.58,4.42,2.67,4,1770286119969,4,2026-02-05T09:59:16.110000+00:00,phase1_completed,none,3,3.5,3.75,4.25,4.25,2,2.5,4.5,4.75,4,3.25,3.5,3.5,5,3.25,,,female,0,0,none,,1,1770286290479,0,440,0-ZAW5Y,1770287053398,True,,budapest,,secondary,,,0,8.002,1770286947779,trial_39,9827858L.png,8.png,9827858L.png,1770286939777,0-ZAW5Y
17,0.5639,0,False,3.67,3.58,4.42,2.67,4,1770286119969,4,2026-02-05T09:59:16.110000+00:00,phase1_completed,none,3,3.5,3.75,4.25,4.25,2,2.5,4.5,4.75,4,3.25,3.5,3.5,5,3.25,,,female,0,0,none,,1,1770286290479,0,440,0-ZAW5Y,1770287053398,True,,budapest,,secondary,,,0,40.398,1770286525476,trial_4,9100699L.png,48.png,9100699L.png,1770286485078,0-ZAW5Y
17,0.329,0,False,3.67,3.58,4.42,2.67,4,1770286119969,2,2026-02-05T09:59:16.110000+00:00,phase1_completed,none,3,3.5,3.75,4.25,4.25,2,2.5,4.5,4.75,4,3.25,3.5,3.5,5,3.25,,,female,0,0,none,,1,1770286290479,0,440,0-ZAW5Y,1770287053398,True,,budapest,,secondary,,,0,11.333,1770286959468,trial_40,9043461R.png,9.png,9043461R.png,1770286948135,0-ZAW5Y
17,0.9625,1,False,3.67,3.58,4.42,2.67,4,1770286119969,3,2026-02-05T09:59:16.110000+00:00,phase1_completed,none,3,3.5,3.75,4.25,4.25,2,2.5,4.5,4.75,4,3.25,3.5,3.5,5,3.25,,,female,1,3,none,,1,1770286290479,0,440,0-ZAW5Y,1770287053398,True,,budapest,,secondary,,,0,13.148,1770286973008,trial_41,9037494R.png,31.png,9037494R.png,1770286959860,0-ZAW5Y
17,0.7641,0,False,3.67,3.58,4.42,2.67,4,1770286119969,6,2026-02-05T09:59:16.110000+00:00,phase1_completed,none,3,3.5,3.75,4.25,4.25,2,2.5,4.5,4.75,4,3.25,3.5,3.5,5,3.25,,,female,0,0,none,,0,1770286290479,0,440,0-ZAW5Y,1770287053398,True,,budapest,,secondary,,,0,4.827,1770286978185,trial_42,9667180L.png,35.png,9667180L.png,1770286973358,0-ZAW5Y
17,0.9843,1,False,3.67,3.58,4.42,2.67,4,1770286119969,5,2026-02-05T09:59:16.110000+00:00,phase1_completed,none,3,3.5,3.75,4.25,4.25,2,2.5,4.5,4.75,4,3.25,3.5,3.5,5,3.25,,,female,1,2,none,,1,1770286290479,0,440,0-ZAW5Y,1770287053398,True,,budapest,,secondary,,,0,5.732,1770286984277,trial_43,9322109R.png,14.png,9322109R.png,1770286978545,0-ZAW5Y
17,0.5749,1,False,3.67,3.58,4.42,2.67,4,1770286119969,5,2026-02-05T09:59:16.110000+00:00,phase1_completed,none,3,3.5,3.75,4.25,4.25,2,2.5,4.5,4.75,4,3.25,3.5,3.5,5,3.25,,,female,1,2,none,,1,1770286290479,0,440,0-ZAW5Y,1770287053398,True,,budapest,,secondary,,,0,7.296,1770286991928,trial_44,9797850R.png,32.png,9797850R.png,1770286984632,0-ZAW5Y
17,0.8162,0,False,3.67,3.58,4.42,2.67,4,1770286119969,5,2026-02-05T09:59:16.110000+00:00,phase1_completed,none,3,3.5,3.75,4.25,4.25,2,2.5,4.5,4.75,4,3.25,3.5,3.5,5,3.25,,,female,0,0,none,,1,1770286290479,0,440,0-ZAW5Y,1770287053398,True,,budapest,,secondary,,,0,7.876,1770287000151,trial_45,9253225L.png,21.png,9253225L.png,1770286992275,0-ZAW5Y
17,0.8517,0,False,3.67,3.58,4.42,2.67,4,1770286119969,4,2026-02-05T09:59:16.110000+00:00,phase1_completed,none,3,3.5,3.75,4.25,4.25,2,2.5,4.5,4.75,4,3.25,3.5,3.5,5,3.25,,,female,0,0,none,,1,1770286290479,0,440,0-ZAW5Y,1770287053398,True,,budapest,,secondary,,,0,11.346,1770287011889,trial_46,9810475L.png,13.png,9810475L.png,1770287000543,0-ZAW5Y
17,0.5533,0,False,3.67,3.58,4.42,2.67,4,1770286119969,3,2026-02-05T09:59:16.110000+00:00,phase1_completed,none,3,3.5,3.75,4.25,4.25,2,2.5,4.5,4.75,4,3.25,3.5,3.5,5,3.25,,,female,0,0,none,,1,1770286290479,0,440,0-ZAW5Y,1770287053398,True,,budapest,,secondary,,,0,11.725,1770287023988,trial_47,9261557L.png,23.png,9261557L.png,1770287012263,0-ZAW5Y
17,0.584,0,False,3.67,3.58,4.42,2.67,4,1770286119969,5,2026-02-05T09:59:16.110000+00:00,phase1_completed,none,3,3.5,3.75,4.25,4.25,2,2.5,4.5,4.75,4,3.25,3.5,3.5,5,3.25,,,female,0,0,none,,1,1770286290479,0,440,0-ZAW5Y,1770287053398,True,,budapest,,secondary,,,0,5.966,1770287030384,trial_48,9598675R.png,27.png,9598675R.png,1770287024418,0-ZAW5Y
17,0.5823,0,False,3.67,3.58,4.42,2.67,4,1770286119969,3,2026-02-05T09:59:16.110000+00:00,phase1_completed,none,3,3.5,3.75,4.25,4.25,2,2.5,4.5,4.75,4,3.25,3.5,3.5,5,3.25,,,female,1,2,none,,1,1770286290479,0,440,0-ZAW5Y,1770287053398,True,,budapest,,secondary,,,0,16.106,1770287047136,trial_49,9008884R.png,20.png,9008884R.png,1770287031030,0-ZAW5Y
17,0.9974,1,False,3.67,3.58,4.42,2.67,4,1770286119969,7,2026-02-05T09:59:16.110000+00:00,phase1_completed,none,3,3.5,3.75,4.25,4.25,2,2.5,4.5,4.75,4,3.25,3.5,3.5,5,3.25,,,female,1,3,none,,1,1770286290479,0,440,0-ZAW5Y,1770287053398,True,,budapest,,secondary,,,0,7.651,1770286533504,trial_5,9271965R.png,47.png,9271965R.png,1770286525853,0-ZAW5Y
17,0.9124,0,False,3.67,3.58,4.42,2.67,4,1770286119969,2,2026-02-05T09:59:16.110000+00:00,phase1_completed,none,3,3.5,3.75,4.25,4.25,2,2.5,4.5,4.75,4,3.25,3.5,3.5,5,3.25,,,female,0,0,none,,1,1770286290479,0,440,0-ZAW5Y,1770287053398,True,,budapest,,secondary,,,0,5.692,1770287053196,trial_50,9717450L.png,40.png,9717450L.png,1770287047504,0-ZAW5Y
17,0.8709,1,False,3.67,3.58,4.42,2.67,4,1770286119969,5,2026-02-05T09:59:16.110000+00:00,phase1_completed,none,3,3.5,3.75,4.25,4.25,2,2.5,4.5,4.75,4,3.25,3.5,3.5,5,3.25,,,female,1,2,none,,0,1770286290479,0,440,0-ZAW5Y,1770287053398,True,,budapest,,secondary,,,0,32.899,1770286566903,trial_6,9354156R.png,6.png,9354156R.png,1770286534004,0-ZAW5Y
17,0.9095,1,False,3.67,3.58,4.42,2.67,4,1770286119969,2,2026-02-05T09:59:16.110000+00:00,phase1_completed,none,3,3.5,3.75,4.25,4.25,2,2.5,4.5,4.75,4,3.25,3.5,3.5,5,3.25,,,female,1,2,none,,1,1770286290479,0,440,0-ZAW5Y,1770287053398,True,,budapest,,secondary,,,0,40.648,1770286607916,trial_7,9534110L.png,49.png,9534110L.png,1770286567268,0-ZAW5Y
17,0.3771,0,False,3.67,3.58,4.42,2.67,4,1770286119969,5,2026-02-05T09:59:16.110000+00:00,phase1_completed,none,3,3.5,3.75,4.25,4.25,2,2.5,4.5,4.75,4,3.25,3.5,3.5,5,3.25,,,female,0,0,none,,1,1770286290479,0,440,0-ZAW5Y,1770287053398,True,,budapest,,secondary,,,0,7.261,1770286615529,trial_8,9872350R.png,30.png,9872350R.png,1770286608268,0-ZAW5Y
17,0.4903,1,False,3.67,3.58,4.42,2.67,4,1770286119969,6,2026-02-05T09:59:16.110000+00:00,phase1_completed,none,3,3.5,3.75,4.25,4.25,2,2.5,4.5,4.75,4,3.25,3.5,3.5,5,3.25,,,female,1,4,none,,1,1770286290479,0,440,0-ZAW5Y,1770287053398,True,,budapest,,secondary,,,0,5.857,1770286621735,trial_9,9311154L.png,39.png,9311154L.png,1770286615878,0-ZAW5Y
18,0.8709,1,True,,,,,,,5,2026-02-05T09:58:53.428000+00:00,phase1_completed,none,,,,,,,,,,,,,,,,4,1,male,1,2,none,5,0,,,,1-38BYP,1770287193873,,,budapest,True,secondary,nincsen,bizonytalan,1,83.281,1770285925119,trial_1,9354156R.png,6.png,9354156R.png,1770285841838,1-38BYP
18,0.5749,1,True,,,,,,,5,2026-02-05T09:58:53.428000+00:00,phase1_completed,none,,,,,,,,,,,,,,,,4,0,male,1,2,none,5,0,,,,1-38BYP,1770287193873,,,budapest,False,secondary,nincsen,nincsen,1,39.082,1770286278278,trial_10,9797850R.png,32.png,9797850R.png,1770286239196,1-38BYP
18,0.6423,0,True,,,,,,,6,2026-02-05T09:58:53.428000+00:00,phase1_completed,none,,,,,,,,,,,,,,,,6,0,male,0,0,none,6,0,,,,1-38BYP,1770287193873,,,budapest,False,secondary,nincsen,nincsen,1,23.72,1770286302342,trial_11,9143031L.png,4.png,9143031L.png,1770286278622,1-38BYP
18,0.2577,1,True,,,,,,,4,2026-02-05T09:58:53.428000+00:00,phase1_completed,none,,,,,,,,,,,,,,,,5,0,male,0,0,none,4,1,,,,1-38BYP,1770287193873,,,budapest,True,secondary,nincsen,bizonytalan,1,45.434,1770286348341,trial_12,9827858L.png,8.png,9827858L.png,1770286302907,1-38BYP
18,0.8646,0,True,,,,,,,5,2026-02-05T09:58:53.428000+00:00,phase1_completed,none,,,,,,,,,,,,,,,,5,0,male,0,0,none,5,1,,,,1-38BYP,1770287193873,,,budapest,True,secondary,nincsen,tunet,1,25.243,1770286373957,trial_13,9719890R.png,25.png,9719890R.png,1770286348714,1-38BYP
18,0.8162,0,True,,,,,,,5,2026-02-05T09:58:53.428000+00:00,phase1_completed,none,,,,,,,,,,,,,,,,6,0,male,0,0,none,5,0,,,,1-38BYP,1770287193873,,,budapest,False,secondary,nincsen,nincsen,1,12.149,1770286386445,trial_14,9253225L.png,21.png,9253225L.png,1770286374296,1-38BYP
18,0.4633,1,True,,,,,,,6,2026-02-05T09:58:53.428000+00:00,phase1_completed,none,,,,,,,,,,,,,,,,5,0,male,0,0,none,6,0,,,,1-38BYP,1770287193873,,,budapest,False,secondary,nincsen,nincsen,1,18.536,1770286405349,trial_15,9140556L.png,7.png,9140556L.png,1770286386813,1-38BYP
18,0.9948,1,True,,,,,,,4,2026-02-05T09:58:53.428000+00:00,phase1_completed,none,,,,,,,,,,,,,,,,5,1,male,1,3,none,4,1,,,,1-38BYP,1770287193873,,,budapest,False,secondary,nincsen,bizonytalan,1,27.793,1770286433613,trial_16,9113018R.png,2.png,9113018R.png,1770286405820,1-38BYP
18,0.5639,0,True,,,,,,,5,2026-02-05T09:58:53.428000+00:00,phase1_completed,none,,,,,,,,,,,,,,,,5,0,male,0,0,none,5,0,,,,1-38BYP,1770287193873,,,budapest,False,secondary,nincsen,nincsen,1,15.866,1770286449901,trial_17,9100699L.png,48.png,9100699L.png,1770286434035,1-38BYP
18,0.9843,1,True,,,,,,,5,2026-02-05T09:58:53.428000+00:00,phase1_completed,none,,,,,,,,,,,,,,,,7,1,male,1,2,none,5,1,,,,1-38BYP,1770287193873,,,budapest,False,secondary,bizonytalan,tunet,1,30.587,1770286480837,trial_18,9322109R.png,14.png,9322109R.png,1770286450250,1-38BYP
18,0.4903,1,True,,,,,,,4,2026-02-05T09:58:53.428000+00:00,phase1_completed,none,,,,,,,,,,,,,,,,5,1,male,1,4,none,4,1,,,,1-38BYP,1770287193873,,,budapest,False,secondary,nincsen,bizonytalan,1,35.847,1770286517053,trial_19,9311154L.png,39.png,9311154L.png,1770286481206,1-38BYP
18,0.5424,1,True,,,,,,,6,2026-02-05T09:58:53.428000+00:00,phase1_completed,none,,,,,,,,,,,,,,,,5,0,male,1,2,none,6,0,,,,1-38BYP,1770287193873,,,budapest,False,secondary,nincsen,nincsen,1,37.54,1770285963663,trial_2,9648224L.png,44.png,9648224L.png,1770285926123,1-38BYP
18,0.329,0,True,,,,,,,5,2026-02-05T09:58:53.428000+00:00,phase1_completed,none,,,,,,,,,,,,,,,,5,0,male,0,0,none,5,0,,,,1-38BYP,1770287193873,,,budapest,False,secondary,nincsen,nincsen,1,23.558,1770286540941,trial_20,9043461R.png,9.png,9043461R.png,1770286517383,1-38BYP
18,0.6057,0,True,,,,,,,5,2026-02-05T09:58:53.428000+00:00,phase1_completed,none,,,,,,,,,,,,,,,,6,0,male,1,2,none,5,0,,,,1-38BYP,1770287193873,,,budapest,False,secondary,nincsen,nincsen,1,34.331,1770286575605,trial_21,9606955R.png,11.png,9606955R.png,1770286541274,1-38BYP
18,0.0426,1,True,,,,,,,4,2026-02-05T09:58:53.428000+00:00,phase1_completed,none,,,,,,,,,,,,,,,,3,1,male,0,0,none,4,1,,,,1-38BYP,1770287193873,,,budapest,False,secondary,nincsen,bizonytalan,1,28.595,1770286604597,trial_22,9360243L.png,50.png,9360243L.png,1770286576002,1-38BYP
18,0.5532,0,True,,,,,,,5,2026-02-05T09:58:53.428000+00:00,phase1_completed,none,,,,,,,,,,,,,,,,6,0,male,0,0,none,5,0,,,,1-38BYP,1770287193873,,,budapest,False,secondary,nincsen,nincsen,1,29.209,1770286634196,trial_23,9043461L.png,34.png,9043461L.png,1770286604987,1-38BYP
18,0.8107,0,True,,,,,,,6,2026-02-05T09:58:53.428000+00:00,phase1_completed,none,,,,,,,,,,,,,,,,7,0,male,0,0,none,6,0,,,,1-38BYP,1770287193873,,,budapest,False,secondary,nincsen,nincsen,1,9.905,1770286644468,trial_24,9870268R.png,26.png,9870268R.png,1770286634563,1-38BYP
18,0.9974,1,True,,,,,,,6,2026-02-05T09:58:53.428000+00:00,phase1_completed,none,,,,,,,,,,,,,,,,7,1,male,1,3,none,6,1,,,,1-38BYP,1770287193873,,,budapest,False,secondary,bizonytalan,tunet,1,20.251,1770286665044,trial_25,9271965R.png,47.png,9271965R.png,1770286644793,1-38BYP
18,0.916,1,True,,,,,,,5,2026-02-05T09:58:53.428000+00:00,phase1_completed,none,,,,,,,,,,,,,,,,6,1,male,1,2,none,5,1,,,,1-38BYP,1770287193873,,,budapest,False,secondary,nincsen,bizonytalan,1,24.845,1770286690268,trial_26,9862321L.png,17.png,9862321L.png,1770286665423,1-38BYP
18,0.0496,1,True,,,,,,,4,2026-02-05T09:58:53.428000+00:00,phase1_completed,none,,,,,,,,,,,,,,,,3,1,male,0,0,none,4,1,,,,1-38BYP,1770287193873,,,budapest,False,secondary,nincsen,bizonytalan,1,29.964,1770286720580,trial_27,9023935L.png,41.png,9023935L.png,1770286690616,1-38BYP
18,0.6514,1,True,,,,,,,4,2026-02-05T09:58:53.428000+00:00,phase1_completed,none,,,,,,,,,,,,,,,,5,1,male,1,2,none,4,0,,,,1-38BYP,1770287193873,,,budapest,True,secondary,nincsen,nincsen,1,23.823,1770286744772,trial_28,9448315L.png,28.png,9448315L.png,1770286720949,1-38BYP
18,0.9329,1,True,,,,,,,6,2026-02-05T09:58:53.428000+00:00,phase1_completed,none,,,,,,,,,,,,,,,,7,1,male,1,3,none,6,1,,,,1-38BYP,1770287193873,,,budapest,False,secondary,tunet,tunet,1,31.161,1770286776277,trial_29,9075939L.png,16.png,9075939L.png,1770286745116,1-38BYP
18,0.1918,0,True,,,,,,,6,2026-02-05T09:58:53.428000+00:00,phase1_completed,none,,,,,,,,,,,,,,,,4,1,male,1,2,none,6,1,,,,1-38BYP,1770287193873,,,budapest,False,secondary,tunet,tunet,1,46.909,1770286010934,trial_3,9788301L.png,33.png,9788301L.png,1770285964025,1-38BYP
18,0.9625,1,True,,,,,,,3,2026-02-05T09:58:53.428000+00:00,phase1_completed,none,,,,,,,,,,,,,,,,6,1,male,1,3,none,3,1,,,,1-38BYP,1770287193873,,,budapest,False,secondary,bizonytalan,nincsen,1,24.408,1770286801052,trial_30,9037494R.png,31.png,9037494R.png,1770286776644,1-38BYP
18,0.4814,0,True,,,,,,,4,2026-02-05T09:58:53.428000+00:00,phase1_completed,none,,,,,,,,,,,,,,,,6,0,male,0,0,none,4,0,,,,1-38BYP,1770287193873,,,budapest,False,secondary,nincsen,nincsen,1,12.368,1770286813788,trial_31,9645608L.png,43.png,9645608L.png,1770286801420,1-38BYP
18,0.3014,1,True,,,,,,,5,2026-02-05T09:58:53.428000+00:00,phase1_completed,none,,,,,,,,,,,,,,,,5,0,male,0,0,none,5,0,,,,1-38BYP,1770287193873,,,budapest,False,secondary,nincsen,nincsen,1,14.212,1770286828388,trial_32,9299531R.png,36.png,9299531R.png,1770286814176,1-38BYP
18,0.79,1,True,,,,,,,4,2026-02-05T09:58:53.428000+00:00,phase1_completed,none,,,,,,,,,,,,,,,,5,1,male,1,2,none,4,1,,,,1-38BYP,1770287193873,,,budapest,False,secondary,bizonytalan,bizonytalan,1,24.786,1770286853524,trial_33,9142551R.png,37.png,9142551R.png,1770286828738,1-38BYP
18,0.2252,0,True,,,,,,,5,2026-02-05T09:58:53.428000+00:00,phase1_completed,none,,,,,,,,,,,,,,,,4,1,male,0,0,none,5,1,,,,1-38BYP,1770287193873,,,budapest,False,secondary,nincsen,bizonytalan,1,19.558,1770286873436,trial_34,9097360L.png,1.png,9097360L.png,1770286853878,1-38BYP
18,0.645,0,True,,,,,,,5,2026-02-05T09:58:53.428000+00:00,phase1_completed,none,,,,,,,,,,,,,,,,6,0,male,0,0,none,5,0,,,,1-38BYP,1770287193873,,,budapest,False,secondary,nincsen,nincsen,1,14.2,1770286888020,trial_35,9480211R.png,3.png,9480211R.png,1770286873820,1-38BYP
18,0.0389,1,True,,,,,,,4,2026-02-05T09:58:53.428000+00:00,phase1_completed,none,,,,,,,,,,,,,,,,2,1,male,0,0,none,4,1,,,,1-38BYP,1770287193873,,,budapest,False,secondary,nincsen,bizonytalan,1,45.315,1770286933691,trial_36,9911788L.png,10.png,9911788L.png,1770286888376,1-38BYP
18,0.9124,0,True,,,,,,,5,2026-02-05T09:58:53.428000+00:00,phase1_completed,none,,,,,,,,,,,,,,,,5,0,male,0,0,none,5,0,,,,1-38BYP,1770287193873,,,budapest,False,secondary,nincsen,nincsen,1,36.073,1770286970107,trial_37,9717450L.png,40.png,9717450L.png,1770286934034,1-38BYP
18,0.8986,1,True,,,,,,,4,2026-02-05T09:58:53.428000+00:00,phase1_completed,none,,,,,,,,,,,,,,,,6,1,male,1,3,none,4,1,,,,1-38BYP,1770287193873,,,budapest,False,secondary,bizonytalan,tunet,1,20.309,1770286990811,trial_38,9683886R.png,22.png,9683886R.png,1770286970502,1-38BYP
18,0.8846,0,True,,,,,,,6,2026-02-05T09:58:53.428000+00:00,phase1_completed,none,,,,,,,,,,,,,,,,7,0,male,1,2,none,6,0,,,,1-38BYP,1770287193873,,,budapest,False,secondary,nincsen,nincsen,1,9.837,1770287001251,trial_39,9998089R.png,24.png,9998089R.png,1770286991414,1-38BYP
18,0.8517,0,True,,,,,,,5,2026-02-05T09:58:53.428000+00:00,phase1_completed,none,,,,,,,,,,,,,,,,4,0,male,0,0,none,5,1,,,,1-38BYP,1770287193873,,,budapest,True,secondary,nincsen,tunet,1,52.998,1770286064446,trial_4,9810475L.png,13.png,9810475L.png,1770286011448,1-38BYP
18,0.584,0,True,,,,,,,4,2026-02-05T09:58:53.428000+00:00,phase1_completed,none,,,,,,,,,,,,,,,,4,0,male,0,0,none,4,1,,,,1-38BYP,1770287193873,,,budapest,True,secondary,nincsen,bizonytalan,1,21.097,1770287022763,trial_40,9598675R.png,27.png,9598675R.png,1770287001666,1-38BYP
18,0.3771,0,True,,,,,,,5,2026-02-05T09:58:53.428000+00:00,phase1_completed,none,,,,,,,,,,,,,,,,6,0,male,0,0,none,5,0,,,,1-38BYP,1770287193873,,,budapest,False,secondary,nincsen,nincsen,1,16.824,1770287039971,trial_41,9872350R.png,30.png,9872350R.png,1770287023147,1-38BYP
18,0.5823,0,True,,,,,,,4,2026-02-05T09:58:53.428000+00:00,phase1_completed,none,,,,,,,,,,,,,,,,4,0,male,1,2,none,4,1,,,,1-38BYP,1770287193873,,,budapest,True,secondary,nincsen,bizonytalan,1,18.961,1770287059267,trial_42,9008884R.png,20.png,9008884R.png,1770287040306,1-38BYP
18,0.7533,0,True,,,,,,,4,2026-02-05T09:58:53.428000+00:00,phase1_completed,none,,,,,,,,,,,,,,,,6,0,male,0,0,none,4,0,,,,1-38BYP,1770287193873,,,budapest,False,secondary,nincsen,nincsen,1,9.183,1770287068787,trial_43,9166468R.png,18.png,9166468R.png,1770287059604,1-38BYP
18,0.7641,0,True,,,,,,,5,2026-02-05T09:58:53.428000+00:00,phase1_completed,none,,,,,,,,,,,,,,,,6,0,male,0,0,none,5,0,,,,1-38BYP,1770287193873,,,budapest,False,secondary,nincsen,nincsen,1,13.095,1770287082235,trial_44,9667180L.png,35.png,9667180L.png,1770287069140,1-38BYP
18,0.0818,1,True,,,,,,,4,2026-02-05T09:58:53.428000+00:00,phase1_completed,none,,,,,,,,,,,,,,,,3,1,male,0,0,none,4,1,,,,1-38BYP,1770287193873,,,budapest,False,secondary,nincsen,bizonytalan,1,20.352,1770287102931,trial_45,9397988L.png,42.png,9397988L.png,1770287082579,1-38BYP
18,0.5825,0,True,,,,,,,6,2026-02-05T09:58:53.428000+00:00,phase1_completed,none,,,,,,,,,,,,,,,,4,1,male,1,2,none,6,1,,,,1-38BYP,1770287193873,,,budapest,False,secondary,tunet,tunet,1,20.417,1770287123715,trial_46,9626432R.png,15.png,9626432R.png,1770287103298,1-38BYP
18,0.8842,1,True,,,,,,,4,2026-02-05T09:58:53.428000+00:00,phase1_completed,none,,,,,,,,,,,,,,,,6,1,male,1,2,none,4,1,,,,1-38BYP,1770287193873,,,budapest,False,secondary,nincsen,bizonytalan,1,17.223,1770287141267,trial_47,9304828L.png,46.png,9304828L.png,1770287124044,1-38BYP
18,0.5533,0,True,,,,,,,5,2026-02-05T09:58:53.428000+00:00,phase1_completed,none,,,,,,,,,,,,,,,,6,0,male,0,0,none,5,0,,,,1-38BYP,1770287193873,,,budapest,False,secondary,nincsen,nincsen,1,10.116,1770287151747,trial_48,9261557L.png,23.png,9261557L.png,1770287141631,1-38BYP
18,0.0923,0,True,,,,,,,5,2026-02-05T09:58:53.428000+00:00,phase1_completed,none,,,,,,,,,,,,,,,,2,0,male,1,3,none,5,1,,,,1-38BYP,1770287193873,,,budapest,True,secondary,nincsen,bizonytalan,1,21.002,1770287173123,trial_49,9305336L.png,12.png,9305336L.png,1770287152121,1-38BYP
18,0.1582,0,True,,,,,,,4,2026-02-05T09:58:53.428000+00:00,phase1_completed,none,,,,,,,,,,,,,,,,5,0,male,1,2,none,4,1,,,,1-38BYP,1770287193873,,,budapest,True,secondary,tunet,nincsen,1,44.524,1770286109334,trial_5,9466142R.png,5.png,9466142R.png,1770286064810,1-38BYP
18,0.9663,1,True,,,,,,,6,2026-02-05T09:58:53.428000+00:00,phase1_completed,none,,,,,,,,,,,,,,,,7,1,male,1,3,none,6,1,,,,1-38BYP,1770287193873,,,budapest,False,secondary,bizonytalan,tunet,1,20.145,1770287193666,trial_50,9056326L.png,19.png,9056326L.png,1770287173521,1-38BYP
18,0.9095,1,True,,,,,,,6,2026-02-05T09:58:53.428000+00:00,phase1_completed,none,,,,,,,,,,,,,,,,5,0,male,1,2,none,6,0,,,,1-38BYP,1770287193873,,,budapest,False,secondary,nincsen,nincsen,1,23.883,1770286133598,trial_6,9534110L.png,49.png,9534110L.png,1770286109715,1-38BYP
18,0.8137,0,True,,,,,,,5,2026-02-05T09:58:53.428000+00:00,phase1_completed,none,,,,,,,,,,,,,,,,3,0,male,1,3,none,5,1,,,,1-38BYP,1770287193873,,,budapest,True,secondary,bizonytalan,tunet,1,51.796,1770286185782,trial_7,9046206L.png,29.png,9046206L.png,1770286133986,1-38BYP
18,0.9867,1,True,,,,,,,7,2026-02-05T09:58:53.428000+00:00,phase1_completed,none,,,,,,,,,,,,,,,,6,1,male,1,3,none,7,1,,,,1-38BYP,1770287193873,,,budapest,False,secondary,tunet,tunet,1,23.758,1770286209950,trial_8,9267247L.png,38.png,9267247L.png,1770286186192,1-38BYP
18,0.401,0,True,,,,,,,5,2026-02-05T09:58:53.428000+00:00,phase1_completed,none,,,,,,,,,,,,,,,,5,0,male,0,0,none,5,0,,,,1-38BYP,1770287193873,,,budapest,False,secondary,bizonytalan,nincsen,1,28.511,1770286238839,trial_9,9035779L.png,45.png,9035779L.png,1770286210328,1-38BYP
17,0.5639,0,True,,,,,,,4,2026-02-05T09:58:55.122000+00:00,phase1_completed,none,,,,,,,,,,,,,,,,4,1,female,0,0,none,4,1,,,,1-46ZTE,1770287504162,,,city,False,secondary,nincsen,tunet,1,77.811,1770285907289,trial_1,9100699L.png,48.png,9100699L.png,1770285829478,1-46ZTE
17,0.3771,0,True,,,,,,,6,2026-02-05T09:58:55.122000+00:00,phase1_completed,none,,,,,,,,,,,,,,,,7,0,female,0,0,none,6,0,,,,1-46ZTE,1770287504162,,,city,False,secondary,nincsen,nincsen,1,27.051,1770286278129,trial_10,9872350R.png,30.png,9872350R.png,1770286251078,1-46ZTE
17,0.2577,1,True,,,,,,,3,2026-02-05T09:58:55.122000+00:00,phase1_completed,none,,,,,,,,,,,,,,,,5,1,female,0,0,none,3,1,,,,1-46ZTE,1770287504162,,,city,False,secondary,bizonytalan,tunet,1,30.863,1770286309377,trial_11,9827858L.png,8.png,9827858L.png,1770286278514,1-46ZTE
17,0.2252,0,True,,,,,,,7,2026-02-05T09:58:55.122000+00:00,phase1_completed,none,,,,,,,,,,,,,,,,7,1,female,0,0,none,7,1,,,,1-46ZTE,1770287504162,,,city,False,secondary,tunet,tunet,1,30.53,1770286340281,trial_12,9097360L.png,1.png,9097360L.png,1770286309751,1-46ZTE
17,0.8107,0,True,,,,,,,5,2026-02-05T09:58:55.122000+00:00,phase1_completed,none,,,,,,,,,,,,,,,,5,0,female,0,0,none,5,0,,,,1-46ZTE,1770287504162,,,city,False,secondary,bizonytalan,nincsen,1,33.459,1770286374113,trial_13,9870268R.png,26.png,9870268R.png,1770286340654,1-46ZTE
17,0.8162,0,True,,,,,,,3,2026-02-05T09:58:55.122000+00:00,phase1_completed,none,,,,,,,,,,,,,,,,4,0,female,0,0,none,3,1,,,,1-46ZTE,1770287504162,,,city,True,secondary,tunet,tunet,1,55.973,1770286430441,trial_14,9253225L.png,21.png,9253225L.png,1770286374468,1-46ZTE
17,0.6057,0,True,,,,,,,7,2026-02-05T09:58:55.122000+00:00,phase1_completed,none,,,,,,,,,,,,,,,,6,1,female,1,2,none,7,1,,,,1-46ZTE,1770287504162,,,city,False,secondary,tunet,tunet,1,30.29,1770286461089,trial_15,9606955R.png,11.png,9606955R.png,1770286430799,1-46ZTE
17,0.1582,0,True,,,,,,,5,2026-02-05T09:58:55.122000+00:00,phase1_completed,none,,,,,,,,,,,,,,,,6,0,female,1,2,none,5,0,,,,1-46ZTE,1770287504162,,,city,False,secondary,tunet,nincsen,1,33.81,1770286495249,trial_16,9466142R.png,5.png,9466142R.png,1770286461439,1-46ZTE
17,0.5823,0,True,,,,,,,4,2026-02-05T09:58:55.122000+00:00,phase1_completed,none,,,,,,,,,,,,,,,,5,0,female,1,2,none,4,0,,,,1-46ZTE,1770287504162,,,city,False,secondary,tunet,bizonytalan,1,36.786,1770286532385,trial_17,9008884R.png,20.png,9008884R.png,1770286495599,1-46ZTE
17,0.3014,1,True,,,,,,,6,2026-02-05T09:58:55.122000+00:00,phase1_completed,none,,,,,,,,,,,,,,,,6,1,female,0,0,none,6,1,,,,1-46ZTE,1770287504162,,,city,False,secondary,tunet,tunet,1,25.688,1770286558449,trial_18,9299531R.png,36.png,9299531R.png,1770286532761,1-46ZTE
17,0.8986,1,True,,,,,,,5,2026-02-05T09:58:55.122000+00:00,phase1_completed,none,,,,,,,,,,,,,,,,7,1,female,1,3,none,5,1,,,,1-46ZTE,1770287504162,,,city,False,secondary,tunet,bizonytalan,1,35.177,1770286593969,trial_19,9683886R.png,22.png,9683886R.png,1770286558792,1-46ZTE
17,0.0426,1,True,,,,,,,6,2026-02-05T09:58:55.122000+00:00,phase1_completed,none,,,,,,,,,,,,,,,,6,1,female,0,0,none,6,1,,,,1-46ZTE,1770287504162,,,city,False,secondary,nincsen,tunet,1,46.259,1770285954481,trial_2,9360243L.png,50.png,9360243L.png,1770285908222,1-46ZTE
17,0.4814,0,True,,,,,,,4,2026-02-05T09:58:55.122000+00:00,phase1_completed,none,,,,,,,,,,,,,,,,6,0,female,0,0,none,4,0,,,,1-46ZTE,1770287504162,,,city,False,secondary,nincsen,bizonytalan,1,19.529,1770286613833,trial_20,9645608L.png,43.png,9645608L.png,1770286594304,1-46ZTE
17,0.9663,1,True,,,,,,,7,2026-02-05T09:58:55.122000+00:00,phase1_completed,none,,,,,,,,,,,,,,,,7,1,female,1,3,none,7,1,,,,1-46ZTE,1770287504162,,,city,False,secondary,tunet,tunet,1,37.41,1770286651665,trial_21,9056326L.png,19.png,9056326L.png,1770286614255,1-46ZTE
17,0.916,1,True,,,,,,,6,2026-02-05T09:58:55.122000+00:00,phase1_completed,none,,,,,,,,,,,,,,,,5,0,female,1,2,none,6,0,,,,1-46ZTE,1770287504162,,,city,False,secondary,bizonytalan,nincsen,1,48.923,1770286701001,trial_22,9862321L.png,17.png,9862321L.png,1770286652078,1-46ZTE
17,0.9974,1,True,,,,,,,7,2026-02-05T09:58:55.122000+00:00,phase1_completed,none,,,,,,,,,,,,,,,,7,1,female,1,3,none,7,1,,,,1-46ZTE,1770287504162,,,city,False,secondary,tunet,tunet,1,89.698,1770286791081,trial_23,9271965R.png,47.png,9271965R.png,1770286701383,1-46ZTE
17,0.4903,1,True,,,,,,,5,2026-02-05T09:58:55.122000+00:00,phase1_completed,none,,,,,,,,,,,,,,,,4,1,female,1,4,none,5,1,,,,1-46ZTE,1770287504162,,,city,False,secondary,bizonytalan,tunet,1,31.361,1770286823009,trial_24,9311154L.png,39.png,9311154L.png,1770286791648,1-46ZTE
17,0.4633,1,True,,,,,,,5,2026-02-05T09:58:55.122000+00:00,phase1_completed,none,,,,,,,,,,,,,,,,4,0,female,0,0,none,5,0,,,,1-46ZTE,1770287504162,,,city,False,secondary,tunet,bizonytalan,1,33.277,1770286856641,trial_25,9140556L.png,7.png,9140556L.png,1770286823364,1-46ZTE
17,0.9095,1,True,,,,,,,3,2026-02-05T09:58:55.122000+00:00,phase1_completed,none,,,,,,,,,,,,,,,,4,1,female,1,2,none,3,1,,,,1-46ZTE,1770287504162,,,city,False,secondary,bizonytalan,tunet,1,34.769,1770286891777,trial_26,9534110L.png,49.png,9534110L.png,1770286857008,1-46ZTE
17,0.8842,1,True,,,,,,,7,2026-02-05T09:58:55.122000+00:00,phase1_completed,none,,,,,,,,,,,,,,,,7,1,female,1,2,none,7,1,,,,1-46ZTE,1770287504162,,,city,False,secondary,tunet,tunet,1,33.998,1770286926113,trial_27,9304828L.png,46.png,9304828L.png,1770286892115,1-46ZTE
17,0.5424,1,True,,,,,,,5,2026-02-05T09:58:55.122000+00:00,phase1_completed,none,,,,,,,,,,,,,,,,5,0,female,1,2,none,5,0,,,,1-46ZTE,1770287504162,,,city,False,secondary,tunet,bizonytalan,1,55.427,1770286981897,trial_28,9648224L.png,44.png,9648224L.png,1770286926470,1-46ZTE
17,0.0923,0,True,,,,,,,2,2026-02-05T09:58:55.122000+00:00,phase1_completed,none,,,,,,,,,,,,,,,,2,1,female,1,3,none,2,1,,,,1-46ZTE,1770287504162,,,city,False,secondary,nincsen,tunet,1,19.726,1770287001969,trial_29,9305336L.png,12.png,9305336L.png,1770286982243,1-46ZTE
17,0.0496,1,True,,,,,,,7,2026-02-05T09:58:55.122000+00:00,phase1_completed,none,,,,,,,,,,,,,,,,7,1,female,0,0,none,7,1,,,,1-46ZTE,1770287504162,,,city,False,secondary,bizonytalan,tunet,1,62.248,1770286017105,trial_3,9023935L.png,41.png,9023935L.png,1770285954857,1-46ZTE
17,0.8517,0,True,,,,,,,5,2026-02-05T09:58:55.122000+00:00,phase1_completed,none,,,,,,,,,,,,,,,,4,1,female,0,0,none,5,1,,,,1-46ZTE,1770287504162,,,city,False,secondary,bizonytalan,tunet,1,21.42,1770287023865,trial_30,9810475L.png,13.png,9810475L.png,1770287002445,1-46ZTE
17,0.6423,0,True,,,,,,,3,2026-02-05T09:58:55.122000+00:00,phase1_completed,none,,,,,,,,,,,,,,,,4,0,female,0,0,none,3,1,,,,1-46ZTE,1770287504162,,,city,True,secondary,tunet,nincsen,1,29.427,1770287053625,trial_31,9143031L.png,4.png,9143031L.png,1770287024198,1-46ZTE
17,0.0818,1,True,,,,,,,7,2026-02-05T09:58:55.122000+00:00,phase1_completed,none,,,,,,,,,,,,,,,,6,0,female,0,0,none,7,0,,,,1-46ZTE,1770287504162,,,city,False,secondary,nincsen,nincsen,1,41.182,1770287095169,trial_32,9397988L.png,42.png,9397988L.png,1770287053987,1-46ZTE
17,0.79,1,True,,,,,,,5,2026-02-05T09:58:55.122000+00:00,phase1_completed,none,,,,,,,,,,,,,,,,3,0,female,1,2,none,5,0,,,,1-46ZTE,1770287504162,,,city,False,secondary,nincsen,nincsen,1,22.715,1770287118281,trial_33,9142551R.png,37.png,9142551R.png,1770287095566,1-46ZTE
17,0.9843,1,True,,,,,,,7,2026-02-05T09:58:55.122000+00:00,phase1_completed,none,,,,,,,,,,,,,,,,7,1,female,1,2,none,7,1,,,,1-46ZTE,1770287504162,,,city,False,secondary,tunet,tunet,1,27.803,1770287146425,trial_34,9322109R.png,14.png,9322109R.png,1770287118622,1-46ZTE
17,0.7641,0,True,,,,,,,7,2026-02-05T09:58:55.122000+00:00,phase1_completed,none,,,,,,,,,,,,,,,,6,0,female,0,0,none,7,0,,,,1-46ZTE,1770287504162,,,city,False,secondary,nincsen,nincsen,1,13.726,1770287160513,trial_35,9667180L.png,35.png,9667180L.png,1770287146787,1-46ZTE
17,0.9867,1,True,,,,,,,6,2026-02-05T09:58:55.122000+00:00,phase1_completed,none,,,,,,,,,,,,,,,,7,1,female,1,3,none,6,1,,,,1-46ZTE,1770287504162,,,city,False,secondary,tunet,tunet,1,22.194,1770287183081,trial_36,9267247L.png,38.png,9267247L.png,1770287160887,1-46ZTE
17,0.5749,1,True,,,,,,,3,2026-02-05T09:58:55.122000+00:00,phase1_completed,none,,,,,,,,,,,,,,,,2,0,female,1,2,none,3,0,,,,1-46ZTE,1770287504162,,,city,False,secondary,tunet,nincsen,1,19.488,1770287202921,trial_37,9797850R.png,32.png,9797850R.png,1770287183433,1-46ZTE
17,0.1918,0,True,,,,,,,5,2026-02-05T09:58:55.122000+00:00,phase1_completed,none,,,,,,,,,,,,,,,,6,0,female,1,2,none,5,0,,,,1-46ZTE,1770287504162,,,city,False,secondary,nincsen,bizonytalan,1,17.221,1770287220537,trial_38,9788301L.png,33.png,9788301L.png,1770287203316,1-46ZTE
17,0.9329,1,True,,,,,,,7,2026-02-05T09:58:55.122000+00:00,phase1_completed,none,,,,,,,,,,,,,,,,7,1,female,1,3,none,7,1,,,,1-46ZTE,1770287504162,,,city,False,secondary,tunet,tunet,1,18.421,1770287239313,trial_39,9075939L.png,16.png,9075939L.png,1770287220892,1-46ZTE
17,0.329,0,True,,,,,,,5,2026-02-05T09:58:55.122000+00:00,phase1_completed,none,,,,,,,,,,,,,,,,6,0,female,0,0,none,5,0,,,,1-46ZTE,1770287504162,,,city,False,secondary,nincsen,nincsen,1,31.95,1770286049793,trial_4,9043461R.png,9.png,9043461R.png,1770286017843,1-46ZTE
17,0.645,0,True,,,,,,,6,2026-02-05T09:58:55.122000+00:00,phase1_completed,none,,,,,,,,,,,,,,,,6,0,female,0,0,none,6,0,,,,1-46ZTE,1770287504162,,,city,False,secondary,bizonytalan,nincsen,1,14.094,1770287253793,trial_40,9480211R.png,3.png,9480211R.png,1770287239699,1-46ZTE
17,0.8846,0,True,,,,,,,5,2026-02-05T09:58:55.122000+00:00,phase1_completed,none,,,,,,,,,,,,,,,,5,0,female,1,2,none,5,0,,,,1-46ZTE,1770287504162,,,city,False,secondary,bizonytalan,nincsen,1,23.075,1770287277249,trial_41,9998089R.png,24.png,9998089R.png,1770287254174,1-46ZTE
17,0.9625,1,True,,,,,,,6,2026-02-05T09:58:55.122000+00:00,phase1_completed,none,,,,,,,,,,,,,,,,7,1,female,1,3,none,6,1,,,,1-46ZTE,1770287504162,,,city,False,secondary,tunet,tunet,1,23.232,1770287301001,trial_42,9037494R.png,31.png,9037494R.png,1770287277769,1-46ZTE
17,0.7533,0,True,,,,,,,3,2026-02-05T09:58:55.122000+00:00,phase1_completed,none,,,,,,,,,,,,,,,,4,0,female,0,0,none,3,0,,,,1-46ZTE,1770287504162,,,city,False,secondary,bizonytalan,nincsen,1,22.415,1770287323777,trial_43,9166468R.png,18.png,9166468R.png,1770287301362,1-46ZTE
17,0.8646,0,True,,,,,,,4,2026-02-05T09:58:55.122000+00:00,phase1_completed,none,,,,,,,,,,,,,,,,4,0,female,0,0,none,4,0,,,,1-46ZTE,1770287504162,,,city,False,secondary,tunet,bizonytalan,1,28.602,1770287352761,trial_44,9719890R.png,25.png,9719890R.png,1770287324159,1-46ZTE
17,0.6514,1,True,,,,,,,4,2026-02-05T09:58:55.122000+00:00,phase1_completed,none,,,,,,,,,,,,,,,,4,1,female,1,2,none,4,1,,,,1-46ZTE,1770287504162,,,city,False,secondary,tunet,tunet,1,40.029,1770287393169,trial_45,9448315L.png,28.png,9448315L.png,1770287353140,1-46ZTE
17,0.8137,0,True,,,,,,,3,2026-02-05T09:58:55.122000+00:00,phase1_completed,none,,,,,,,,,,,,,,,,4,0,female,1,3,none,3,1,,,,1-46ZTE,1770287504162,,,city,True,secondary,tunet,tunet,1,27.894,1770287421417,trial_46,9046206L.png,29.png,9046206L.png,1770287393523,1-46ZTE
17,0.9124,0,True,,,,,,,4,2026-02-05T09:58:55.122000+00:00,phase1_completed,none,,,,,,,,,,,,,,,,6,0,female,0,0,none,4,0,,,,1-46ZTE,1770287504162,,,city,False,secondary,nincsen,bizonytalan,1,16.532,1770287438321,trial_47,9717450L.png,40.png,9717450L.png,1770287421789,1-46ZTE
17,0.5532,0,True,,,,,,,5,2026-02-05T09:58:55.122000+00:00,phase1_completed,none,,,,,,,,,,,,,,,,4,0,female,0,0,none,5,0,,,,1-46ZTE,1770287504162,,,city,False,secondary,nincsen,bizonytalan,1,24.109,1770287462777,trial_48,9043461L.png,34.png,9043461L.png,1770287438668,1-46ZTE
17,0.401,0,True,,,,,,,5,2026-02-05T09:58:55.122000+00:00,phase1_completed,none,,,,,,,,,,,,,,,,5,0,female,0,0,none,5,0,,,,1-46ZTE,1770287504162,,,city,False,secondary,tunet,bizonytalan,1,25.96,1770287489297,trial_49,9035779L.png,45.png,9035779L.png,1770287463337,1-46ZTE
17,0.8709,1,True,,,,,,,4,2026-02-05T09:58:55.122000+00:00,phase1_completed,none,,,,,,,,,,,,,,,,3,1,female,1,2,none,4,0,,,,1-46ZTE,1770287504162,,,city,True,secondary,bizonytalan,nincsen,1,43.659,1770286093849,trial_5,9354156R.png,6.png,9354156R.png,1770286050190,1-46ZTE
17,0.0389,1,True,,,,,,,5,2026-02-05T09:58:55.122000+00:00,phase1_completed,none,,,,,,,,,,,,,,,,5,0,female,0,0,none,5,0,,,,1-46ZTE,1770287504162,,,city,False,secondary,tunet,nincsen,1,14.235,1770287503889,trial_50,9911788L.png,10.png,9911788L.png,1770287489654,1-46ZTE
17,0.5533,0,True,,,,,,,5,2026-02-05T09:58:55.122000+00:00,phase1_completed,none,,,,,,,,,,,,,,,,6,1,female,0,0,none,5,1,,,,1-46ZTE,1770287504162,,,city,False,secondary,bizonytalan,tunet,1,40.952,1770286135201,trial_6,9261557L.png,23.png,9261557L.png,1770286094249,1-46ZTE
17,0.9948,1,True,,,,,,,5,2026-02-05T09:58:55.122000+00:00,phase1_completed,none,,,,,,,,,,,,,,,,7,1,female,1,3,none,5,1,,,,1-46ZTE,1770287504162,,,city,False,secondary,tunet,tunet,1,41.728,1770286177297,trial_7,9113018R.png,2.png,9113018R.png,1770286135569,1-46ZTE
17,0.5825,0,True,,,,,,,3,2026-02-05T09:58:55.122000+00:00,phase1_completed,none,,,,,,,,,,,,,,,,5,1,female,1,2,none,3,1,,,,1-46ZTE,1770287504162,,,city,False,secondary,tunet,bizonytalan,1,38.909,1770286216569,trial_8,9626432R.png,15.png,9626432R.png,1770286177660,1-46ZTE
17,0.584,0,True,,,,,,,5,2026-02-05T09:58:55.122000+00:00,phase1_completed,none,,,,,,,,,,,,,,,,5,1,female,0,0,none,5,1,,,,1-46ZTE,1770287504162,,,city,False,secondary,tunet,bizonytalan,1,33.757,1770286250697,trial_9,9598675R.png,27.png,9598675R.png,1770286216940,1-46ZTE
17,0.0389,1,True,,,,,,,4,2026-02-05T09:59:07.533000+00:00,phase1_completed,none,,,,,,,,,,,,,,,,5,1,female,0,0,none,4,1,,,,1-4JC9K,1770286974316,,,city,False,secondary,tunet,tunet,1,72.075,1770285928974,trial_1,9911788L.png,10.png,9911788L.png,1770285856899,1-4JC9K
17,0.9095,1,True,,,,,,,5,2026-02-05T09:59:07.533000+00:00,phase1_completed,none,,,,,,,,,,,,,,,,6,0,female,1,2,none,5,0,,,,1-4JC9K,1770286974316,,,city,False,secondary,nincsen,nincsen,1,16.245,1770286182229,trial_10,9534110L.png,49.png,9534110L.png,1770286165984,1-4JC9K
17,0.329,0,True,,,,,,,5,2026-02-05T09:59:07.533000+00:00,phase1_completed,none,,,,,,,,,,,,,,,,4,1,female,0,0,none,5,1,,,,1-4JC9K,1770286974316,,,city,False,secondary,tunet,tunet,1,26.187,1770286208741,trial_11,9043461R.png,9.png,9043461R.png,1770286182554,1-4JC9K
17,0.916,1,True,,,,,,,3,2026-02-05T09:59:07.533000+00:00,phase1_completed,none,,,,,,,,,,,,,,,,4,1,female,1,2,none,3,0,,,,1-4JC9K,1770286974316,,,city,True,secondary,bizonytalan,nincsen,1,22.968,1770286232070,trial_12,9862321L.png,17.png,9862321L.png,1770286209102,1-4JC9K
17,0.9124,0,True,,,,,,,3,2026-02-05T09:59:07.533000+00:00,phase1_completed,none,,,,,,,,,,,,,,,,4,0,female,0,0,none,3,1,,,,1-4JC9K,1770286974316,,,city,True,secondary,tunet,nincsen,1,26.199,1770286258621,trial_13,9717450L.png,40.png,9717450L.png,1770286232422,1-4JC9K
17,0.9974,1,True,,,,,,,5,2026-02-05T09:59:07.533000+00:00,phase1_completed,none,,,,,,,,,,,,,,,,6,1,female,1,3,none,5,1,,,,1-4JC9K,1770286974316,,,city,False,secondary,tunet,tunet,1,21.202,1770286280197,trial_14,9271965R.png,47.png,9271965R.png,1770286258995,1-4JC9K
17,0.2577,1,True,,,,,,,4,2026-02-05T09:59:07.533000+00:00,phase1_completed,none,,,,,,,,,,,,,,,,5,1,female,0,0,none,4,1,,,,1-4JC9K,1770286974316,,,city,False,secondary,bizonytalan,nincsen,1,21.145,1770286301781,trial_15,9827858L.png,8.png,9827858L.png,1770286280636,1-4JC9K
17,0.3014,1,True,,,,,,,4,2026-02-05T09:59:07.533000+00:00,phase1_completed,none,,,,,,,,,,,,,,,,4,0,female,0,0,none,4,0,,,,1-4JC9K,1770286974316,,,city,False,secondary,nincsen,nincsen,1,18.002,1770286320101,trial_16,9299531R.png,36.png,9299531R.png,1770286302099,1-4JC9K
17,0.6514,1,True,,,,,,,4,2026-02-05T09:59:07.533000+00:00,phase1_completed,none,,,,,,,,,,,,,,,,4,0,female,1,2,none,4,0,,,,1-4JC9K,1770286974316,,,city,False,secondary,nincsen,nincsen,1,21.312,1770286341909,trial_17,9448315L.png,28.png,9448315L.png,1770286320597,1-4JC9K
17,0.9329,1,True,,,,,,,4,2026-02-05T09:59:07.533000+00:00,phase1_completed,none,,,,,,,,,,,,,,,,6,1,female,1,3,none,4,1,,,,1-4JC9K,1770286974316,,,city,False,secondary,tunet,tunet,1,20.128,1770286362413,trial_18,9075939L.png,16.png,9075939L.png,1770286342285,1-4JC9K
17,0.9867,1,True,,,,,,,5,2026-02-05T09:59:07.533000+00:00,phase1_completed,none,,,,,,,,,,,,,,,,6,1,female,1,3,none,5,1,,,,1-4JC9K,1770286974316,,,city,False,secondary,tunet,tunet,1,18.131,1770286380893,trial_19,9267247L.png,38.png,9267247L.png,1770286362762,1-4JC9K
17,0.4814,0,True,,,,,,,6,2026-02-05T09:59:07.533000+00:00,phase1_completed,none,,,,,,,,,,,,,,,,6,0,female,0,0,none,6,0,,,,1-4JC9K,1770286974316,,,city,False,secondary,nincsen,nincsen,1,19.931,1770285950030,trial_2,9645608L.png,43.png,9645608L.png,1770285930099,1-4JC9K
17,0.3771,0,True,,,,,,,4,2026-02-05T09:59:07.533000+00:00,phase1_completed,none,,,,,,,,,,,,,,,,3,0,female,0,0,none,4,1,,,,1-4JC9K,1770286974316,,,city,True,secondary,bizonytalan,nincsen,1,28.123,1770286409405,trial_20,9872350R.png,30.png,9872350R.png,1770286381282,1-4JC9K
17,0.8846,0,True,,,,,,,4,2026-02-05T09:59:07.533000+00:00,phase1_completed,none,,,,,,,,,,,,,,,,4,0,female,1,2,none,4,1,,,,1-4JC9K,1770286974316,,,city,True,secondary,tunet,nincsen,1,25.65,1770286435413,trial_21,9998089R.png,24.png,9998089R.png,1770286409763,1-4JC9K
17,0.0426,1,True,,,,,,,5,2026-02-05T09:59:07.533000+00:00,phase1_completed,none,,,,,,,,,,,,,,,,4,0,female,0,0,none,5,0,,,,1-4JC9K,1770286974316,,,city,False,secondary,nincsen,nincsen,1,13.882,1770286449605,trial_22,9360243L.png,50.png,9360243L.png,1770286435723,1-4JC9K
17,0.401,0,True,,,,,,,4,2026-02-05T09:59:07.533000+00:00,phase1_completed,none,,,,,,,,,,,,,,,,5,1,female,0,0,none,4,1,,,,1-4JC9K,1770286974316,,,city,False,secondary,tunet,tunet,1,22.572,1770286472573,trial_23,9035779L.png,45.png,9035779L.png,1770286450001,1-4JC9K
17,0.6057,0,True,,,,,,,5,2026-02-05T09:59:07.533000+00:00,phase1_completed,none,,,,,,,,,,,,,,,,4,1,female,1,2,none,5,1,,,,1-4JC9K,1770286974316,,,city,False,secondary,bizonytalan,tunet,1,18.003,1770286490933,trial_24,9606955R.png,11.png,9606955R.png,1770286472930,1-4JC9K
17,0.8709,1,True,,,,,,,4,2026-02-05T09:59:07.533000+00:00,phase1_completed,none,,,,,,,,,,,,,,,,5,1,female,1,2,none,4,1,,,,1-4JC9K,1770286974316,,,city,False,secondary,bizonytalan,bizonytalan,1,14.952,1770286506269,trial_25,9354156R.png,6.png,9354156R.png,1770286491317,1-4JC9K
17,0.7533,0,True,,,,,,,3,2026-02-05T09:59:07.533000+00:00,phase1_completed,none,,,,,,,,,,,,,,,,5,0,female,0,0,none,3,1,,,,1-4JC9K,1770286974316,,,city,True,secondary,bizonytalan,nincsen,1,24.928,1770286531509,trial_26,9166468R.png,18.png,9166468R.png,1770286506581,1-4JC9K
17,0.8646,0,True,,,,,,,4,2026-02-05T09:59:07.533000+00:00,phase1_completed,none,,,,,,,,,,,,,,,,4,0,female,0,0,none,4,1,,,,1-4JC9K,1770286974316,,,city,True,secondary,bizonytalan,tunet,1,44.344,1770286576229,trial_27,9719890R.png,25.png,9719890R.png,1770286531885,1-4JC9K
17,0.9625,1,True,,,,,,,4,2026-02-05T09:59:07.533000+00:00,phase1_completed,none,,,,,,,,,,,,,,,,6,1,female,1,3,none,4,1,,,,1-4JC9K,1770286974316,,,city,False,secondary,bizonytalan,tunet,1,15.28,1770286591853,trial_28,9037494R.png,31.png,9037494R.png,1770286576573,1-4JC9K
17,0.6423,0,True,,,,,,,5,2026-02-05T09:59:07.533000+00:00,phase1_completed,none,,,,,,,,,,,,,,,,5,1,female,0,0,none,5,1,,,,1-4JC9K,1770286974316,,,city,False,secondary,tunet,tunet,1,25.542,1770286617733,trial_29,9143031L.png,4.png,9143031L.png,1770286592191,1-4JC9K
17,0.5533,0,True,,,,,,,4,2026-02-05T09:59:07.533000+00:00,phase1_completed,none,,,,,,,,,,,,,,,,4,0,female,0,0,none,4,1,,,,1-4JC9K,1770286974316,,,city,True,secondary,nincsen,bizonytalan,1,44.524,1770285994909,trial_3,9261557L.png,23.png,9261557L.png,1770285950385,1-4JC9K
17,0.5749,1,True,,,,,,,4,2026-02-05T09:59:07.533000+00:00,phase1_completed,none,,,,,,,,,,,,,,,,4,0,female,1,2,none,4,0,,,,1-4JC9K,1770286974316,,,city,False,secondary,tunet,nincsen,1,34.823,1770286652893,trial_30,9797850R.png,32.png,9797850R.png,1770286618070,1-4JC9K
17,0.0496,1,True,,,,,,,5,2026-02-05T09:59:07.533000+00:00,phase1_completed,none,,,,,,,,,,,,,,,,5,1,female,0,0,none,5,1,,,,1-4JC9K,1770286974316,,,city,False,secondary,nincsen,tunet,1,23.259,1770286676621,trial_31,9023935L.png,41.png,9023935L.png,1770286653362,1-4JC9K
17,0.8107,0,True,,,,,,,4,2026-02-05T09:59:07.533000+00:00,phase1_completed,none,,,,,,,,,,,,,,,,4,1,female,0,0,none,4,1,,,,1-4JC9K,1770286974316,,,city,False,secondary,tunet,tunet,1,21.911,1770286698870,trial_32,9870268R.png,26.png,9870268R.png,1770286676959,1-4JC9K
17,0.5639,0,True,,,,,,,5,2026-02-05T09:59:07.533000+00:00,phase1_completed,none,,,,,,,,,,,,,,,,6,0,female,0,0,none,5,0,,,,1-4JC9K,1770286974316,,,city,False,secondary,nincsen,nincsen,1,8.103,1770286707309,trial_33,9100699L.png,48.png,9100699L.png,1770286699206,1-4JC9K
17,0.5823,0,True,,,,,,,5,2026-02-05T09:59:07.533000+00:00,phase1_completed,none,,,,,,,,,,,,,,,,4,1,female,1,2,none,5,1,,,,1-4JC9K,1770286974316,,,city,False,secondary,tunet,tunet,1,14.638,1770286722510,trial_34,9008884R.png,20.png,9008884R.png,1770286707872,1-4JC9K
17,0.2252,0,True,,,,,,,5,2026-02-05T09:59:07.533000+00:00,phase1_completed,none,,,,,,,,,,,,,,,,5,0,female,0,0,none,5,0,,,,1-4JC9K,1770286974316,,,city,False,secondary,nincsen,nincsen,1,11.307,1770286734189,trial_35,9097360L.png,1.png,9097360L.png,1770286722882,1-4JC9K
17,0.79,1,True,,,,,,,4,2026-02-05T09:59:07.533000+00:00,phase1_completed,none,,,,,,,,,,,,,,,,5,1,female,1,2,none,4,0,,,,1-4JC9K,1770286974316,,,city,True,secondary,bizonytalan,bizonytalan,1,13.164,1770286747733,trial_36,9142551R.png,37.png,9142551R.png,1770286734569,1-4JC9K
17,0.8137,0,True,,,,,,,5,2026-02-05T09:59:07.533000+00:00,phase1_completed,none,,,,,,,,,,,,,,,,4,1,female,1,3,none,5,1,,,,1-4JC9K,1770286974316,,,city,False,secondary,tunet,tunet,1,13.082,1770286761173,trial_37,9046206L.png,29.png,9046206L.png,1770286748091,1-4JC9K
17,0.4903,1,True,,,,,,,5,2026-02-05T09:59:07.533000+00:00,phase1_completed,none,,,,,,,,,,,,,,,,6,1,female,1,4,none,5,1,,,,1-4JC9K,1770286974316,,,city,False,secondary,bizonytalan,tunet,1,13.557,1770286775101,trial_38,9311154L.png,39.png,9311154L.png,1770286761544,1-4JC9K
17,0.5825,0,True,,,,,,,5,2026-02-05T09:59:07.533000+00:00,phase1_completed,none,,,,,,,,,,,,,,,,4,1,female,1,2,none,5,1,,,,1-4JC9K,1770286974316,,,city,False,secondary,nincsen,tunet,1,10.657,1770286786141,trial_39,9626432R.png,15.png,9626432R.png,1770286775484,1-4JC9K
17,0.8517,0,True,,,,,,,4,2026-02-05T09:59:07.533000+00:00,phase1_completed,none,,,,,,,,,,,,,,,,4,1,female,0,0,none,4,1,,,,1-4JC9K,1770286974316,,,city,False,secondary,tunet,nincsen,1,30.673,1770286025942,trial_4,9810475L.png,13.png,9810475L.png,1770285995269,1-4JC9K
17,0.0923,0,True,,,,,,,5,2026-02-05T09:59:07.533000+00:00,phase1_completed,none,,,,,,,,,,,,,,,,5,1,female,1,3,none,5,1,,,,1-4JC9K,1770286974316,,,city,False,secondary,nincsen,tunet,1,21.982,1770286808445,trial_40,9305336L.png,12.png,9305336L.png,1770286786463,1-4JC9K
17,0.645,0,True,,,,,,,5,2026-02-05T09:59:07.533000+00:00,phase1_completed,none,,,,,,,,,,,,,,,,5,0,female,0,0,none,5,1,,,,1-4JC9K,1770286974316,,,city,True,secondary,bizonytalan,nincsen,1,14.982,1770286823765,trial_41,9480211R.png,3.png,9480211R.png,1770286808783,1-4JC9K
17,0.4633,1,True,,,,,,,5,2026-02-05T09:59:07.533000+00:00,phase1_completed,none,,,,,,,,,,,,,,,,4,0,female,0,0,none,5,0,,,,1-4JC9K,1770286974316,,,city,False,secondary,bizonytalan,nincsen,1,13.29,1770286837397,trial_42,9140556L.png,7.png,9140556L.png,1770286824107,1-4JC9K
17,0.8842,1,True,,,,,,,5,2026-02-05T09:59:07.533000+00:00,phase1_completed,none,,,,,,,,,,,,,,,,6,1,female,1,2,none,5,1,,,,1-4JC9K,1770286974316,,,city,False,secondary,tunet,tunet,1,12.787,1770286850509,trial_43,9304828L.png,46.png,9304828L.png,1770286837722,1-4JC9K
17,0.5532,0,True,,,,,,,4,2026-02-05T09:59:07.533000+00:00,phase1_completed,none,,,,,,,,,,,,,,,,5,0,female,0,0,none,4,0,,,,1-4JC9K,1770286974316,,,city,False,secondary,bizonytalan,nincsen,1,12.696,1770286863533,trial_44,9043461L.png,34.png,9043461L.png,1770286850837,1-4JC9K
17,0.1582,0,True,,,,,,,5,2026-02-05T09:59:07.533000+00:00,phase1_completed,none,,,,,,,,,,,,,,,,5,0,female,1,2,none,5,0,,,,1-4JC9K,1770286974316,,,city,False,secondary,bizonytalan,nincsen,1,18.948,1770286882829,trial_45,9466142R.png,5.png,9466142R.png,1770286863881,1-4JC9K
17,0.9663,1,True,,,,,,,5,2026-02-05T09:59:07.533000+00:00,phase1_completed,none,,,,,,,,,,,,,,,,5,1,female,1,3,none,5,1,,,,1-4JC9K,1770286974316,,,city,False,secondary,bizonytalan,tunet,1,12.989,1770286896173,trial_46,9056326L.png,19.png,9056326L.png,1770286883184,1-4JC9K
17,0.9948,1,True,,,,,,,5,2026-02-05T09:59:07.533000+00:00,phase1_completed,none,,,,,,,,,,,,,,,,6,1,female,1,3,none,5,1,,,,1-4JC9K,1770286974316,,,city,False,secondary,bizonytalan,tunet,1,12.675,1770286909197,trial_47,9113018R.png,2.png,9113018R.png,1770286896522,1-4JC9K
17,0.8986,1,True,,,,,,,5,2026-02-05T09:59:07.533000+00:00,phase1_completed,none,,,,,,,,,,,,,,,,6,1,female,1,3,none,5,1,,,,1-4JC9K,1770286974316,,,city,False,secondary,nincsen,tunet,1,21.376,1770286930945,trial_48,9683886R.png,22.png,9683886R.png,1770286909569,1-4JC9K
17,0.0818,1,True,,,,,,,4,2026-02-05T09:59:07.533000+00:00,phase1_completed,none,,,,,,,,,,,,,,,,5,1,female,0,0,none,4,1,,,,1-4JC9K,1770286974316,,,city,False,secondary,nincsen,bizonytalan,1,19.8,1770286951077,trial_49,9397988L.png,42.png,9397988L.png,1770286931277,1-4JC9K
17,0.7641,0,True,,,,,,,4,2026-02-05T09:59:07.533000+00:00,phase1_completed,none,,,,,,,,,,,,,,,,5,0,female,0,0,none,4,0,,,,1-4JC9K,1770286974316,,,city,False,secondary,nincsen,nincsen,1,30.399,1770286056718,trial_5,9667180L.png,35.png,9667180L.png,1770286026319,1-4JC9K
17,0.8162,0,True,,,,,,,4,2026-02-05T09:59:07.533000+00:00,phase1_completed,none,,,,,,,,,,,,,,,,5,0,female,0,0,none,4,1,,,,1-4JC9K,1770286974316,,,city,True,secondary,tunet,tunet,1,22.709,1770286974125,trial_50,9253225L.png,21.png,9253225L.png,1770286951416,1-4JC9K
17,0.9843,1,True,,,,,,,4,2026-02-05T09:59:07.533000+00:00,phase1_completed,none,,,,,,,,,,,,,,,,5,1,female,1,2,none,4,1,,,,1-4JC9K,1770286974316,,,city,False,secondary,tunet,nincsen,1,31.348,1770286088429,trial_6,9322109R.png,14.png,9322109R.png,1770286057081,1-4JC9K
17,0.5424,1,True,,,,,,,3,2026-02-05T09:59:07.533000+00:00,phase1_completed,none,,,,,,,,,,,,,,,,4,0,female,1,2,none,3,0,,,,1-4JC9K,1770286974316,,,city,False,secondary,nincsen,nincsen,1,32.668,1770286121493,trial_7,9648224L.png,44.png,9648224L.png,1770286088825,1-4JC9K
17,0.584,0,True,,,,,,,5,2026-02-05T09:59:07.533000+00:00,phase1_completed,none,,,,,,,,,,,,,,,,5,0,female,0,0,none,5,0,,,,1-4JC9K,1770286974316,,,city,False,secondary,nincsen,nincsen,1,13.459,1770286135325,trial_8,9598675R.png,27.png,9598675R.png,1770286121866,1-4JC9K
17,0.1918,0,True,,,,,,,4,2026-02-05T09:59:07.533000+00:00,phase1_completed,none,,,,,,,,,,,,,,,,4,1,female,1,2,none,4,1,,,,1-4JC9K,1770286974316,,,city,False,secondary,bizonytalan,nincsen,1,29.935,1770286165597,trial_9,9788301L.png,33.png,9788301L.png,1770286135662,1-4JC9K
17,0.584,0,True,,,,,,,4,2026-02-05T09:59:14.859000+00:00,phase1_completed,none,,,,,,,,,,,,,,,,3,1,male,0,0,none,4,1,,,,1-8P9KX,1770287195382,,,budapest,False,secondary,nincsen,tunet,1,69.934,1770285936074,trial_1,9598675R.png,27.png,9598675R.png,1770285866140,1-8P9KX
17,0.6423,0,True,,,,,,,4,2026-02-05T09:59:14.859000+00:00,phase1_completed,none,,,,,,,,,,,,,,,,4,1,male,0,0,none,4,1,,,,1-8P9KX,1770287195382,,,budapest,False,secondary,tunet,bizonytalan,1,32.028,1770286201250,trial_10,9143031L.png,4.png,9143031L.png,1770286169222,1-8P9KX
17,0.8137,0,True,,,,,,,5,2026-02-05T09:59:14.859000+00:00,phase1_completed,none,,,,,,,,,,,,,,,,4,1,male,1,3,none,5,1,,,,1-8P9KX,1770287195382,,,budapest,False,secondary,nincsen,tunet,1,19.814,1770286221442,trial_11,9046206L.png,29.png,9046206L.png,1770286201628,1-8P9KX
17,0.9625,1,True,,,,,,,6,2026-02-05T09:59:14.859000+00:00,phase1_completed,none,,,,,,,,,,,,,,,,6,1,male,1,3,none,6,1,,,,1-8P9KX,1770287195382,,,budapest,False,secondary,tunet,tunet,1,22.553,1770286244370,trial_12,9037494R.png,31.png,9037494R.png,1770286221817,1-8P9KX
17,0.645,0,True,,,,,,,5,2026-02-05T09:59:14.859000+00:00,phase1_completed,none,,,,,,,,,,,,,,,,6,0,male,0,0,none,5,0,,,,1-8P9KX,1770287195382,,,budapest,False,secondary,nincsen,bizonytalan,1,24.734,1770286269514,trial_13,9480211R.png,3.png,9480211R.png,1770286244780,1-8P9KX
17,0.9948,1,True,,,,,,,6,2026-02-05T09:59:14.859000+00:00,phase1_completed,none,,,,,,,,,,,,,,,,6,1,male,1,3,none,6,1,,,,1-8P9KX,1770287195382,,,budapest,False,secondary,tunet,tunet,1,22.854,1770286292714,trial_14,9113018R.png,2.png,9113018R.png,1770286269860,1-8P9KX
17,0.9124,0,True,,,,,,,4,2026-02-05T09:59:14.859000+00:00,phase1_completed,none,,,,,,,,,,,,,,,,3,0,male,0,0,none,4,0,,,,1-8P9KX,1770287195382,,,budapest,False,secondary,nincsen,bizonytalan,1,19.077,1770286312170,trial_15,9717450L.png,40.png,9717450L.png,1770286293093,1-8P9KX
17,0.9095,1,True,,,,,,,2,2026-02-05T09:59:14.859000+00:00,phase1_completed,none,,,,,,,,,,,,,,,,2,1,male,1,2,none,2,0,,,,1-8P9KX,1770287195382,,,budapest,True,secondary,bizonytalan,bizonytalan,1,31.87,1770286344362,trial_16,9534110L.png,49.png,9534110L.png,1770286312492,1-8P9KX
17,0.8646,0,True,,,,,,,3,2026-02-05T09:59:14.859000+00:00,phase1_completed,none,,,,,,,,,,,,,,,,2,0,male,0,0,none,3,1,,,,1-8P9KX,1770287195382,,,budapest,True,secondary,bizonytalan,bizonytalan,1,83.085,1770286427787,trial_17,9719890R.png,25.png,9719890R.png,1770286344702,1-8P9KX
17,0.9843,1,True,,,,,,,4,2026-02-05T09:59:14.859000+00:00,phase1_completed,none,,,,,,,,,,,,,,,,5,1,male,1,2,none,4,1,,,,1-8P9KX,1770287195382,,,budapest,False,secondary,tunet,tunet,1,18.777,1770286447322,trial_18,9322109R.png,14.png,9322109R.png,1770286428545,1-8P9KX
17,0.9663,1,True,,,,,,,6,2026-02-05T09:59:14.859000+00:00,phase1_completed,none,,,,,,,,,,,,,,,,6,1,male,1,3,none,6,1,,,,1-8P9KX,1770287195382,,,budapest,False,secondary,tunet,tunet,1,17.281,1770286465018,trial_19,9056326L.png,19.png,9056326L.png,1770286447737,1-8P9KX
17,0.9974,1,True,,,,,,,6,2026-02-05T09:59:14.859000+00:00,phase1_completed,none,,,,,,,,,,,,,,,,6,1,male,1,3,none,6,1,,,,1-8P9KX,1770287195382,,,budapest,False,secondary,tunet,tunet,1,42.279,1770285979274,trial_2,9271965R.png,47.png,9271965R.png,1770285936995,1-8P9KX
17,0.79,1,True,,,,,,,2,2026-02-05T09:59:14.859000+00:00,phase1_completed,none,,,,,,,,,,,,,,,,2,1,male,1,2,none,2,0,,,,1-8P9KX,1770287195382,,,budapest,True,secondary,bizonytalan,bizonytalan,1,30.03,1770286495370,trial_20,9142551R.png,37.png,9142551R.png,1770286465340,1-8P9KX
17,0.9329,1,True,,,,,,,6,2026-02-05T09:59:14.859000+00:00,phase1_completed,none,,,,,,,,,,,,,,,,6,1,male,1,3,none,6,1,,,,1-8P9KX,1770287195382,,,budapest,False,secondary,tunet,tunet,1,15.217,1770286510882,trial_21,9075939L.png,16.png,9075939L.png,1770286495665,1-8P9KX
17,0.2577,1,True,,,,,,,3,2026-02-05T09:59:14.859000+00:00,phase1_completed,none,,,,,,,,,,,,,,,,3,0,male,0,0,none,3,0,,,,1-8P9KX,1770287195382,,,budapest,False,secondary,bizonytalan,bizonytalan,1,18.497,1770286529730,trial_22,9827858L.png,8.png,9827858L.png,1770286511233,1-8P9KX
17,0.6057,0,True,,,,,,,2,2026-02-05T09:59:14.859000+00:00,phase1_completed,none,,,,,,,,,,,,,,,,4,1,male,1,2,none,2,1,,,,1-8P9KX,1770287195382,,,budapest,False,secondary,bizonytalan,tunet,1,19.118,1770286549145,trial_23,9606955R.png,11.png,9606955R.png,1770286530027,1-8P9KX
17,0.1582,0,True,,,,,,,3,2026-02-05T09:59:14.859000+00:00,phase1_completed,none,,,,,,,,,,,,,,,,4,0,male,1,2,none,3,0,,,,1-8P9KX,1770287195382,,,budapest,False,secondary,bizonytalan,bizonytalan,1,47.185,1770286596674,trial_24,9466142R.png,5.png,9466142R.png,1770286549489,1-8P9KX
17,0.4903,1,True,,,,,,,6,2026-02-05T09:59:14.859000+00:00,phase1_completed,none,,,,,,,,,,,,,,,,6,1,male,1,4,none,6,1,,,,1-8P9KX,1770287195382,,,budapest,False,secondary,bizonytalan,tunet,1,16.728,1770286613777,trial_25,9311154L.png,39.png,9311154L.png,1770286597049,1-8P9KX
17,0.8162,0,True,,,,,,,5,2026-02-05T09:59:14.859000+00:00,phase1_completed,none,,,,,,,,,,,,,,,,5,1,male,0,0,none,5,1,,,,1-8P9KX,1770287195382,,,budapest,False,secondary,bizonytalan,tunet,1,18.972,1770286633073,trial_26,9253225L.png,21.png,9253225L.png,1770286614101,1-8P9KX
17,0.5825,0,True,,,,,,,5,2026-02-05T09:59:14.859000+00:00,phase1_completed,none,,,,,,,,,,,,,,,,6,1,male,1,2,none,5,1,,,,1-8P9KX,1770287195382,,,budapest,False,secondary,tunet,tunet,1,25.084,1770286658498,trial_27,9626432R.png,15.png,9626432R.png,1770286633414,1-8P9KX
17,0.1918,0,True,,,,,,,4,2026-02-05T09:59:14.859000+00:00,phase1_completed,none,,,,,,,,,,,,,,,,4,0,male,1,2,none,4,0,,,,1-8P9KX,1770287195382,,,budapest,False,secondary,bizonytalan,bizonytalan,1,23.2,1770286682058,trial_28,9788301L.png,33.png,9788301L.png,1770286658858,1-8P9KX
17,0.401,0,True,,,,,,,3,2026-02-05T09:59:14.859000+00:00,phase1_completed,none,,,,,,,,,,,,,,,,3,0,male,0,0,none,3,0,,,,1-8P9KX,1770287195382,,,budapest,False,secondary,bizonytalan,bizonytalan,1,19.655,1770286702026,trial_29,9035779L.png,45.png,9035779L.png,1770286682371,1-8P9KX
17,0.5749,1,True,,,,,,,5,2026-02-05T09:59:14.859000+00:00,phase1_completed,none,,,,,,,,,,,,,,,,5,1,male,1,2,none,5,1,,,,1-8P9KX,1770287195382,,,budapest,False,secondary,tunet,nincsen,1,34.867,1770286014482,trial_3,9797850R.png,32.png,9797850R.png,1770285979615,1-8P9KX
17,0.8842,1,True,,,,,,,4,2026-02-05T09:59:14.859000+00:00,phase1_completed,none,,,,,,,,,,,,,,,,4,1,male,1,2,none,4,1,,,,1-8P9KX,1770287195382,,,budapest,False,secondary,tunet,tunet,1,19.939,1770286722273,trial_30,9304828L.png,46.png,9304828L.png,1770286702334,1-8P9KX
17,0.6514,1,True,,,,,,,5,2026-02-05T09:59:14.859000+00:00,phase1_completed,none,,,,,,,,,,,,,,,,5,1,male,1,2,none,5,1,,,,1-8P9KX,1770287195382,,,budapest,False,secondary,bizonytalan,tunet,1,20.447,1770286743073,trial_31,9448315L.png,28.png,9448315L.png,1770286722626,1-8P9KX
17,0.0426,1,True,,,,,,,3,2026-02-05T09:59:14.859000+00:00,phase1_completed,none,,,,,,,,,,,,,,,,5,1,male,0,0,none,3,1,,,,1-8P9KX,1770287195382,,,budapest,False,secondary,bizonytalan,bizonytalan,1,19.127,1770286762530,trial_32,9360243L.png,50.png,9360243L.png,1770286743403,1-8P9KX
17,0.5424,1,True,,,,,,,3,2026-02-05T09:59:14.859000+00:00,phase1_completed,none,,,,,,,,,,,,,,,,3,1,male,1,2,none,3,1,,,,1-8P9KX,1770287195382,,,budapest,False,secondary,bizonytalan,tunet,1,29.826,1770286792689,trial_33,9648224L.png,44.png,9648224L.png,1770286762863,1-8P9KX
17,0.8846,0,True,,,,,,,3,2026-02-05T09:59:14.859000+00:00,phase1_completed,none,,,,,,,,,,,,,,,,3,1,male,1,2,none,3,1,,,,1-8P9KX,1770287195382,,,budapest,False,secondary,bizonytalan,bizonytalan,1,35.302,1770286828305,trial_34,9998089R.png,24.png,9998089R.png,1770286793003,1-8P9KX
17,0.8709,1,True,,,,,,,3,2026-02-05T09:59:14.859000+00:00,phase1_completed,none,,,,,,,,,,,,,,,,4,1,male,1,2,none,3,1,,,,1-8P9KX,1770287195382,,,budapest,False,secondary,tunet,bizonytalan,1,60.561,1770286889185,trial_35,9354156R.png,6.png,9354156R.png,1770286828624,1-8P9KX
17,0.0389,1,True,,,,,,,5,2026-02-05T09:59:14.859000+00:00,phase1_completed,none,,,,,,,,,,,,,,,,5,1,male,0,0,none,5,1,,,,1-8P9KX,1770287195382,,,budapest,False,secondary,tunet,tunet,1,21.444,1770286911361,trial_36,9911788L.png,10.png,9911788L.png,1770286889917,1-8P9KX
17,0.8986,1,True,,,,,,,5,2026-02-05T09:59:14.859000+00:00,phase1_completed,none,,,,,,,,,,,,,,,,6,1,male,1,3,none,5,1,,,,1-8P9KX,1770287195382,,,budapest,False,secondary,tunet,tunet,1,12.623,1770286924329,trial_37,9683886R.png,22.png,9683886R.png,1770286911706,1-8P9KX
17,0.916,1,True,,,,,,,2,2026-02-05T09:59:14.859000+00:00,phase1_completed,none,,,,,,,,,,,,,,,,3,1,male,1,2,none,2,1,,,,1-8P9KX,1770287195382,,,budapest,False,secondary,tunet,tunet,1,21.94,1770286946617,trial_38,9862321L.png,17.png,9862321L.png,1770286924677,1-8P9KX
17,0.0923,0,True,,,,,,,5,2026-02-05T09:59:14.859000+00:00,phase1_completed,none,,,,,,,,,,,,,,,,5,1,male,1,3,none,5,1,,,,1-8P9KX,1770287195382,,,budapest,False,secondary,nincsen,tunet,1,21.339,1770286968321,trial_39,9305336L.png,12.png,9305336L.png,1770286946982,1-8P9KX
17,0.4633,1,True,,,,,,,4,2026-02-05T09:59:14.859000+00:00,phase1_completed,none,,,,,,,,,,,,,,,,5,0,male,0,0,none,4,0,,,,1-8P9KX,1770287195382,,,budapest,False,secondary,nincsen,bizonytalan,1,22.478,1770286037338,trial_4,9140556L.png,7.png,9140556L.png,1770286014860,1-8P9KX
17,0.0496,1,True,,,,,,,2,2026-02-05T09:59:14.859000+00:00,phase1_completed,none,,,,,,,,,,,,,,,,3,1,male,0,0,none,2,1,,,,1-8P9KX,1770287195382,,,budapest,False,secondary,bizonytalan,bizonytalan,1,43.542,1770287012241,trial_40,9023935L.png,41.png,9023935L.png,1770286968699,1-8P9KX
17,0.7641,0,True,,,,,,,5,2026-02-05T09:59:14.859000+00:00,phase1_completed,none,,,,,,,,,,,,,,,,6,0,male,0,0,none,5,0,,,,1-8P9KX,1770287195382,,,budapest,False,secondary,nincsen,nincsen,1,10.045,1770287022633,trial_41,9667180L.png,35.png,9667180L.png,1770287012588,1-8P9KX
17,0.9867,1,True,,,,,,,6,2026-02-05T09:59:14.859000+00:00,phase1_completed,none,,,,,,,,,,,,,,,,6,1,male,1,3,none,6,1,,,,1-8P9KX,1770287195382,,,budapest,False,secondary,tunet,tunet,1,14.118,1770287037081,trial_42,9267247L.png,38.png,9267247L.png,1770287022963,1-8P9KX
17,0.4814,0,True,,,,,,,3,2026-02-05T09:59:14.859000+00:00,phase1_completed,none,,,,,,,,,,,,,,,,4,0,male,0,0,none,3,0,,,,1-8P9KX,1770287195382,,,budapest,False,secondary,nincsen,bizonytalan,1,10.265,1770287047705,trial_43,9645608L.png,43.png,9645608L.png,1770287037440,1-8P9KX
17,0.0818,1,True,,,,,,,4,2026-02-05T09:59:14.859000+00:00,phase1_completed,none,,,,,,,,,,,,,,,,4,0,male,0,0,none,4,0,,,,1-8P9KX,1770287195382,,,budapest,False,secondary,bizonytalan,bizonytalan,1,15.334,1770287063369,trial_44,9397988L.png,42.png,9397988L.png,1770287048035,1-8P9KX
17,0.8517,0,True,,,,,,,2,2026-02-05T09:59:14.859000+00:00,phase1_completed,none,,,,,,,,,,,,,,,,5,1,male,0,0,none,2,1,,,,1-8P9KX,1770287195382,,,budapest,False,secondary,nincsen,bizonytalan,1,21.844,1770287085649,trial_45,9810475L.png,13.png,9810475L.png,1770287063805,1-8P9KX
17,0.8107,0,True,,,,,,,4,2026-02-05T09:59:14.859000+00:00,phase1_completed,none,,,,,,,,,,,,,,,,4,1,male,0,0,none,4,1,,,,1-8P9KX,1770287195382,,,budapest,False,secondary,bizonytalan,bizonytalan,1,23.047,1770287109010,trial_46,9870268R.png,26.png,9870268R.png,1770287085963,1-8P9KX
17,0.7533,0,True,,,,,,,4,2026-02-05T09:59:14.859000+00:00,phase1_completed,none,,,,,,,,,,,,,,,,4,0,male,0,0,none,4,0,,,,1-8P9KX,1770287195382,,,budapest,False,secondary,bizonytalan,bizonytalan,1,26.175,1770287135594,trial_47,9166468R.png,18.png,9166468R.png,1770287109419,1-8P9KX
17,0.2252,0,True,,,,,,,5,2026-02-05T09:59:14.859000+00:00,phase1_completed,none,,,,,,,,,,,,,,,,5,0,male,0,0,none,5,0,,,,1-8P9KX,1770287195382,,,budapest,False,secondary,nincsen,bizonytalan,1,24.518,1770287160474,trial_48,9097360L.png,1.png,9097360L.png,1770287135956,1-8P9KX
17,0.5532,0,True,,,,,,,4,2026-02-05T09:59:14.859000+00:00,phase1_completed,none,,,,,,,,,,,,,,,,5,0,male,0,0,none,4,0,,,,1-8P9KX,1770287195382,,,budapest,False,secondary,bizonytalan,bizonytalan,1,18.155,1770287178994,trial_49,9043461L.png,34.png,9043461L.png,1770287160839,1-8P9KX
17,0.329,0,True,,,,,,,4,2026-02-05T09:59:14.859000+00:00,phase1_completed,none,,,,,,,,,,,,,,,,5,1,male,0,0,none,4,1,,,,1-8P9KX,1770287195382,,,budapest,False,secondary,bizonytalan,tunet,1,26.78,1770286064490,trial_5,9043461R.png,9.png,9043461R.png,1770286037710,1-8P9KX
17,0.5639,0,True,,,,,,,3,2026-02-05T09:59:14.859000+00:00,phase1_completed,none,,,,,,,,,,,,,,,,4,0,male,0,0,none,3,0,,,,1-8P9KX,1770287195382,,,budapest,False,secondary,bizonytalan,bizonytalan,1,15.835,1770287195180,trial_50,9100699L.png,48.png,9100699L.png,1770287179345,1-8P9KX
17,0.5533,0,True,,,,,,,3,2026-02-05T09:59:14.859000+00:00,phase1_completed,none,,,,,,,,,,,,,,,,6,0,male,0,0,none,3,0,,,,1-8P9KX,1770287195382,,,budapest,False,secondary,nincsen,bizonytalan,1,24.942,1770286089962,trial_6,9261557L.png,23.png,9261557L.png,1770286065020,1-8P9KX
17,0.3771,0,True,,,,,,,5,2026-02-05T09:59:14.859000+00:00,phase1_completed,none,,,,,,,,,,,,,,,,6,0,male,0,0,none,5,0,,,,1-8P9KX,1770287195382,,,budapest,False,secondary,nincsen,bizonytalan,1,25.172,1770286115458,trial_7,9872350R.png,30.png,9872350R.png,1770286090286,1-8P9KX
17,0.3014,1,True,,,,,,,6,2026-02-05T09:59:14.859000+00:00,phase1_completed,none,,,,,,,,,,,,,,,,3,0,male,0,0,none,6,0,,,,1-8P9KX,1770287195382,,,budapest,False,secondary,nincsen,bizonytalan,1,24.046,1770286139914,trial_8,9299531R.png,36.png,9299531R.png,1770286115868,1-8P9KX
17,0.5823,0,True,,,,,,,4,2026-02-05T09:59:14.859000+00:00,phase1_completed,none,,,,,,,,,,,,,,,,5,1,male,1,2,none,4,1,,,,1-8P9KX,1770287195382,,,budapest,False,secondary,nincsen,tunet,1,28.645,1770286168890,trial_9,9008884R.png,20.png,9008884R.png,1770286140245,1-8P9KX
18,0.9095,1,True,,,,,,,6,2026-02-05T09:59:20.296000+00:00,phase1_completed,none,,,,,,,,,,,,,,,,3,0,female,1,2,none,6,0,,,,1-9A4UD,1770287329505,,,village,False,secondary,nincsen,nincsen,1,91.456,1770285906722,trial_1,9534110L.png,49.png,9534110L.png,1770285815266,1-9A4UD
18,0.8709,1,True,,,,,,,4,2026-02-05T09:59:20.296000+00:00,phase1_completed,none,,,,,,,,,,,,,,,,3,1,female,1,2,none,4,0,,,,1-9A4UD,1770287329505,,,village,True,secondary,nincsen,nincsen,1,34.408,1770286266417,trial_10,9354156R.png,6.png,9354156R.png,1770286232009,1-9A4UD
18,0.8986,1,True,,,,,,,5,2026-02-05T09:59:20.296000+00:00,phase1_completed,none,,,,,,,,,,,,,,,,6,1,female,1,3,none,5,1,,,,1-9A4UD,1770287329505,,,village,False,secondary,tunet,bizonytalan,1,28.919,1770286295673,trial_11,9683886R.png,22.png,9683886R.png,1770286266754,1-9A4UD
18,0.5639,0,True,,,,,,,4,2026-02-05T09:59:20.296000+00:00,phase1_completed,none,,,,,,,,,,,,,,,,4,0,female,0,0,none,4,0,,,,1-9A4UD,1770287329505,,,village,False,secondary,nincsen,bizonytalan,1,48.053,1770286344057,trial_12,9100699L.png,48.png,9100699L.png,1770286296004,1-9A4UD
18,0.916,1,True,,,,,,,5,2026-02-05T09:59:20.296000+00:00,phase1_completed,none,,,,,,,,,,,,,,,,3,0,female,1,2,none,5,0,,,,1-9A4UD,1770287329505,,,village,False,secondary,nincsen,nincsen,1,38.935,1770286383353,trial_13,9862321L.png,17.png,9862321L.png,1770286344418,1-9A4UD
18,0.584,0,True,,,,,,,3,2026-02-05T09:59:20.296000+00:00,phase1_completed,none,,,,,,,,,,,,,,,,3,1,female,0,0,none,3,1,,,,1-9A4UD,1770287329505,,,village,False,secondary,bizonytalan,bizonytalan,1,56.672,1770286440377,trial_14,9598675R.png,27.png,9598675R.png,1770286383705,1-9A4UD
18,0.1582,0,True,,,,,,,4,2026-02-05T09:59:20.296000+00:00,phase1_completed,none,,,,,,,,,,,,,,,,4,0,female,1,2,none,4,0,,,,1-9A4UD,1770287329505,,,village,False,secondary,nincsen,nincsen,1,16.769,1770286457482,trial_15,9466142R.png,5.png,9466142R.png,1770286440713,1-9A4UD
18,0.0923,0,True,,,,,,,3,2026-02-05T09:59:20.296000+00:00,phase1_completed,none,,,,,,,,,,,,,,,,3,1,female,1,3,none,3,1,,,,1-9A4UD,1770287329505,,,village,False,secondary,nincsen,tunet,1,22.871,1770286480681,trial_16,9305336L.png,12.png,9305336L.png,1770286457810,1-9A4UD
18,0.8846,0,True,,,,,,,4,2026-02-05T09:59:20.296000+00:00,phase1_completed,none,,,,,,,,,,,,,,,,5,0,female,1,2,none,4,0,,,,1-9A4UD,1770287329505,,,village,False,secondary,nincsen,nincsen,1,14.713,1770286495730,trial_17,9998089R.png,24.png,9998089R.png,1770286481017,1-9A4UD
18,0.0496,1,True,,,,,,,2,2026-02-05T09:59:20.296000+00:00,phase1_completed,none,,,,,,,,,,,,,,,,2,1,female,0,0,none,2,1,,,,1-9A4UD,1770287329505,,,village,False,secondary,bizonytalan,bizonytalan,1,50.745,1770286546801,trial_18,9023935L.png,41.png,9023935L.png,1770286496056,1-9A4UD
18,0.401,0,True,,,,,,,4,2026-02-05T09:59:20.296000+00:00,phase1_completed,none,,,,,,,,,,,,,,,,5,0,female,0,0,none,4,0,,,,1-9A4UD,1770287329505,,,village,False,secondary,nincsen,nincsen,1,12.114,1770286559217,trial_19,9035779L.png,45.png,9035779L.png,1770286547103,1-9A4UD
18,0.9843,1,True,,,,,,,5,2026-02-05T09:59:20.296000+00:00,phase1_completed,none,,,,,,,,,,,,,,,,6,1,female,1,2,none,5,1,,,,1-9A4UD,1770287329505,,,village,False,secondary,tunet,bizonytalan,1,46.232,1770285953809,trial_2,9322109R.png,14.png,9322109R.png,1770285907577,1-9A4UD
18,0.0818,1,True,,,,,,,5,2026-02-05T09:59:20.296000+00:00,phase1_completed,none,,,,,,,,,,,,,,,,4,1,female,0,0,none,5,1,,,,1-9A4UD,1770287329505,,,village,False,secondary,tunet,tunet,1,25.962,1770286585489,trial_20,9397988L.png,42.png,9397988L.png,1770286559527,1-9A4UD
18,0.4814,0,True,,,,,,,4,2026-02-05T09:59:20.296000+00:00,phase1_completed,none,,,,,,,,,,,,,,,,6,0,female,0,0,none,4,0,,,,1-9A4UD,1770287329505,,,village,False,secondary,nincsen,nincsen,1,17.575,1770286603393,trial_21,9645608L.png,43.png,9645608L.png,1770286585818,1-9A4UD
18,0.7533,0,True,,,,,,,4,2026-02-05T09:59:20.296000+00:00,phase1_completed,none,,,,,,,,,,,,,,,,6,0,female,0,0,none,4,0,,,,1-9A4UD,1770287329505,,,village,False,secondary,nincsen,nincsen,1,17.03,1770286620761,trial_22,9166468R.png,18.png,9166468R.png,1770286603731,1-9A4UD
18,0.0426,1,True,,,,,,,4,2026-02-05T09:59:20.296000+00:00,phase1_completed,none,,,,,,,,,,,,,,,,5,1,female,0,0,none,4,1,,,,1-9A4UD,1770287329505,,,village,False,secondary,nincsen,tunet,1,32.728,1770286653825,trial_23,9360243L.png,50.png,9360243L.png,1770286621097,1-9A4UD
18,0.5533,0,True,,,,,,,5,2026-02-05T09:59:20.296000+00:00,phase1_completed,none,,,,,,,,,,,,,,,,4,1,female,0,0,none,5,1,,,,1-9A4UD,1770287329505,,,village,False,secondary,bizonytalan,tunet,1,28.338,1770286682593,trial_24,9261557L.png,23.png,9261557L.png,1770286654255,1-9A4UD
18,0.2252,0,True,,,,,,,3,2026-02-05T09:59:20.296000+00:00,phase1_completed,none,,,,,,,,,,,,,,,,4,0,female,0,0,none,3,0,,,,1-9A4UD,1770287329505,,,village,False,secondary,bizonytalan,nincsen,1,30.216,1770286713169,trial_25,9097360L.png,1.png,9097360L.png,1770286682953,1-9A4UD
18,0.2577,1,True,,,,,,,5,2026-02-05T09:59:20.296000+00:00,phase1_completed,none,,,,,,,,,,,,,,,,5,1,female,0,0,none,5,1,,,,1-9A4UD,1770287329505,,,village,False,secondary,nincsen,tunet,1,31.61,1770286745121,trial_26,9827858L.png,8.png,9827858L.png,1770286713511,1-9A4UD
18,0.6423,0,True,,,,,,,4,2026-02-05T09:59:20.296000+00:00,phase1_completed,none,,,,,,,,,,,,,,,,2,1,female,0,0,none,4,1,,,,1-9A4UD,1770287329505,,,village,False,secondary,bizonytalan,tunet,1,35.297,1770286780721,trial_27,9143031L.png,4.png,9143031L.png,1770286745424,1-9A4UD
18,0.9948,1,True,,,,,,,5,2026-02-05T09:59:20.296000+00:00,phase1_completed,none,,,,,,,,,,,,,,,,6,1,female,1,3,none,5,1,,,,1-9A4UD,1770287329505,,,village,False,secondary,tunet,tunet,1,26.379,1770286807426,trial_28,9113018R.png,2.png,9113018R.png,1770286781047,1-9A4UD
18,0.8517,0,True,,,,,,,5,2026-02-05T09:59:20.296000+00:00,phase1_completed,none,,,,,,,,,,,,,,,,2,1,female,0,0,none,5,1,,,,1-9A4UD,1770287329505,,,village,False,secondary,tunet,bizonytalan,1,36.497,1770286844242,trial_29,9810475L.png,13.png,9810475L.png,1770286807745,1-9A4UD
18,0.1918,0,True,,,,,,,5,2026-02-05T09:59:20.296000+00:00,phase1_completed,none,,,,,,,,,,,,,,,,4,0,female,1,2,none,5,0,,,,1-9A4UD,1770287329505,,,village,False,secondary,nincsen,nincsen,1,48.287,1770286002449,trial_3,9788301L.png,33.png,9788301L.png,1770285954162,1-9A4UD
18,0.5823,0,True,,,,,,,6,2026-02-05T09:59:20.296000+00:00,phase1_completed,none,,,,,,,,,,,,,,,,4,1,female,1,2,none,6,1,,,,1-9A4UD,1770287329505,,,village,False,secondary,tunet,tunet,1,26.883,1770286871482,trial_30,9008884R.png,20.png,9008884R.png,1770286844599,1-9A4UD
18,0.9867,1,True,,,,,,,7,2026-02-05T09:59:20.296000+00:00,phase1_completed,none,,,,,,,,,,,,,,,,7,1,female,1,3,none,7,1,,,,1-9A4UD,1770287329505,,,village,False,secondary,tunet,tunet,1,23.587,1770286895433,trial_31,9267247L.png,38.png,9267247L.png,1770286871846,1-9A4UD
18,0.79,1,True,,,,,,,4,2026-02-05T09:59:20.296000+00:00,phase1_completed,none,,,,,,,,,,,,,,,,3,0,female,1,2,none,4,0,,,,1-9A4UD,1770287329505,,,village,False,secondary,bizonytalan,nincsen,1,22.998,1770286918786,trial_32,9142551R.png,37.png,9142551R.png,1770286895788,1-9A4UD
18,0.8162,0,True,,,,,,,2,2026-02-05T09:59:20.296000+00:00,phase1_completed,none,,,,,,,,,,,,,,,,4,0,female,0,0,none,2,1,,,,1-9A4UD,1770287329505,,,village,True,secondary,nincsen,tunet,1,39.604,1770286958746,trial_33,9253225L.png,21.png,9253225L.png,1770286919142,1-9A4UD
18,0.329,0,True,,,,,,,6,2026-02-05T09:59:20.296000+00:00,phase1_completed,none,,,,,,,,,,,,,,,,5,1,female,0,0,none,6,1,,,,1-9A4UD,1770287329505,,,village,False,secondary,tunet,tunet,1,21.963,1770286981050,trial_34,9043461R.png,9.png,9043461R.png,1770286959087,1-9A4UD
18,0.9974,1,True,,,,,,,7,2026-02-05T09:59:20.296000+00:00,phase1_completed,none,,,,,,,,,,,,,,,,7,1,female,1,3,none,7,1,,,,1-9A4UD,1770287329505,,,village,False,secondary,tunet,tunet,1,28.378,1770287009809,trial_35,9271965R.png,47.png,9271965R.png,1770286981431,1-9A4UD
18,0.7641,0,True,,,,,,,5,2026-02-05T09:59:20.296000+00:00,phase1_completed,none,,,,,,,,,,,,,,,,6,0,female,0,0,none,5,0,,,,1-9A4UD,1770287329505,,,village,False,secondary,nincsen,nincsen,1,8.947,1770287019106,trial_36,9667180L.png,35.png,9667180L.png,1770287010159,1-9A4UD
18,0.9663,1,True,,,,,,,7,2026-02-05T09:59:20.296000+00:00,phase1_completed,none,,,,,,,,,,,,,,,,7,1,female,1,3,none,7,1,,,,1-9A4UD,1770287329505,,,village,False,secondary,tunet,tunet,1,15.539,1770287034985,trial_37,9056326L.png,19.png,9056326L.png,1770287019446,1-9A4UD
18,0.5749,1,True,,,,,,,4,2026-02-05T09:59:20.296000+00:00,phase1_completed,none,,,,,,,,,,,,,,,,4,1,female,1,2,none,4,1,,,,1-9A4UD,1770287329505,,,village,False,secondary,tunet,bizonytalan,1,23.22,1770287058530,trial_38,9797850R.png,32.png,9797850R.png,1770287035310,1-9A4UD
18,0.6514,1,True,,,,,,,3,2026-02-05T09:59:20.296000+00:00,phase1_completed,none,,,,,,,,,,,,,,,,4,1,female,1,2,none,3,1,,,,1-9A4UD,1770287329505,,,village,False,secondary,nincsen,tunet,1,30.806,1770287089730,trial_39,9448315L.png,28.png,9448315L.png,1770287058924,1-9A4UD
18,0.645,0,True,,,,,,,4,2026-02-05T09:59:20.296000+00:00,phase1_completed,none,,,,,,,,,,,,,,,,5,0,female,0,0,none,4,0,,,,1-9A4UD,1770287329505,,,village,False,secondary,nincsen,bizonytalan,1,46.434,1770286049345,trial_4,9480211R.png,3.png,9480211R.png,1770286002911,1-9A4UD
18,0.5825,0,True,,,,,,,6,2026-02-05T09:59:20.296000+00:00,phase1_completed,none,,,,,,,,,,,,,,,,6,1,female,1,2,none,6,1,,,,1-9A4UD,1770287329505,,,village,False,secondary,tunet,tunet,1,28.78,1770287118866,trial_40,9626432R.png,15.png,9626432R.png,1770287090086,1-9A4UD
18,0.5532,0,True,,,,,,,3,2026-02-05T09:59:20.296000+00:00,phase1_completed,none,,,,,,,,,,,,,,,,3,0,female,0,0,none,3,1,,,,1-9A4UD,1770287329505,,,village,True,secondary,nincsen,bizonytalan,1,22.572,1770287141802,trial_41,9043461L.png,34.png,9043461L.png,1770287119230,1-9A4UD
18,0.3014,1,True,,,,,,,3,2026-02-05T09:59:20.296000+00:00,phase1_completed,none,,,,,,,,,,,,,,,,4,1,female,0,0,none,3,1,,,,1-9A4UD,1770287329505,,,village,False,secondary,tunet,bizonytalan,1,21.046,1770287163306,trial_42,9299531R.png,36.png,9299531R.png,1770287142260,1-9A4UD
18,0.0389,1,True,,,,,,,5,2026-02-05T09:59:20.296000+00:00,phase1_completed,none,,,,,,,,,,,,,,,,4,0,female,0,0,none,5,0,,,,1-9A4UD,1770287329505,,,village,False,secondary,tunet,nincsen,1,29.588,1770287193266,trial_43,9911788L.png,10.png,9911788L.png,1770287163678,1-9A4UD
18,0.6057,0,True,,,,,,,5,2026-02-05T09:59:20.296000+00:00,phase1_completed,none,,,,,,,,,,,,,,,,3,0,female,1,2,none,5,1,,,,1-9A4UD,1770287329505,,,village,True,secondary,nincsen,tunet,1,25.489,1770287219369,trial_44,9606955R.png,11.png,9606955R.png,1770287193880,1-9A4UD
18,0.8137,0,True,,,,,,,6,2026-02-05T09:59:20.296000+00:00,phase1_completed,none,,,,,,,,,,,,,,,,6,1,female,1,3,none,6,1,,,,1-9A4UD,1770287329505,,,village,False,secondary,tunet,tunet,1,25.492,1770287245218,trial_45,9046206L.png,29.png,9046206L.png,1770287219726,1-9A4UD
18,0.3771,0,True,,,,,,,4,2026-02-05T09:59:20.296000+00:00,phase1_completed,none,,,,,,,,,,,,,,,,5,0,female,0,0,none,4,0,,,,1-9A4UD,1770287329505,,,village,False,secondary,nincsen,nincsen,1,13.701,1770287259282,trial_46,9872350R.png,30.png,9872350R.png,1770287245581,1-9A4UD
18,0.4903,1,True,,,,,,,7,2026-02-05T09:59:20.296000+00:00,phase1_completed,none,,,,,,,,,,,,,,,,7,1,female,1,4,none,7,1,,,,1-9A4UD,1770287329505,,,village,False,secondary,tunet,tunet,1,16.14,1770287276034,trial_47,9311154L.png,39.png,9311154L.png,1770287259894,1-9A4UD
18,0.8646,0,True,,,,,,,5,2026-02-05T09:59:20.296000+00:00,phase1_completed,none,,,,,,,,,,,,,,,,4,1,female,0,0,none,5,1,,,,1-9A4UD,1770287329505,,,village,False,secondary,nincsen,tunet,1,19.631,1770287296042,trial_48,9719890R.png,25.png,9719890R.png,1770287276411,1-9A4UD
18,0.4633,1,True,,,,,,,5,2026-02-05T09:59:20.296000+00:00,phase1_completed,none,,,,,,,,,,,,,,,,5,1,female,0,0,none,5,1,,,,1-9A4UD,1770287329505,,,village,False,secondary,tunet,tunet,1,16.259,1770287312690,trial_49,9140556L.png,7.png,9140556L.png,1770287296431,1-9A4UD
18,0.9124,0,True,,,,,,,6,2026-02-05T09:59:20.296000+00:00,phase1_completed,none,,,,,,,,,,,,,,,,3,1,female,0,0,none,6,1,,,,1-9A4UD,1770287329505,,,village,False,secondary,nincsen,tunet,1,36.924,1770286086697,trial_5,9717450L.png,40.png,9717450L.png,1770286049773,1-9A4UD
18,0.9329,1,True,,,,,,,7,2026-02-05T09:59:20.296000+00:00,phase1_completed,none,,,,,,,,,,,,,,,,7,1,female,1,3,none,7,1,,,,1-9A4UD,1770287329505,,,village,False,secondary,tunet,tunet,1,16.221,1770287329297,trial_50,9075939L.png,16.png,9075939L.png,1770287313076,1-9A4UD
18,0.8842,1,True,,,,,,,6,2026-02-05T09:59:20.296000+00:00,phase1_completed,none,,,,,,,,,,,,,,,,6,1,female,1,2,none,6,1,,,,1-9A4UD,1770287329505,,,village,False,secondary,tunet,tunet,1,31.455,1770286118521,trial_6,9304828L.png,46.png,9304828L.png,1770286087066,1-9A4UD
18,0.9625,1,True,,,,,,,5,2026-02-05T09:59:20.296000+00:00,phase1_completed,none,,,,,,,,,,,,,,,,5,1,female,1,3,none,5,1,,,,1-9A4UD,1770287329505,,,village,False,secondary,bizonytalan,tunet,1,33.912,1770286152817,trial_7,9037494R.png,31.png,9037494R.png,1770286118905,1-9A4UD
18,0.5424,1,True,,,,,,,5,2026-02-05T09:59:20.296000+00:00,phase1_completed,none,,,,,,,,,,,,,,,,4,0,female,1,2,none,5,0,,,,1-9A4UD,1770287329505,,,village,False,secondary,nincsen,nincsen,1,37.219,1770286190369,trial_8,9648224L.png,44.png,9648224L.png,1770286153150,1-9A4UD
18,0.8107,0,True,,,,,,,5,2026-02-05T09:59:20.296000+00:00,phase1_completed,none,,,,,,,,,,,,,,,,3,1,female,0,0,none,5,1,,,,1-9A4UD,1770287329505,,,village,False,secondary,nincsen,tunet,1,40.943,1770286231665,trial_9,9870268R.png,26.png,9870268R.png,1770286190722,1-9A4UD
17,0.916,1,True,,,,,,,6,2026-02-05T09:58:28.207000+00:00,phase1_completed,none,,,,,,,,,,,,,,,,5,0,male,1,2,none,6,0,,,,1-9YQJN,1770287392008,,,city,False,secondary,nincsen,nincsen,1,44.937,1770285870634,trial_1,9862321L.png,17.png,9862321L.png,1770285825697,1-9YQJN
17,0.584,0,True,,,,,,,6,2026-02-05T09:58:28.207000+00:00,phase1_completed,none,,,,,,,,,,,,,,,,7,0,male,0,0,none,6,0,,,,1-9YQJN,1770287392008,,,city,False,secondary,nincsen,nincsen,1,14.834,1770286219745,trial_10,9598675R.png,27.png,9598675R.png,1770286204911,1-9YQJN
17,0.9974,1,True,,,,,,,6,2026-02-05T09:58:28.207000+00:00,phase1_completed,none,,,,,,,,,,,,,,,,7,1,male,1,3,none,6,1,,,,1-9YQJN,1770287392008,,,city,False,secondary,tunet,tunet,1,26.809,1770286246921,trial_11,9271965R.png,47.png,9271965R.png,1770286220112,1-9YQJN
17,0.4903,1,True,,,,,,,7,2026-02-05T09:58:28.207000+00:00,phase1_completed,none,,,,,,,,,,,,,,,,7,1,male,1,4,none,7,1,,,,1-9YQJN,1770287392008,,,city,False,secondary,bizonytalan,tunet,1,32.893,1770286280209,trial_12,9311154L.png,39.png,9311154L.png,1770286247316,1-9YQJN
17,0.401,0,True,,,,,,,5,2026-02-05T09:58:28.207000+00:00,phase1_completed,none,,,,,,,,,,,,,,,,5,0,male,0,0,none,5,0,,,,1-9YQJN,1770287392008,,,city,False,secondary,bizonytalan,nincsen,1,19.191,1770286299769,trial_13,9035779L.png,45.png,9035779L.png,1770286280578,1-9YQJN
17,0.8986,1,True,,,,,,,5,2026-02-05T09:58:28.207000+00:00,phase1_completed,none,,,,,,,,,,,,,,,,7,1,male,1,3,none,5,1,,,,1-9YQJN,1770287392008,,,city,False,secondary,tunet,bizonytalan,1,47.523,1770286347753,trial_14,9683886R.png,22.png,9683886R.png,1770286300230,1-9YQJN
17,0.9329,1,True,,,,,,,6,2026-02-05T09:58:28.207000+00:00,phase1_completed,none,,,,,,,,,,,,,,,,7,1,male,1,3,none,6,1,,,,1-9YQJN,1770287392008,,,city,False,secondary,tunet,tunet,1,24.808,1770286372953,trial_15,9075939L.png,16.png,9075939L.png,1770286348145,1-9YQJN
17,0.7641,0,True,,,,,,,7,2026-02-05T09:58:28.207000+00:00,phase1_completed,none,,,,,,,,,,,,,,,,7,0,male,0,0,none,7,0,,,,1-9YQJN,1770287392008,,,city,False,secondary,nincsen,nincsen,1,9.834,1770286383193,trial_16,9667180L.png,35.png,9667180L.png,1770286373359,1-9YQJN
17,0.2252,0,True,,,,,,,6,2026-02-05T09:58:28.207000+00:00,phase1_completed,none,,,,,,,,,,,,,,,,5,1,male,0,0,none,6,1,,,,1-9YQJN,1770287392008,,,city,False,secondary,nincsen,tunet,1,25.516,1770286409065,trial_17,9097360L.png,1.png,9097360L.png,1770286383549,1-9YQJN
17,0.0818,1,True,,,,,,,6,2026-02-05T09:58:28.207000+00:00,phase1_completed,none,,,,,,,,,,,,,,,,5,0,male,0,0,none,6,0,,,,1-9YQJN,1770287392008,,,city,False,secondary,nincsen,nincsen,1,26.769,1770286436224,trial_18,9397988L.png,42.png,9397988L.png,1770286409455,1-9YQJN
17,0.9843,1,True,,,,,,,7,2026-02-05T09:58:28.207000+00:00,phase1_completed,none,,,,,,,,,,,,,,,,7,1,male,1,2,none,7,1,,,,1-9YQJN,1770287392008,,,city,False,secondary,tunet,tunet,1,19.138,1770286455728,trial_19,9322109R.png,14.png,9322109R.png,1770286436590,1-9YQJN
17,0.8162,0,True,,,,,,,4,2026-02-05T09:58:28.207000+00:00,phase1_completed,none,,,,,,,,,,,,,,,,4,1,male,0,0,none,4,1,,,,1-9YQJN,1770287392008,,,city,False,secondary,bizonytalan,tunet,1,53.68,1770285925138,trial_2,9253225L.png,21.png,9253225L.png,1770285871458,1-9YQJN
17,0.8107,0,True,,,,,,,5,2026-02-05T09:58:28.207000+00:00,phase1_completed,none,,,,,,,,,,,,,,,,5,0,male,0,0,none,5,0,,,,1-9YQJN,1770287392008,,,city,False,secondary,nincsen,nincsen,1,23.913,1770286480112,trial_20,9870268R.png,26.png,9870268R.png,1770286456199,1-9YQJN
17,0.5639,0,True,,,,,,,6,2026-02-05T09:58:28.207000+00:00,phase1_completed,none,,,,,,,,,,,,,,,,5,1,male,0,0,none,6,1,,,,1-9YQJN,1770287392008,,,city,False,secondary,tunet,tunet,1,59.605,1770286540248,trial_21,9100699L.png,48.png,9100699L.png,1770286480643,1-9YQJN
17,0.5749,1,True,,,,,,,5,2026-02-05T09:58:28.207000+00:00,phase1_completed,none,,,,,,,,,,,,,,,,6,1,male,1,2,none,5,1,,,,1-9YQJN,1770287392008,,,city,False,secondary,tunet,tunet,1,47.651,1770286588264,trial_22,9797850R.png,32.png,9797850R.png,1770286540613,1-9YQJN
17,0.5823,0,True,,,,,,,6,2026-02-05T09:58:28.207000+00:00,phase1_completed,none,,,,,,,,,,,,,,,,6,1,male,1,2,none,6,1,,,,1-9YQJN,1770287392008,,,city,False,secondary,tunet,tunet,1,24.02,1770286612632,trial_23,9008884R.png,20.png,9008884R.png,1770286588612,1-9YQJN
17,0.1582,0,True,,,,,,,3,2026-02-05T09:58:28.207000+00:00,phase1_completed,none,,,,,,,,,,,,,,,,4,1,male,1,2,none,3,1,,,,1-9YQJN,1770287392008,,,city,False,secondary,tunet,bizonytalan,1,24.21,1770286637224,trial_24,9466142R.png,5.png,9466142R.png,1770286613014,1-9YQJN
17,0.3014,1,True,,,,,,,6,2026-02-05T09:58:28.207000+00:00,phase1_completed,none,,,,,,,,,,,,,,,,6,1,male,0,0,none,6,1,,,,1-9YQJN,1770287392008,,,city,False,secondary,tunet,tunet,1,47.805,1770286685415,trial_25,9299531R.png,36.png,9299531R.png,1770286637610,1-9YQJN
17,0.6423,0,True,,,,,,,5,2026-02-05T09:58:28.207000+00:00,phase1_completed,none,,,,,,,,,,,,,,,,4,0,male,0,0,none,5,0,,,,1-9YQJN,1770287392008,,,city,False,secondary,bizonytalan,nincsen,1,59.987,1770286745791,trial_26,9143031L.png,4.png,9143031L.png,1770286685804,1-9YQJN
17,0.1918,0,True,,,,,,,3,2026-02-05T09:58:28.207000+00:00,phase1_completed,none,,,,,,,,,,,,,,,,3,0,male,1,2,none,3,0,,,,1-9YQJN,1770287392008,,,city,False,secondary,nincsen,nincsen,1,12.963,1770286759478,trial_27,9788301L.png,33.png,9788301L.png,1770286746515,1-9YQJN
17,0.4814,0,True,,,,,,,6,2026-02-05T09:58:28.207000+00:00,phase1_completed,none,,,,,,,,,,,,,,,,6,1,male,0,0,none,6,1,,,,1-9YQJN,1770287392008,,,city,False,secondary,bizonytalan,tunet,1,35.508,1770286795351,trial_28,9645608L.png,43.png,9645608L.png,1770286759843,1-9YQJN
17,0.0426,1,True,,,,,,,4,2026-02-05T09:58:28.207000+00:00,phase1_completed,none,,,,,,,,,,,,,,,,6,1,male,0,0,none,4,1,,,,1-9YQJN,1770287392008,,,city,False,secondary,nincsen,tunet,1,33.355,1770286829063,trial_29,9360243L.png,50.png,9360243L.png,1770286795708,1-9YQJN
17,0.645,0,True,,,,,,,5,2026-02-05T09:58:28.207000+00:00,phase1_completed,none,,,,,,,,,,,,,,,,5,0,male,0,0,none,5,0,,,,1-9YQJN,1770287392008,,,city,False,secondary,nincsen,bizonytalan,1,35.184,1770285960754,trial_3,9480211R.png,3.png,9480211R.png,1770285925570,1-9YQJN
17,0.0389,1,True,,,,,,,5,2026-02-05T09:58:28.207000+00:00,phase1_completed,none,,,,,,,,,,,,,,,,5,0,male,0,0,none,5,0,,,,1-9YQJN,1770287392008,,,city,False,secondary,bizonytalan,nincsen,1,30.492,1770286859896,trial_30,9911788L.png,10.png,9911788L.png,1770286829404,1-9YQJN
17,0.9948,1,True,,,,,,,5,2026-02-05T09:58:28.207000+00:00,phase1_completed,none,,,,,,,,,,,,,,,,7,1,male,1,3,none,5,1,,,,1-9YQJN,1770287392008,,,city,False,secondary,tunet,tunet,1,44.922,1770286905142,trial_31,9113018R.png,2.png,9113018R.png,1770286860220,1-9YQJN
17,0.9625,1,True,,,,,,,6,2026-02-05T09:58:28.207000+00:00,phase1_completed,none,,,,,,,,,,,,,,,,6,1,male,1,3,none,6,1,,,,1-9YQJN,1770287392008,,,city,False,secondary,tunet,tunet,1,19.58,1770286925055,trial_32,9037494R.png,31.png,9037494R.png,1770286905475,1-9YQJN
17,0.79,1,True,,,,,,,5,2026-02-05T09:58:28.207000+00:00,phase1_completed,none,,,,,,,,,,,,,,,,6,1,male,1,2,none,5,1,,,,1-9YQJN,1770287392008,,,city,False,secondary,tunet,tunet,1,20.196,1770286945583,trial_33,9142551R.png,37.png,9142551R.png,1770286925387,1-9YQJN
17,0.5825,0,True,,,,,,,7,2026-02-05T09:58:28.207000+00:00,phase1_completed,none,,,,,,,,,,,,,,,,7,1,male,1,2,none,7,1,,,,1-9YQJN,1770287392008,,,city,False,secondary,tunet,tunet,1,28.059,1770286973975,trial_34,9626432R.png,15.png,9626432R.png,1770286945916,1-9YQJN
17,0.3771,0,True,,,,,,,4,2026-02-05T09:58:28.207000+00:00,phase1_completed,none,,,,,,,,,,,,,,,,3,1,male,0,0,none,4,1,,,,1-9YQJN,1770287392008,,,city,False,secondary,bizonytalan,tunet,1,23.887,1770286998214,trial_35,9872350R.png,30.png,9872350R.png,1770286974327,1-9YQJN
17,0.2577,1,True,,,,,,,4,2026-02-05T09:58:28.207000+00:00,phase1_completed,none,,,,,,,,,,,,,,,,5,1,male,0,0,none,4,1,,,,1-9YQJN,1770287392008,,,city,False,secondary,tunet,tunet,1,23.791,1770287022350,trial_36,9827858L.png,8.png,9827858L.png,1770286998559,1-9YQJN
17,0.4633,1,True,,,,,,,5,2026-02-05T09:58:28.207000+00:00,phase1_completed,none,,,,,,,,,,,,,,,,3,0,male,0,0,none,5,0,,,,1-9YQJN,1770287392008,,,city,False,secondary,nincsen,nincsen,1,32.973,1770287055678,trial_37,9140556L.png,7.png,9140556L.png,1770287022705,1-9YQJN
17,0.6514,1,True,,,,,,,4,2026-02-05T09:58:28.207000+00:00,phase1_completed,none,,,,,,,,,,,,,,,,6,1,male,1,2,none,4,1,,,,1-9YQJN,1770287392008,,,city,False,secondary,bizonytalan,bizonytalan,1,19.762,1770287075998,trial_38,9448315L.png,28.png,9448315L.png,1770287056236,1-9YQJN
17,0.8137,0,True,,,,,,,5,2026-02-05T09:58:28.207000+00:00,phase1_completed,none,,,,,,,,,,,,,,,,5,1,male,1,3,none,5,1,,,,1-9YQJN,1770287392008,,,city,False,secondary,bizonytalan,tunet,1,18.793,1770287095286,trial_39,9046206L.png,29.png,9046206L.png,1770287076493,1-9YQJN
17,0.329,0,True,,,,,,,6,2026-02-05T09:58:28.207000+00:00,phase1_completed,none,,,,,,,,,,,,,,,,6,0,male,0,0,none,6,0,,,,1-9YQJN,1770287392008,,,city,False,secondary,nincsen,nincsen,1,37.024,1770285998410,trial_4,9043461R.png,9.png,9043461R.png,1770285961386,1-9YQJN
17,0.5424,1,True,,,,,,,6,2026-02-05T09:58:28.207000+00:00,phase1_completed,none,,,,,,,,,,,,,,,,6,1,male,1,2,none,6,1,,,,1-9YQJN,1770287392008,,,city,False,secondary,tunet,tunet,1,22.33,1770287117974,trial_40,9648224L.png,44.png,9648224L.png,1770287095644,1-9YQJN
17,0.5532,0,True,,,,,,,4,2026-02-05T09:58:28.207000+00:00,phase1_completed,none,,,,,,,,,,,,,,,,4,0,male,0,0,none,4,0,,,,1-9YQJN,1770287392008,,,city,False,secondary,nincsen,bizonytalan,1,29.107,1770287147462,trial_41,9043461L.png,34.png,9043461L.png,1770287118355,1-9YQJN
17,0.8842,1,True,,,,,,,5,2026-02-05T09:58:28.207000+00:00,phase1_completed,none,,,,,,,,,,,,,,,,7,1,male,1,2,none,5,1,,,,1-9YQJN,1770287392008,,,city,False,secondary,bizonytalan,tunet,1,28.853,1770287176702,trial_42,9304828L.png,46.png,9304828L.png,1770287147849,1-9YQJN
17,0.8709,1,True,,,,,,,2,2026-02-05T09:58:28.207000+00:00,phase1_completed,none,,,,,,,,,,,,,,,,5,1,male,1,2,none,2,1,,,,1-9YQJN,1770287392008,,,city,False,secondary,bizonytalan,bizonytalan,1,30.778,1770287207854,trial_43,9354156R.png,6.png,9354156R.png,1770287177076,1-9YQJN
17,0.9124,0,True,,,,,,,5,2026-02-05T09:58:28.207000+00:00,phase1_completed,none,,,,,,,,,,,,,,,,6,1,male,0,0,none,5,1,,,,1-9YQJN,1770287392008,,,city,False,secondary,tunet,tunet,1,41.242,1770287249470,trial_44,9717450L.png,40.png,9717450L.png,1770287208228,1-9YQJN
17,0.9867,1,True,,,,,,,7,2026-02-05T09:58:28.207000+00:00,phase1_completed,none,,,,,,,,,,,,,,,,7,1,male,1,3,none,7,1,,,,1-9YQJN,1770287392008,,,city,False,secondary,tunet,tunet,1,15.512,1770287265371,trial_45,9267247L.png,38.png,9267247L.png,1770287249859,1-9YQJN
17,0.8846,0,True,,,,,,,2,2026-02-05T09:58:28.207000+00:00,phase1_completed,none,,,,,,,,,,,,,,,,2,1,male,1,2,none,2,1,,,,1-9YQJN,1770287392008,,,city,False,secondary,nincsen,bizonytalan,1,32.273,1770287298013,trial_46,9998089R.png,24.png,9998089R.png,1770287265740,1-9YQJN
17,0.8517,0,True,,,,,,,7,2026-02-05T09:58:28.207000+00:00,phase1_completed,none,,,,,,,,,,,,,,,,7,1,male,0,0,none,7,1,,,,1-9YQJN,1770287392008,,,city,False,secondary,bizonytalan,tunet,1,26.257,1770287324677,trial_47,9810475L.png,13.png,9810475L.png,1770287298420,1-9YQJN
17,0.6057,0,True,,,,,,,5,2026-02-05T09:58:28.207000+00:00,phase1_completed,none,,,,,,,,,,,,,,,,5,1,male,1,2,none,5,1,,,,1-9YQJN,1770287392008,,,city,False,secondary,bizonytalan,tunet,1,16.556,1770287341605,trial_48,9606955R.png,11.png,9606955R.png,1770287325049,1-9YQJN
17,0.8646,0,True,,,,,,,4,2026-02-05T09:58:28.207000+00:00,phase1_completed,none,,,,,,,,,,,,,,,,4,1,male,0,0,none,4,1,,,,1-9YQJN,1770287392008,,,city,False,secondary,nincsen,tunet,1,30.17,1770287372133,trial_49,9719890R.png,25.png,9719890R.png,1770287341963,1-9YQJN
17,0.7533,0,True,,,,,,,5,2026-02-05T09:58:28.207000+00:00,phase1_completed,none,,,,,,,,,,,,,,,,5,0,male,0,0,none,5,0,,,,1-9YQJN,1770287392008,,,city,False,secondary,bizonytalan,nincsen,1,40.978,1770286039786,trial_5,9166468R.png,18.png,9166468R.png,1770285998808,1-9YQJN
17,0.5533,0,True,,,,,,,6,2026-02-05T09:58:28.207000+00:00,phase1_completed,none,,,,,,,,,,,,,,,,6,1,male,0,0,none,6,1,,,,1-9YQJN,1770287392008,,,city,False,secondary,nincsen,tunet,1,19.262,1770287391765,trial_50,9261557L.png,23.png,9261557L.png,1770287372503,1-9YQJN
17,0.0923,0,True,,,,,,,3,2026-02-05T09:58:28.207000+00:00,phase1_completed,none,,,,,,,,,,,,,,,,2,1,male,1,3,none,3,1,,,,1-9YQJN,1770287392008,,,city,False,secondary,nincsen,tunet,1,29.28,1770286069466,trial_6,9305336L.png,12.png,9305336L.png,1770286040186,1-9YQJN
17,0.9095,1,True,,,,,,,5,2026-02-05T09:58:28.207000+00:00,phase1_completed,none,,,,,,,,,,,,,,,,4,1,male,1,2,none,5,0,,,,1-9YQJN,1770287392008,,,city,True,secondary,nincsen,nincsen,1,52.231,1770286122082,trial_7,9534110L.png,49.png,9534110L.png,1770286069851,1-9YQJN
17,0.9663,1,True,,,,,,,7,2026-02-05T09:58:28.207000+00:00,phase1_completed,none,,,,,,,,,,,,,,,,7,1,male,1,3,none,7,1,,,,1-9YQJN,1770287392008,,,city,False,secondary,tunet,tunet,1,45.759,1770286168218,trial_8,9056326L.png,19.png,9056326L.png,1770286122459,1-9YQJN
17,0.0496,1,True,,,,,,,3,2026-02-05T09:58:28.207000+00:00,phase1_completed,none,,,,,,,,,,,,,,,,4,0,male,0,0,none,3,0,,,,1-9YQJN,1770287392008,,,city,False,secondary,bizonytalan,bizonytalan,1,35.913,1770286204505,trial_9,9023935L.png,41.png,9023935L.png,1770286168592,1-9YQJN
16,0.4633,1,True,,,,,,,6,2026-02-05T09:58:51.239000+00:00,phase1_completed,none,,,,,,,,,,,,,,,,4,0,female,0,0,none,6,0,,,,1-FQ54H,1770286938195,,,budapest,False,secondary,nincsen,bizonytalan,1,58.46,1770285828069,trial_1,9140556L.png,7.png,9140556L.png,1770285769609,1-FQ54H
16,0.9948,1,True,,,,,,,5,2026-02-05T09:58:51.239000+00:00,phase1_completed,none,,,,,,,,,,,,,,,,5,1,female,1,3,none,5,1,,,,1-FQ54H,1770286938195,,,budapest,False,secondary,tunet,tunet,1,44.71,1770286137660,trial_10,9113018R.png,2.png,9113018R.png,1770286092950,1-FQ54H
16,0.8162,0,True,,,,,,,3,2026-02-05T09:58:51.239000+00:00,phase1_completed,none,,,,,,,,,,,,,,,,3,0,female,0,0,none,3,0,,,,1-FQ54H,1770286938195,,,budapest,False,secondary,bizonytalan,nincsen,1,19.883,1770286157924,trial_11,9253225L.png,21.png,9253225L.png,1770286138041,1-FQ54H
16,0.8107,0,True,,,,,,,3,2026-02-05T09:58:51.239000+00:00,phase1_completed,none,,,,,,,,,,,,,,,,5,0,female,0,0,none,3,0,,,,1-FQ54H,1770286938195,,,budapest,False,secondary,bizonytalan,bizonytalan,1,19.412,1770286177652,trial_12,9870268R.png,26.png,9870268R.png,1770286158240,1-FQ54H
16,0.5639,0,True,,,,,,,3,2026-02-05T09:58:51.239000+00:00,phase1_completed,none,,,,,,,,,,,,,,,,2,0,female,0,0,none,3,1,,,,1-FQ54H,1770286938195,,,budapest,True,secondary,bizonytalan,bizonytalan,1,16.753,1770286194756,trial_13,9100699L.png,48.png,9100699L.png,1770286178003,1-FQ54H
16,0.1918,0,True,,,,,,,3,2026-02-05T09:58:51.239000+00:00,phase1_completed,none,,,,,,,,,,,,,,,,5,0,female,1,2,none,3,0,,,,1-FQ54H,1770286938195,,,budapest,False,secondary,bizonytalan,nincsen,1,17.879,1770286213044,trial_14,9788301L.png,33.png,9788301L.png,1770286195165,1-FQ54H
16,0.5825,0,True,,,,,,,3,2026-02-05T09:58:51.239000+00:00,phase1_completed,none,,,,,,,,,,,,,,,,2,1,female,1,2,none,3,1,,,,1-FQ54H,1770286938195,,,budapest,False,secondary,bizonytalan,tunet,1,18.966,1770286232332,trial_15,9626432R.png,15.png,9626432R.png,1770286213366,1-FQ54H
16,0.3771,0,True,,,,,,,3,2026-02-05T09:58:51.239000+00:00,phase1_completed,none,,,,,,,,,,,,,,,,6,0,female,0,0,none,3,0,,,,1-FQ54H,1770286938195,,,budapest,False,secondary,nincsen,nincsen,1,18.056,1770286250740,trial_16,9872350R.png,30.png,9872350R.png,1770286232684,1-FQ54H
16,0.0818,1,True,,,,,,,3,2026-02-05T09:58:51.239000+00:00,phase1_completed,none,,,,,,,,,,,,,,,,5,1,female,0,0,none,3,1,,,,1-FQ54H,1770286938195,,,budapest,False,secondary,tunet,tunet,1,18.787,1770286269948,trial_17,9397988L.png,42.png,9397988L.png,1770286251161,1-FQ54H
16,0.9867,1,True,,,,,,,4,2026-02-05T09:58:51.239000+00:00,phase1_completed,none,,,,,,,,,,,,,,,,7,1,female,1,3,none,4,1,,,,1-FQ54H,1770286938195,,,budapest,False,secondary,tunet,tunet,1,15.054,1770286285317,trial_18,9267247L.png,38.png,9267247L.png,1770286270263,1-FQ54H
16,0.4903,1,True,,,,,,,3,2026-02-05T09:58:51.239000+00:00,phase1_completed,none,,,,,,,,,,,,,,,,6,1,female,1,4,none,3,1,,,,1-FQ54H,1770286938195,,,budapest,False,secondary,tunet,tunet,1,44.106,1770286329804,trial_19,9311154L.png,39.png,9311154L.png,1770286285698,1-FQ54H
16,0.4814,0,True,,,,,,,4,2026-02-05T09:58:51.239000+00:00,phase1_completed,none,,,,,,,,,,,,,,,,2,1,female,0,0,none,4,1,,,,1-FQ54H,1770286938195,,,budapest,False,secondary,tunet,bizonytalan,1,45.841,1770285874628,trial_2,9645608L.png,43.png,9645608L.png,1770285828787,1-FQ54H
16,0.8846,0,True,,,,,,,4,2026-02-05T09:58:51.239000+00:00,phase1_completed,none,,,,,,,,,,,,,,,,6,0,female,1,2,none,4,0,,,,1-FQ54H,1770286938195,,,budapest,False,secondary,nincsen,nincsen,1,13.582,1770286343684,trial_20,9998089R.png,24.png,9998089R.png,1770286330102,1-FQ54H
16,0.7641,0,True,,,,,,,6,2026-02-05T09:58:51.239000+00:00,phase1_completed,none,,,,,,,,,,,,,,,,5,0,female,0,0,none,6,0,,,,1-FQ54H,1770286938195,,,budapest,False,secondary,bizonytalan,nincsen,1,31.03,1770286375035,trial_21,9667180L.png,35.png,9667180L.png,1770286344005,1-FQ54H
16,0.6514,1,True,,,,,,,4,2026-02-05T09:58:51.239000+00:00,phase1_completed,none,,,,,,,,,,,,,,,,5,1,female,1,2,none,4,1,,,,1-FQ54H,1770286938195,,,budapest,False,secondary,tunet,bizonytalan,1,29.049,1770286404412,trial_22,9448315L.png,28.png,9448315L.png,1770286375363,1-FQ54H
16,0.9974,1,True,,,,,,,6,2026-02-05T09:58:51.239000+00:00,phase1_completed,none,,,,,,,,,,,,,,,,7,1,female,1,3,none,6,1,,,,1-FQ54H,1770286938195,,,budapest,False,secondary,tunet,tunet,1,27.965,1770286432708,trial_23,9271965R.png,47.png,9271965R.png,1770286404743,1-FQ54H
16,0.9625,1,True,,,,,,,5,2026-02-05T09:58:51.239000+00:00,phase1_completed,none,,,,,,,,,,,,,,,,6,1,female,1,3,none,5,1,,,,1-FQ54H,1770286938195,,,budapest,False,secondary,tunet,tunet,1,15.782,1770286448820,trial_24,9037494R.png,31.png,9037494R.png,1770286433038,1-FQ54H
16,0.8986,1,True,,,,,,,5,2026-02-05T09:58:51.239000+00:00,phase1_completed,none,,,,,,,,,,,,,,,,7,1,female,1,3,none,5,1,,,,1-FQ54H,1770286938195,,,budapest,False,secondary,tunet,tunet,1,12.262,1770286461414,trial_25,9683886R.png,22.png,9683886R.png,1770286449152,1-FQ54H
16,0.7533,0,True,,,,,,,4,2026-02-05T09:58:51.239000+00:00,phase1_completed,none,,,,,,,,,,,,,,,,6,0,female,0,0,none,4,0,,,,1-FQ54H,1770286938195,,,budapest,False,secondary,bizonytalan,nincsen,1,15.104,1770286476858,trial_26,9166468R.png,18.png,9166468R.png,1770286461754,1-FQ54H
16,0.1582,0,True,,,,,,,4,2026-02-05T09:58:51.239000+00:00,phase1_completed,none,,,,,,,,,,,,,,,,3,1,female,1,2,none,4,1,,,,1-FQ54H,1770286938195,,,budapest,False,secondary,tunet,bizonytalan,1,12.935,1770286490100,trial_27,9466142R.png,5.png,9466142R.png,1770286477165,1-FQ54H
16,0.916,1,True,,,,,,,4,2026-02-05T09:58:51.239000+00:00,phase1_completed,none,,,,,,,,,,,,,,,,3,0,female,1,2,none,4,0,,,,1-FQ54H,1770286938195,,,budapest,False,secondary,bizonytalan,bizonytalan,1,14.999,1770286505396,trial_28,9862321L.png,17.png,9862321L.png,1770286490397,1-FQ54H
16,0.9095,1,True,,,,,,,5,2026-02-05T09:58:51.239000+00:00,phase1_completed,none,,,,,,,,,,,,,,,,1,0,female,1,2,none,5,0,,,,1-FQ54H,1770286938195,,,budapest,False,secondary,nincsen,tunet,1,29.821,1770286535516,trial_29,9534110L.png,49.png,9534110L.png,1770286505695,1-FQ54H
16,0.8709,1,True,,,,,,,3,2026-02-05T09:58:51.239000+00:00,phase1_completed,none,,,,,,,,,,,,,,,,6,1,female,1,2,none,3,1,,,,1-FQ54H,1770286938195,,,budapest,False,secondary,tunet,bizonytalan,1,38.827,1770285914125,trial_3,9354156R.png,6.png,9354156R.png,1770285875298,1-FQ54H
16,0.5749,1,True,,,,,,,2,2026-02-05T09:58:51.239000+00:00,phase1_completed,none,,,,,,,,,,,,,,,,3,1,female,1,2,none,2,1,,,,1-FQ54H,1770286938195,,,budapest,False,secondary,tunet,nincsen,1,23.26,1770286559132,trial_30,9797850R.png,32.png,9797850R.png,1770286535872,1-FQ54H
16,0.8842,1,True,,,,,,,3,2026-02-05T09:58:51.239000+00:00,phase1_completed,none,,,,,,,,,,,,,,,,5,0,female,1,2,none,3,0,,,,1-FQ54H,1770286938195,,,budapest,False,secondary,bizonytalan,nincsen,1,23.773,1770286583244,trial_31,9304828L.png,46.png,9304828L.png,1770286559471,1-FQ54H
16,0.584,0,True,,,,,,,3,2026-02-05T09:58:51.239000+00:00,phase1_completed,none,,,,,,,,,,,,,,,,6,0,female,0,0,none,3,0,,,,1-FQ54H,1770286938195,,,budapest,False,secondary,nincsen,bizonytalan,1,11.256,1770286594827,trial_32,9598675R.png,27.png,9598675R.png,1770286583571,1-FQ54H
16,0.9329,1,True,,,,,,,6,2026-02-05T09:58:51.239000+00:00,phase1_completed,none,,,,,,,,,,,,,,,,7,1,female,1,3,none,6,1,,,,1-FQ54H,1770286938195,,,budapest,False,secondary,tunet,tunet,1,23.451,1770286618683,trial_33,9075939L.png,16.png,9075939L.png,1770286595232,1-FQ54H
16,0.79,1,True,,,,,,,3,2026-02-05T09:58:51.239000+00:00,phase1_completed,none,,,,,,,,,,,,,,,,1,0,female,1,2,none,3,0,,,,1-FQ54H,1770286938195,,,budapest,False,secondary,bizonytalan,nincsen,1,23.953,1770286642940,trial_34,9142551R.png,37.png,9142551R.png,1770286618987,1-FQ54H
16,0.8137,0,True,,,,,,,1,2026-02-05T09:58:51.239000+00:00,phase1_completed,none,,,,,,,,,,,,,,,,1,1,female,1,3,none,1,1,,,,1-FQ54H,1770286938195,,,budapest,False,secondary,nincsen,tunet,1,20.733,1770286663997,trial_35,9046206L.png,29.png,9046206L.png,1770286643264,1-FQ54H
16,0.6057,0,True,,,,,,,3,2026-02-05T09:58:51.239000+00:00,phase1_completed,none,,,,,,,,,,,,,,,,4,0,female,1,2,none,3,0,,,,1-FQ54H,1770286938195,,,budapest,False,secondary,bizonytalan,bizonytalan,1,13.434,1770286677756,trial_36,9606955R.png,11.png,9606955R.png,1770286664322,1-FQ54H
16,0.5424,1,True,,,,,,,3,2026-02-05T09:58:51.239000+00:00,phase1_completed,none,,,,,,,,,,,,,,,,5,1,female,1,2,none,3,1,,,,1-FQ54H,1770286938195,,,budapest,False,secondary,tunet,bizonytalan,1,35.098,1770286713188,trial_37,9648224L.png,44.png,9648224L.png,1770286678090,1-FQ54H
16,0.8517,0,True,,,,,,,4,2026-02-05T09:58:51.239000+00:00,phase1_completed,none,,,,,,,,,,,,,,,,6,0,female,0,0,none,4,0,,,,1-FQ54H,1770286938195,,,budapest,False,secondary,nincsen,bizonytalan,1,10.08,1770286723612,trial_38,9810475L.png,13.png,9810475L.png,1770286713532,1-FQ54H
16,0.9663,1,True,,,,,,,6,2026-02-05T09:58:51.239000+00:00,phase1_completed,none,,,,,,,,,,,,,,,,7,1,female,1,3,none,6,1,,,,1-FQ54H,1770286938195,,,budapest,False,secondary,tunet,tunet,1,27.59,1770286751540,trial_39,9056326L.png,19.png,9056326L.png,1770286723950,1-FQ54H
16,0.645,0,True,,,,,,,4,2026-02-05T09:58:51.239000+00:00,phase1_completed,none,,,,,,,,,,,,,,,,5,0,female,0,0,none,4,0,,,,1-FQ54H,1770286938195,,,budapest,False,secondary,nincsen,nincsen,1,22.007,1770285936484,trial_4,9480211R.png,3.png,9480211R.png,1770285914477,1-FQ54H
16,0.0389,1,True,,,,,,,5,2026-02-05T09:58:51.239000+00:00,phase1_completed,none,,,,,,,,,,,,,,,,2,0,female,0,0,none,5,0,,,,1-FQ54H,1770286938195,,,budapest,False,secondary,nincsen,nincsen,1,26.522,1770286778476,trial_40,9911788L.png,10.png,9911788L.png,1770286751954,1-FQ54H
16,0.5823,0,True,,,,,,,2,2026-02-05T09:58:51.239000+00:00,phase1_completed,none,,,,,,,,,,,,,,,,1,1,female,1,2,none,2,1,,,,1-FQ54H,1770286938195,,,budapest,False,secondary,bizonytalan,tunet,1,12.76,1770286791576,trial_41,9008884R.png,20.png,9008884R.png,1770286778816,1-FQ54H
16,0.2577,1,True,,,,,,,3,2026-02-05T09:58:51.239000+00:00,phase1_completed,none,,,,,,,,,,,,,,,,1,0,female,0,0,none,3,0,,,,1-FQ54H,1770286938195,,,budapest,False,secondary,nincsen,nincsen,1,8.699,1770286800588,trial_42,9827858L.png,8.png,9827858L.png,1770286791889,1-FQ54H
16,0.9843,1,True,,,,,,,4,2026-02-05T09:58:51.239000+00:00,phase1_completed,none,,,,,,,,,,,,,,,,6,1,female,1,2,none,4,1,,,,1-FQ54H,1770286938195,,,budapest,False,secondary,tunet,bizonytalan,1,11.578,1770286812483,trial_43,9322109R.png,14.png,9322109R.png,1770286800905,1-FQ54H
16,0.0426,1,True,,,,,,,3,2026-02-05T09:58:51.239000+00:00,phase1_completed,none,,,,,,,,,,,,,,,,5,0,female,0,0,none,3,0,,,,1-FQ54H,1770286938195,,,budapest,False,secondary,nincsen,nincsen,1,24.534,1770286837355,trial_44,9360243L.png,50.png,9360243L.png,1770286812821,1-FQ54H
16,0.2252,0,True,,,,,,,3,2026-02-05T09:58:51.239000+00:00,phase1_completed,none,,,,,,,,,,,,,,,,5,0,female,0,0,none,3,0,,,,1-FQ54H,1770286938195,,,budapest,False,secondary,bizonytalan,nincsen,1,14.687,1770286852380,trial_45,9097360L.png,1.png,9097360L.png,1770286837693,1-FQ54H
16,0.6423,0,True,,,,,,,4,2026-02-05T09:58:51.239000+00:00,phase1_completed,none,,,,,,,,,,,,,,,,6,0,female,0,0,none,4,0,,,,1-FQ54H,1770286938195,,,budapest,False,secondary,bizonytalan,bizonytalan,1,7.84,1770286860539,trial_46,9143031L.png,4.png,9143031L.png,1770286852699,1-FQ54H
16,0.3014,1,True,,,,,,,5,2026-02-05T09:58:51.239000+00:00,phase1_completed,none,,,,,,,,,,,,,,,,4,1,female,0,0,none,5,1,,,,1-FQ54H,1770286938195,,,budapest,False,secondary,tunet,tunet,1,20.455,1770286881339,trial_47,9299531R.png,36.png,9299531R.png,1770286860884,1-FQ54H
16,0.329,0,True,,,,,,,4,2026-02-05T09:58:51.239000+00:00,phase1_completed,none,,,,,,,,,,,,,,,,5,0,female,0,0,none,4,0,,,,1-FQ54H,1770286938195,,,budapest,False,secondary,nincsen,bizonytalan,1,17.397,1770286899059,trial_48,9043461R.png,9.png,9043461R.png,1770286881662,1-FQ54H
16,0.0496,1,True,,,,,,,4,2026-02-05T09:58:51.239000+00:00,phase1_completed,none,,,,,,,,,,,,,,,,3,0,female,0,0,none,4,0,,,,1-FQ54H,1770286938195,,,budapest,False,secondary,nincsen,bizonytalan,1,22.397,1770286921900,trial_49,9023935L.png,41.png,9023935L.png,1770286899503,1-FQ54H
16,0.401,0,True,,,,,,,4,2026-02-05T09:58:51.239000+00:00,phase1_completed,none,,,,,,,,,,,,,,,,2,1,female,0,0,none,4,1,,,,1-FQ54H,1770286938195,,,budapest,False,secondary,tunet,bizonytalan,1,38.661,1770285975517,trial_5,9035779L.png,45.png,9035779L.png,1770285936856,1-FQ54H
16,0.0923,0,True,,,,,,,1,2026-02-05T09:58:51.239000+00:00,phase1_completed,none,,,,,,,,,,,,,,,,1,1,female,1,3,none,1,1,,,,1-FQ54H,1770286938195,,,budapest,False,secondary,bizonytalan,tunet,1,15.826,1770286938019,trial_50,9305336L.png,12.png,9305336L.png,1770286922193,1-FQ54H
16,0.5532,0,True,,,,,,,4,2026-02-05T09:58:51.239000+00:00,phase1_completed,none,,,,,,,,,,,,,,,,4,0,female,0,0,none,4,0,,,,1-FQ54H,1770286938195,,,budapest,False,secondary,tunet,nincsen,1,20.474,1770285996332,trial_6,9043461L.png,34.png,9043461L.png,1770285975858,1-FQ54H
16,0.8646,0,True,,,,,,,3,2026-02-05T09:58:51.239000+00:00,phase1_completed,none,,,,,,,,,,,,,,,,5,0,female,0,0,none,3,0,,,,1-FQ54H,1770286938195,,,budapest,False,secondary,nincsen,nincsen,1,21.268,1770286017997,trial_7,9719890R.png,25.png,9719890R.png,1770285996729,1-FQ54H
16,0.5533,0,True,,,,,,,3,2026-02-05T09:58:51.239000+00:00,phase1_completed,none,,,,,,,,,,,,,,,,3,0,female,0,0,none,3,1,,,,1-FQ54H,1770286938195,,,budapest,True,secondary,tunet,bizonytalan,1,32.458,1770286050812,trial_8,9261557L.png,23.png,9261557L.png,1770286018354,1-FQ54H
16,0.9124,0,True,,,,,,,4,2026-02-05T09:58:51.239000+00:00,phase1_completed,none,,,,,,,,,,,,,,,,4,1,female,0,0,none,4,1,,,,1-FQ54H,1770286938195,,,budapest,False,secondary,tunet,tunet,1,41.467,1770286092612,trial_9,9717450L.png,40.png,9717450L.png,1770286051145,1-FQ54H
17,0.4903,1,True,,,,,,,6,2026-02-05T09:59:28.775000+00:00,phase1_completed,none,,,,,,,,,,,,,,,,5,1,female,1,4,none,6,1,,,,1-K2QVN,1770287241580,,,budapest,False,secondary,tunet,tunet,1,70.693,1770285888498,trial_1,9311154L.png,39.png,9311154L.png,1770285817805,1-K2QVN
17,0.3771,0,True,,,,,,,4,2026-02-05T09:59:28.775000+00:00,phase1_completed,none,,,,,,,,,,,,,,,,4,1,female,0,0,none,4,1,,,,1-K2QVN,1770287241580,,,budapest,False,secondary,tunet,tunet,1,49.971,1770286308130,trial_10,9872350R.png,30.png,9872350R.png,1770286258159,1-K2QVN
17,0.5823,0,True,,,,,,,5,2026-02-05T09:59:28.775000+00:00,phase1_completed,none,,,,,,,,,,,,,,,,6,1,female,1,2,none,5,1,,,,1-K2QVN,1770287241580,,,budapest,False,secondary,bizonytalan,tunet,1,55.884,1770286364378,trial_11,9008884R.png,20.png,9008884R.png,1770286308494,1-K2QVN
17,0.7641,0,True,,,,,,,7,2026-02-05T09:59:28.775000+00:00,phase1_completed,none,,,,,,,,,,,,,,,,7,0,female,0,0,none,7,0,,,,1-K2QVN,1770287241580,,,budapest,False,secondary,nincsen,nincsen,1,10.543,1770286375263,trial_12,9667180L.png,35.png,9667180L.png,1770286364720,1-K2QVN
17,0.9843,1,True,,,,,,,5,2026-02-05T09:59:28.775000+00:00,phase1_completed,none,,,,,,,,,,,,,,,,7,1,female,1,2,none,5,1,,,,1-K2QVN,1770287241580,,,budapest,False,secondary,tunet,tunet,1,58.991,1770286434610,trial_13,9322109R.png,14.png,9322109R.png,1770286375619,1-K2QVN
17,0.0389,1,True,,,,,,,4,2026-02-05T09:59:28.775000+00:00,phase1_completed,none,,,,,,,,,,,,,,,,6,0,female,0,0,none,4,0,,,,1-K2QVN,1770287241580,,,budapest,False,secondary,bizonytalan,nincsen,1,35.105,1770286470074,trial_14,9911788L.png,10.png,9911788L.png,1770286434969,1-K2QVN
17,0.0496,1,True,,,,,,,5,2026-02-05T09:59:28.775000+00:00,phase1_completed,none,,,,,,,,,,,,,,,,7,1,female,0,0,none,5,1,,,,1-K2QVN,1770287241580,,,budapest,False,secondary,nincsen,tunet,1,22.674,1770286493066,trial_15,9023935L.png,41.png,9023935L.png,1770286470392,1-K2QVN
17,0.9663,1,True,,,,,,,6,2026-02-05T09:59:28.775000+00:00,phase1_completed,none,,,,,,,,,,,,,,,,7,1,female,1,3,none,6,1,,,,1-K2QVN,1770287241580,,,budapest,False,secondary,tunet,tunet,1,33.592,1770286526994,trial_16,9056326L.png,19.png,9056326L.png,1770286493402,1-K2QVN
17,0.4814,0,True,,,,,,,5,2026-02-05T09:59:28.775000+00:00,phase1_completed,none,,,,,,,,,,,,,,,,6,1,female,0,0,none,5,1,,,,1-K2QVN,1770287241580,,,budapest,False,secondary,bizonytalan,tunet,1,26.303,1770286553650,trial_17,9645608L.png,43.png,9645608L.png,1770286527347,1-K2QVN
17,0.8986,1,True,,,,,,,5,2026-02-05T09:59:28.775000+00:00,phase1_completed,none,,,,,,,,,,,,,,,,6,1,female,1,3,none,5,1,,,,1-K2QVN,1770287241580,,,budapest,False,secondary,tunet,tunet,1,17.853,1770286571878,trial_18,9683886R.png,22.png,9683886R.png,1770286554025,1-K2QVN
17,0.9329,1,True,,,,,,,6,2026-02-05T09:59:28.775000+00:00,phase1_completed,none,,,,,,,,,,,,,,,,6,1,female,1,3,none,6,1,,,,1-K2QVN,1770287241580,,,budapest,False,secondary,tunet,tunet,1,25.147,1770286597346,trial_19,9075939L.png,16.png,9075939L.png,1770286572199,1-K2QVN
17,0.5424,1,True,,,,,,,4,2026-02-05T09:59:28.775000+00:00,phase1_completed,none,,,,,,,,,,,,,,,,7,1,female,1,2,none,4,1,,,,1-K2QVN,1770287241580,,,budapest,False,secondary,nincsen,tunet,1,63.851,1770285953114,trial_2,9648224L.png,44.png,9648224L.png,1770285889263,1-K2QVN
17,0.401,0,True,,,,,,,5,2026-02-05T09:59:28.775000+00:00,phase1_completed,none,,,,,,,,,,,,,,,,7,1,female,0,0,none,5,1,,,,1-K2QVN,1770287241580,,,budapest,False,secondary,nincsen,tunet,1,30.067,1770286627778,trial_20,9035779L.png,45.png,9035779L.png,1770286597711,1-K2QVN
17,0.0426,1,True,,,,,,,7,2026-02-05T09:59:28.775000+00:00,phase1_completed,none,,,,,,,,,,,,,,,,7,1,female,0,0,none,7,1,,,,1-K2QVN,1770287241580,,,budapest,False,secondary,nincsen,tunet,1,22.234,1770286650370,trial_21,9360243L.png,50.png,9360243L.png,1770286628136,1-K2QVN
17,0.8846,0,True,,,,,,,3,2026-02-05T09:59:28.775000+00:00,phase1_completed,none,,,,,,,,,,,,,,,,3,0,female,1,2,none,3,0,,,,1-K2QVN,1770287241580,,,budapest,False,secondary,nincsen,bizonytalan,1,16.251,1770286666994,trial_22,9998089R.png,24.png,9998089R.png,1770286650743,1-K2QVN
17,0.9625,1,True,,,,,,,5,2026-02-05T09:59:28.775000+00:00,phase1_completed,none,,,,,,,,,,,,,,,,4,1,female,1,3,none,5,1,,,,1-K2QVN,1770287241580,,,budapest,False,secondary,tunet,tunet,1,30.211,1770286697514,trial_23,9037494R.png,31.png,9037494R.png,1770286667303,1-K2QVN
17,0.2252,0,True,,,,,,,4,2026-02-05T09:59:28.775000+00:00,phase1_completed,none,,,,,,,,,,,,,,,,4,1,female,0,0,none,4,1,,,,1-K2QVN,1770287241580,,,budapest,False,secondary,bizonytalan,tunet,1,20.555,1770286718418,trial_24,9097360L.png,1.png,9097360L.png,1770286697863,1-K2QVN
17,0.6057,0,True,,,,,,,4,2026-02-05T09:59:28.775000+00:00,phase1_completed,none,,,,,,,,,,,,,,,,5,1,female,1,2,none,4,1,,,,1-K2QVN,1770287241580,,,budapest,False,secondary,tunet,tunet,1,41.939,1770286760666,trial_25,9606955R.png,11.png,9606955R.png,1770286718727,1-K2QVN
17,0.8842,1,True,,,,,,,4,2026-02-05T09:59:28.775000+00:00,phase1_completed,none,,,,,,,,,,,,,,,,6,1,female,1,2,none,4,1,,,,1-K2QVN,1770287241580,,,budapest,False,secondary,tunet,tunet,1,27.194,1770286788210,trial_26,9304828L.png,46.png,9304828L.png,1770286761016,1-K2QVN
17,0.9095,1,True,,,,,,,6,2026-02-05T09:59:28.775000+00:00,phase1_completed,none,,,,,,,,,,,,,,,,6,1,female,1,2,none,6,1,,,,1-K2QVN,1770287241580,,,budapest,False,secondary,nincsen,tunet,1,21.225,1770286809796,trial_27,9534110L.png,49.png,9534110L.png,1770286788571,1-K2QVN
17,0.9948,1,True,,,,,,,4,2026-02-05T09:59:28.775000+00:00,phase1_completed,none,,,,,,,,,,,,,,,,3,1,female,1,3,none,4,1,,,,1-K2QVN,1770287241580,,,budapest,False,secondary,tunet,tunet,1,38.748,1770286848882,trial_28,9113018R.png,2.png,9113018R.png,1770286810134,1-K2QVN
17,0.8162,0,True,,,,,,,4,2026-02-05T09:59:28.775000+00:00,phase1_completed,none,,,,,,,,,,,,,,,,6,1,female,0,0,none,4,1,,,,1-K2QVN,1770287241580,,,budapest,False,secondary,bizonytalan,tunet,1,32.986,1770286882226,trial_29,9253225L.png,21.png,9253225L.png,1770286849240,1-K2QVN
17,0.6514,1,True,,,,,,,6,2026-02-05T09:59:28.775000+00:00,phase1_completed,none,,,,,,,,,,,,,,,,5,1,female,1,2,none,6,1,,,,1-K2QVN,1770287241580,,,budapest,False,secondary,tunet,tunet,1,67.687,1770286021546,trial_3,9448315L.png,28.png,9448315L.png,1770285953859,1-K2QVN
17,0.3014,1,True,,,,,,,6,2026-02-05T09:59:28.775000+00:00,phase1_completed,none,,,,,,,,,,,,,,,,6,1,female,0,0,none,6,1,,,,1-K2QVN,1770287241580,,,budapest,False,secondary,bizonytalan,tunet,1,17.787,1770286900338,trial_30,9299531R.png,36.png,9299531R.png,1770286882551,1-K2QVN
17,0.4633,1,True,,,,,,,6,2026-02-05T09:59:28.775000+00:00,phase1_completed,none,,,,,,,,,,,,,,,,6,1,female,0,0,none,6,1,,,,1-K2QVN,1770287241580,,,budapest,False,secondary,nincsen,tunet,1,12.581,1770286913244,trial_31,9140556L.png,7.png,9140556L.png,1770286900663,1-K2QVN
17,0.8646,0,True,,,,,,,4,2026-02-05T09:59:28.775000+00:00,phase1_completed,none,,,,,,,,,,,,,,,,5,1,female,0,0,none,4,1,,,,1-K2QVN,1770287241580,,,budapest,False,secondary,bizonytalan,tunet,1,27,1770286940615,trial_32,9719890R.png,25.png,9719890R.png,1770286913615,1-K2QVN
17,0.8709,1,True,,,,,,,5,2026-02-05T09:59:28.775000+00:00,phase1_completed,none,,,,,,,,,,,,,,,,4,1,female,1,2,none,5,1,,,,1-K2QVN,1770287241580,,,budapest,False,secondary,bizonytalan,bizonytalan,1,35.765,1770286976818,trial_33,9354156R.png,6.png,9354156R.png,1770286941053,1-K2QVN
17,0.5825,0,True,,,,,,,6,2026-02-05T09:59:28.775000+00:00,phase1_completed,none,,,,,,,,,,,,,,,,4,1,female,1,2,none,6,1,,,,1-K2QVN,1770287241580,,,budapest,False,secondary,bizonytalan,tunet,1,23.475,1770287000635,trial_34,9626432R.png,15.png,9626432R.png,1770286977160,1-K2QVN
17,0.7533,0,True,,,,,,,5,2026-02-05T09:59:28.775000+00:00,phase1_completed,none,,,,,,,,,,,,,,,,6,1,female,0,0,none,5,1,,,,1-K2QVN,1770287241580,,,budapest,False,secondary,nincsen,nincsen,1,9.922,1770287010923,trial_35,9166468R.png,18.png,9166468R.png,1770287001001,1-K2QVN
17,0.8137,0,True,,,,,,,6,2026-02-05T09:59:28.775000+00:00,phase1_completed,none,,,,,,,,,,,,,,,,6,1,female,1,3,none,6,1,,,,1-K2QVN,1770287241580,,,budapest,False,secondary,tunet,tunet,1,15.321,1770287026634,trial_36,9046206L.png,29.png,9046206L.png,1770287011313,1-K2QVN
17,0.8517,0,True,,,,,,,4,2026-02-05T09:59:28.775000+00:00,phase1_completed,none,,,,,,,,,,,,,,,,6,1,female,0,0,none,4,1,,,,1-K2QVN,1770287241580,,,budapest,False,secondary,tunet,tunet,1,18.389,1770287045362,trial_37,9810475L.png,13.png,9810475L.png,1770287026973,1-K2QVN
17,0.5639,0,True,,,,,,,4,2026-02-05T09:59:28.775000+00:00,phase1_completed,none,,,,,,,,,,,,,,,,5,1,female,0,0,none,4,1,,,,1-K2QVN,1770287241580,,,budapest,False,secondary,bizonytalan,tunet,1,14.01,1770287059738,trial_38,9100699L.png,48.png,9100699L.png,1770287045728,1-K2QVN
17,0.0923,0,True,,,,,,,5,2026-02-05T09:59:28.775000+00:00,phase1_completed,none,,,,,,,,,,,,,,,,5,1,female,1,3,none,5,1,,,,1-K2QVN,1770287241580,,,budapest,False,secondary,bizonytalan,tunet,1,23.057,1770287083203,trial_39,9305336L.png,12.png,9305336L.png,1770287060146,1-K2QVN
17,0.5533,0,True,,,,,,,4,2026-02-05T09:59:28.775000+00:00,phase1_completed,none,,,,,,,,,,,,,,,,7,1,female,0,0,none,4,1,,,,1-K2QVN,1770287241580,,,budapest,False,secondary,tunet,tunet,1,72.483,1770286094873,trial_4,9261557L.png,23.png,9261557L.png,1770286022390,1-K2QVN
17,0.916,1,True,,,,,,,4,2026-02-05T09:59:28.775000+00:00,phase1_completed,none,,,,,,,,,,,,,,,,4,1,female,1,2,none,4,1,,,,1-K2QVN,1770287241580,,,budapest,False,secondary,tunet,bizonytalan,1,17.279,1770287100842,trial_40,9862321L.png,17.png,9862321L.png,1770287083563,1-K2QVN
17,0.5749,1,True,,,,,,,6,2026-02-05T09:59:28.775000+00:00,phase1_completed,none,,,,,,,,,,,,,,,,7,1,female,1,2,none,6,1,,,,1-K2QVN,1770287241580,,,budapest,False,secondary,tunet,bizonytalan,1,18.282,1770287119491,trial_41,9797850R.png,32.png,9797850R.png,1770287101209,1-K2QVN
17,0.8107,0,True,,,,,,,5,2026-02-05T09:59:28.775000+00:00,phase1_completed,none,,,,,,,,,,,,,,,,5,1,female,0,0,none,5,1,,,,1-K2QVN,1770287241580,,,budapest,False,secondary,nincsen,tunet,1,12.174,1770287132035,trial_42,9870268R.png,26.png,9870268R.png,1770287119861,1-K2QVN
17,0.1582,0,True,,,,,,,5,2026-02-05T09:59:28.775000+00:00,phase1_completed,none,,,,,,,,,,,,,,,,6,1,female,1,2,none,5,1,,,,1-K2QVN,1770287241580,,,budapest,False,secondary,tunet,nincsen,1,14.899,1770287147347,trial_43,9466142R.png,5.png,9466142R.png,1770287132448,1-K2QVN
17,0.6423,0,True,,,,,,,4,2026-02-05T09:59:28.775000+00:00,phase1_completed,none,,,,,,,,,,,,,,,,4,1,female,0,0,none,4,1,,,,1-K2QVN,1770287241580,,,budapest,False,secondary,bizonytalan,tunet,1,15.234,1770287162947,trial_44,9143031L.png,4.png,9143031L.png,1770287147713,1-K2QVN
17,0.9867,1,True,,,,,,,6,2026-02-05T09:59:28.775000+00:00,phase1_completed,none,,,,,,,,,,,,,,,,7,1,female,1,3,none,6,1,,,,1-K2QVN,1770287241580,,,budapest,False,secondary,bizonytalan,tunet,1,12.484,1770287175795,trial_45,9267247L.png,38.png,9267247L.png,1770287163311,1-K2QVN
17,0.1918,0,True,,,,,,,7,2026-02-05T09:59:28.775000+00:00,phase1_completed,none,,,,,,,,,,,,,,,,7,0,female,1,2,none,7,0,,,,1-K2QVN,1770287241580,,,budapest,False,secondary,nincsen,nincsen,1,8.279,1770287184482,trial_46,9788301L.png,33.png,9788301L.png,1770287176203,1-K2QVN
17,0.79,1,True,,,,,,,3,2026-02-05T09:59:28.775000+00:00,phase1_completed,none,,,,,,,,,,,,,,,,2,0,female,1,2,none,3,0,,,,1-K2QVN,1770287241580,,,budapest,False,secondary,bizonytalan,tunet,1,14.135,1770287198986,trial_47,9142551R.png,37.png,9142551R.png,1770287184851,1-K2QVN
17,0.5532,0,True,,,,,,,3,2026-02-05T09:59:28.775000+00:00,phase1_completed,none,,,,,,,,,,,,,,,,5,0,female,0,0,none,3,0,,,,1-K2QVN,1770287241580,,,budapest,False,secondary,bizonytalan,bizonytalan,1,10.971,1770287210315,trial_48,9043461L.png,34.png,9043461L.png,1770287199344,1-K2QVN
17,0.329,0,True,,,,,,,6,2026-02-05T09:59:28.775000+00:00,phase1_completed,none,,,,,,,,,,,,,,,,6,1,female,0,0,none,6,1,,,,1-K2QVN,1770287241580,,,budapest,False,secondary,nincsen,tunet,1,13.588,1770287224243,trial_49,9043461R.png,9.png,9043461R.png,1770287210655,1-K2QVN
17,0.584,0,True,,,,,,,3,2026-02-05T09:59:28.775000+00:00,phase1_completed,none,,,,,,,,,,,,,,,,7,1,female,0,0,none,3,1,,,,1-K2QVN,1770287241580,,,budapest,False,secondary,tunet,nincsen,1,48.21,1770286143783,trial_5,9598675R.png,27.png,9598675R.png,1770286095573,1-K2QVN
17,0.0818,1,True,,,,,,,3,2026-02-05T09:59:28.775000+00:00,phase1_completed,none,,,,,,,,,,,,,,,,6,1,female,0,0,none,3,1,,,,1-K2QVN,1770287241580,,,budapest,False,secondary,nincsen,bizonytalan,1,16.656,1770287241291,trial_50,9397988L.png,42.png,9397988L.png,1770287224635,1-K2QVN
17,0.9124,0,True,,,,,,,7,2026-02-05T09:59:28.775000+00:00,phase1_completed,none,,,,,,,,,,,,,,,,7,1,female,0,0,none,7,1,,,,1-K2QVN,1770287241580,,,budapest,False,secondary,nincsen,tunet,1,36.324,1770286180496,trial_6,9717450L.png,40.png,9717450L.png,1770286144172,1-K2QVN
17,0.2577,1,True,,,,,,,4,2026-02-05T09:59:28.775000+00:00,phase1_completed,none,,,,,,,,,,,,,,,,7,0,female,0,0,none,4,0,,,,1-K2QVN,1770287241580,,,budapest,False,secondary,nincsen,nincsen,1,28.314,1770286209170,trial_7,9827858L.png,8.png,9827858L.png,1770286180856,1-K2QVN
17,0.9974,1,True,,,,,,,7,2026-02-05T09:59:28.775000+00:00,phase1_completed,none,,,,,,,,,,,,,,,,7,1,female,1,3,none,7,1,,,,1-K2QVN,1770287241580,,,budapest,False,secondary,tunet,tunet,1,32.16,1770286241693,trial_8,9271965R.png,47.png,9271965R.png,1770286209533,1-K2QVN
17,0.645,0,True,,,,,,,7,2026-02-05T09:59:28.775000+00:00,phase1_completed,none,,,,,,,,,,,,,,,,7,0,female,0,0,none,7,0,,,,1-K2QVN,1770287241580,,,budapest,False,secondary,nincsen,nincsen,1,15.736,1770286257786,trial_9,9480211R.png,3.png,9480211R.png,1770286242050,1-K2QVN
17,0.8107,0,True,,,,,,,5,2026-02-05T09:58:50.595000+00:00,phase1_completed,none,,,,,,,,,,,,,,,,7,0,female,0,0,none,5,0,,,,1-KQYML,1770287823632,,,village,False,secondary,nincsen,bizonytalan,1,59.808,1770285917412,trial_1,9870268R.png,26.png,9870268R.png,1770285857604,1-KQYML
17,0.0818,1,True,,,,,,,5,2026-02-05T09:58:50.595000+00:00,phase1_completed,none,,,,,,,,,,,,,,,,3,1,female,0,0,none,5,0,,,,1-KQYML,1770287823632,,,village,True,secondary,bizonytalan,bizonytalan,1,37.56,1770286279849,trial_10,9397988L.png,42.png,9397988L.png,1770286242289,1-KQYML
17,0.9625,1,True,,,,,,,7,2026-02-05T09:58:50.595000+00:00,phase1_completed,none,,,,,,,,,,,,,,,,7,1,female,1,3,none,7,1,,,,1-KQYML,1770287823632,,,village,False,secondary,tunet,tunet,1,48.895,1770286329117,trial_11,9037494R.png,31.png,9037494R.png,1770286280222,1-KQYML
17,0.5533,0,True,,,,,,,5,2026-02-05T09:58:50.595000+00:00,phase1_completed,none,,,,,,,,,,,,,,,,5,1,female,0,0,none,5,1,,,,1-KQYML,1770287823632,,,village,False,secondary,nincsen,tunet,1,45.62,1770286375074,trial_12,9261557L.png,23.png,9261557L.png,1770286329454,1-KQYML
17,0.9843,1,True,,,,,,,6,2026-02-05T09:58:50.595000+00:00,phase1_completed,none,,,,,,,,,,,,,,,,7,1,female,1,2,none,6,1,,,,1-KQYML,1770287823632,,,village,False,secondary,tunet,tunet,1,49.413,1770286424851,trial_13,9322109R.png,14.png,9322109R.png,1770286375438,1-KQYML
17,0.5639,0,True,,,,,,,4,2026-02-05T09:58:50.595000+00:00,phase1_completed,none,,,,,,,,,,,,,,,,3,0,female,0,0,none,4,1,,,,1-KQYML,1770287823632,,,village,True,secondary,bizonytalan,tunet,1,39.762,1770286464965,trial_14,9100699L.png,48.png,9100699L.png,1770286425203,1-KQYML
17,0.79,1,True,,,,,,,4,2026-02-05T09:58:50.595000+00:00,phase1_completed,none,,,,,,,,,,,,,,,,5,1,female,1,2,none,4,1,,,,1-KQYML,1770287823632,,,village,False,secondary,bizonytalan,bizonytalan,1,44.946,1770286510253,trial_15,9142551R.png,37.png,9142551R.png,1770286465307,1-KQYML
17,0.9124,0,True,,,,,,,5,2026-02-05T09:58:50.595000+00:00,phase1_completed,none,,,,,,,,,,,,,,,,4,1,female,0,0,none,5,1,,,,1-KQYML,1770287823632,,,village,False,secondary,nincsen,tunet,1,34.706,1770286545328,trial_16,9717450L.png,40.png,9717450L.png,1770286510622,1-KQYML
17,0.2577,1,True,,,,,,,5,2026-02-05T09:58:50.595000+00:00,phase1_completed,none,,,,,,,,,,,,,,,,5,1,female,0,0,none,5,1,,,,1-KQYML,1770287823632,,,village,False,secondary,tunet,bizonytalan,1,36.571,1770286582219,trial_17,9827858L.png,8.png,9827858L.png,1770286545648,1-KQYML
17,0.6514,1,True,,,,,,,6,2026-02-05T09:58:50.595000+00:00,phase1_completed,none,,,,,,,,,,,,,,,,7,1,female,1,2,none,6,1,,,,1-KQYML,1770287823632,,,village,False,secondary,bizonytalan,tunet,1,39.777,1770286622370,trial_18,9448315L.png,28.png,9448315L.png,1770286582593,1-KQYML
17,0.4903,1,True,,,,,,,6,2026-02-05T09:58:50.595000+00:00,phase1_completed,none,,,,,,,,,,,,,,,,7,1,female,1,4,none,6,1,,,,1-KQYML,1770287823632,,,village,False,secondary,tunet,tunet,1,33.632,1770286656371,trial_19,9311154L.png,39.png,9311154L.png,1770286622739,1-KQYML
17,0.584,0,True,,,,,,,6,2026-02-05T09:58:50.595000+00:00,phase1_completed,none,,,,,,,,,,,,,,,,6,0,female,0,0,none,6,0,,,,1-KQYML,1770287823632,,,village,False,secondary,nincsen,nincsen,1,35.511,1770285953877,trial_2,9598675R.png,27.png,9598675R.png,1770285918366,1-KQYML
17,0.5749,1,True,,,,,,,6,2026-02-05T09:58:50.595000+00:00,phase1_completed,none,,,,,,,,,,,,,,,,7,1,female,1,2,none,6,1,,,,1-KQYML,1770287823632,,,village,False,secondary,tunet,tunet,1,57.312,1770286714119,trial_20,9797850R.png,32.png,9797850R.png,1770286656807,1-KQYML
17,0.9974,1,True,,,,,,,7,2026-02-05T09:58:50.595000+00:00,phase1_completed,none,,,,,,,,,,,,,,,,7,1,female,1,3,none,7,1,,,,1-KQYML,1770287823632,,,village,False,secondary,tunet,tunet,1,82.657,1770286797130,trial_21,9271965R.png,47.png,9271965R.png,1770286714473,1-KQYML
17,0.4814,0,True,,,,,,,4,2026-02-05T09:58:50.595000+00:00,phase1_completed,none,,,,,,,,,,,,,,,,2,1,female,0,0,none,4,1,,,,1-KQYML,1770287823632,,,village,False,secondary,bizonytalan,bizonytalan,1,48.195,1770286846124,trial_22,9645608L.png,43.png,9645608L.png,1770286797929,1-KQYML
17,0.9663,1,True,,,,,,,7,2026-02-05T09:58:50.595000+00:00,phase1_completed,none,,,,,,,,,,,,,,,,7,1,female,1,3,none,7,1,,,,1-KQYML,1770287823632,,,village,False,secondary,tunet,tunet,1,58.824,1770286905297,trial_23,9056326L.png,19.png,9056326L.png,1770286846473,1-KQYML
17,0.0426,1,True,,,,,,,6,2026-02-05T09:58:50.595000+00:00,phase1_completed,none,,,,,,,,,,,,,,,,6,1,female,0,0,none,6,1,,,,1-KQYML,1770287823632,,,village,False,secondary,nincsen,tunet,1,38.578,1770286944239,trial_24,9360243L.png,50.png,9360243L.png,1770286905661,1-KQYML
17,0.2252,0,True,,,,,,,4,2026-02-05T09:58:50.595000+00:00,phase1_completed,none,,,,,,,,,,,,,,,,2,1,female,0,0,none,4,1,,,,1-KQYML,1770287823632,,,village,False,secondary,bizonytalan,bizonytalan,1,49.811,1770286994439,trial_25,9097360L.png,1.png,9097360L.png,1770286944628,1-KQYML
17,0.9329,1,True,,,,,,,7,2026-02-05T09:58:50.595000+00:00,phase1_completed,none,,,,,,,,,,,,,,,,7,1,female,1,3,none,7,1,,,,1-KQYML,1770287823632,,,village,False,secondary,tunet,tunet,1,28.598,1770287023403,trial_26,9075939L.png,16.png,9075939L.png,1770286994805,1-KQYML
17,0.9948,1,True,,,,,,,7,2026-02-05T09:58:50.595000+00:00,phase1_completed,none,,,,,,,,,,,,,,,,7,1,female,1,3,none,7,1,,,,1-KQYML,1770287823632,,,village,False,secondary,tunet,tunet,1,42.32,1770287066055,trial_27,9113018R.png,2.png,9113018R.png,1770287023735,1-KQYML
17,0.8842,1,True,,,,,,,4,2026-02-05T09:58:50.595000+00:00,phase1_completed,none,,,,,,,,,,,,,,,,6,1,female,1,2,none,4,1,,,,1-KQYML,1770287823632,,,village,False,secondary,tunet,bizonytalan,1,70.458,1770287136853,trial_28,9304828L.png,46.png,9304828L.png,1770287066395,1-KQYML
17,0.8846,0,True,,,,,,,4,2026-02-05T09:58:50.595000+00:00,phase1_completed,none,,,,,,,,,,,,,,,,2,0,female,1,2,none,4,0,,,,1-KQYML,1770287823632,,,village,False,secondary,tunet,bizonytalan,1,35.962,1770287173517,trial_29,9998089R.png,24.png,9998089R.png,1770287137555,1-KQYML
17,0.8517,0,True,,,,,,,4,2026-02-05T09:58:50.595000+00:00,phase1_completed,none,,,,,,,,,,,,,,,,4,0,female,0,0,none,4,1,,,,1-KQYML,1770287823632,,,village,True,secondary,tunet,tunet,1,42.834,1770285997075,trial_3,9810475L.png,13.png,9810475L.png,1770285954241,1-KQYML
17,0.0496,1,True,,,,,,,5,2026-02-05T09:58:50.595000+00:00,phase1_completed,none,,,,,,,,,,,,,,,,6,1,female,0,0,none,5,1,,,,1-KQYML,1770287823632,,,village,False,secondary,tunet,tunet,1,31.254,1770287205144,trial_30,9023935L.png,41.png,9023935L.png,1770287173890,1-KQYML
17,0.5825,0,True,,,,,,,4,2026-02-05T09:58:50.595000+00:00,phase1_completed,none,,,,,,,,,,,,,,,,4,1,female,1,2,none,4,1,,,,1-KQYML,1770287823632,,,village,False,secondary,bizonytalan,bizonytalan,1,41.53,1770287247022,trial_31,9626432R.png,15.png,9626432R.png,1770287205492,1-KQYML
17,0.5823,0,True,,,,,,,5,2026-02-05T09:58:50.595000+00:00,phase1_completed,none,,,,,,,,,,,,,,,,5,1,female,1,2,none,5,1,,,,1-KQYML,1770287823632,,,village,False,secondary,tunet,bizonytalan,1,40.47,1770287288009,trial_32,9008884R.png,20.png,9008884R.png,1770287247539,1-KQYML
17,0.645,0,True,,,,,,,4,2026-02-05T09:58:50.595000+00:00,phase1_completed,none,,,,,,,,,,,,,,,,4,1,female,0,0,none,4,1,,,,1-KQYML,1770287823632,,,village,False,secondary,bizonytalan,tunet,1,36.895,1770287325410,trial_33,9480211R.png,3.png,9480211R.png,1770287288515,1-KQYML
17,0.1582,0,True,,,,,,,3,2026-02-05T09:58:50.595000+00:00,phase1_completed,none,,,,,,,,,,,,,,,,3,1,female,1,2,none,3,1,,,,1-KQYML,1770287823632,,,village,False,secondary,tunet,bizonytalan,1,40.434,1770287366200,trial_34,9466142R.png,5.png,9466142R.png,1770287325766,1-KQYML
17,0.5532,0,True,,,,,,,4,2026-02-05T09:58:50.595000+00:00,phase1_completed,none,,,,,,,,,,,,,,,,5,0,female,0,0,none,4,0,,,,1-KQYML,1770287823632,,,village,False,secondary,nincsen,bizonytalan,1,35.692,1770287402240,trial_35,9043461L.png,34.png,9043461L.png,1770287366548,1-KQYML
17,0.9867,1,True,,,,,,,6,2026-02-05T09:58:50.595000+00:00,phase1_completed,none,,,,,,,,,,,,,,,,7,1,female,1,3,none,6,1,,,,1-KQYML,1770287823632,,,village,False,secondary,tunet,tunet,1,23.163,1770287425948,trial_36,9267247L.png,38.png,9267247L.png,1770287402785,1-KQYML
17,0.0389,1,True,,,,,,,2,2026-02-05T09:58:50.595000+00:00,phase1_completed,none,,,,,,,,,,,,,,,,4,1,female,0,0,none,2,1,,,,1-KQYML,1770287823632,,,village,False,secondary,bizonytalan,bizonytalan,1,34.757,1770287461193,trial_37,9911788L.png,10.png,9911788L.png,1770287426436,1-KQYML
17,0.6423,0,True,,,,,,,3,2026-02-05T09:58:50.595000+00:00,phase1_completed,none,,,,,,,,,,,,,,,,5,0,female,0,0,none,3,0,,,,1-KQYML,1770287823632,,,village,False,secondary,tunet,bizonytalan,1,40.846,1770287502429,trial_38,9143031L.png,4.png,9143031L.png,1770287461583,1-KQYML
17,0.7533,0,True,,,,,,,4,2026-02-05T09:58:50.595000+00:00,phase1_completed,none,,,,,,,,,,,,,,,,6,0,female,0,0,none,4,0,,,,1-KQYML,1770287823632,,,village,False,secondary,bizonytalan,bizonytalan,1,40.543,1770287543354,trial_39,9166468R.png,18.png,9166468R.png,1770287502811,1-KQYML
17,0.1918,0,True,,,,,,,5,2026-02-05T09:58:50.595000+00:00,phase1_completed,none,,,,,,,,,,,,,,,,6,0,female,1,2,none,5,0,,,,1-KQYML,1770287823632,,,village,False,secondary,nincsen,nincsen,1,41.075,1770286038527,trial_4,9788301L.png,33.png,9788301L.png,1770285997452,1-KQYML
17,0.401,0,True,,,,,,,5,2026-02-05T09:58:50.595000+00:00,phase1_completed,none,,,,,,,,,,,,,,,,4,1,female,0,0,none,5,1,,,,1-KQYML,1770287823632,,,village,False,secondary,tunet,tunet,1,23.824,1770287567563,trial_40,9035779L.png,45.png,9035779L.png,1770287543739,1-KQYML
17,0.7641,0,True,,,,,,,7,2026-02-05T09:58:50.595000+00:00,phase1_completed,none,,,,,,,,,,,,,,,,7,0,female,0,0,none,7,0,,,,1-KQYML,1770287823632,,,village,False,secondary,nincsen,nincsen,1,24.203,1770287592154,trial_41,9667180L.png,35.png,9667180L.png,1770287567951,1-KQYML
17,0.6057,0,True,,,,,,,5,2026-02-05T09:58:50.595000+00:00,phase1_completed,none,,,,,,,,,,,,,,,,6,1,female,1,2,none,5,1,,,,1-KQYML,1770287823632,,,village,False,secondary,nincsen,tunet,1,22.001,1770287614571,trial_42,9606955R.png,11.png,9606955R.png,1770287592570,1-KQYML
17,0.4633,1,True,,,,,,,5,2026-02-05T09:58:50.595000+00:00,phase1_completed,none,,,,,,,,,,,,,,,,4,0,female,0,0,none,5,0,,,,1-KQYML,1770287823632,,,village,False,secondary,nincsen,nincsen,1,18.887,1770287633883,trial_43,9140556L.png,7.png,9140556L.png,1770287614996,1-KQYML
17,0.3014,1,True,,,,,,,4,2026-02-05T09:58:50.595000+00:00,phase1_completed,none,,,,,,,,,,,,,,,,6,1,female,0,0,none,4,1,,,,1-KQYML,1770287823632,,,village,False,secondary,tunet,tunet,1,25.622,1770287659919,trial_44,9299531R.png,36.png,9299531R.png,1770287634297,1-KQYML
17,0.8137,0,True,,,,,,,4,2026-02-05T09:58:50.595000+00:00,phase1_completed,none,,,,,,,,,,,,,,,,4,1,female,1,3,none,4,1,,,,1-KQYML,1770287823632,,,village,False,secondary,tunet,tunet,1,25.321,1770287685637,trial_45,9046206L.png,29.png,9046206L.png,1770287660316,1-KQYML
17,0.916,1,True,,,,,,,5,2026-02-05T09:58:50.595000+00:00,phase1_completed,none,,,,,,,,,,,,,,,,7,1,female,1,2,none,5,1,,,,1-KQYML,1770287823632,,,village,False,secondary,tunet,tunet,1,25.257,1770287711299,trial_46,9862321L.png,17.png,9862321L.png,1770287686042,1-KQYML
17,0.8709,1,True,,,,,,,5,2026-02-05T09:58:50.595000+00:00,phase1_completed,none,,,,,,,,,,,,,,,,6,1,female,1,2,none,5,1,,,,1-KQYML,1770287823632,,,village,False,secondary,tunet,tunet,1,23.182,1770287734896,trial_47,9354156R.png,6.png,9354156R.png,1770287711714,1-KQYML
17,0.3771,0,True,,,,,,,5,2026-02-05T09:58:50.595000+00:00,phase1_completed,none,,,,,,,,,,,,,,,,6,0,female,0,0,none,5,0,,,,1-KQYML,1770287823632,,,village,False,secondary,tunet,bizonytalan,1,22.443,1770287757715,trial_48,9872350R.png,30.png,9872350R.png,1770287735272,1-KQYML
17,0.8986,1,True,,,,,,,6,2026-02-05T09:58:50.595000+00:00,phase1_completed,none,,,,,,,,,,,,,,,,6,1,female,1,3,none,6,1,,,,1-KQYML,1770287823632,,,village,False,secondary,tunet,tunet,1,30.963,1770287789026,trial_49,9683886R.png,22.png,9683886R.png,1770287758063,1-KQYML
17,0.329,0,True,,,,,,,4,2026-02-05T09:58:50.595000+00:00,phase1_completed,none,,,,,,,,,,,,,,,,5,0,female,0,0,none,4,1,,,,1-KQYML,1770287823632,,,village,True,secondary,bizonytalan,tunet,1,46.038,1770286084902,trial_5,9043461R.png,9.png,9043461R.png,1770286038864,1-KQYML
17,0.5424,1,True,,,,,,,5,2026-02-05T09:58:50.595000+00:00,phase1_completed,none,,,,,,,,,,,,,,,,6,0,female,1,2,none,5,0,,,,1-KQYML,1770287823632,,,village,False,secondary,bizonytalan,tunet,1,34.027,1770287823420,trial_50,9648224L.png,44.png,9648224L.png,1770287789393,1-KQYML
17,0.9095,1,True,,,,,,,3,2026-02-05T09:58:50.595000+00:00,phase1_completed,none,,,,,,,,,,,,,,,,5,1,female,1,2,none,3,1,,,,1-KQYML,1770287823632,,,village,False,secondary,bizonytalan,tunet,1,47.757,1770286133104,trial_6,9534110L.png,49.png,9534110L.png,1770286085347,1-KQYML
17,0.8162,0,True,,,,,,,7,2026-02-05T09:58:50.595000+00:00,phase1_completed,none,,,,,,,,,,,,,,,,6,1,female,0,0,none,7,1,,,,1-KQYML,1770287823632,,,village,False,secondary,tunet,tunet,1,42.952,1770286176462,trial_7,9253225L.png,21.png,9253225L.png,1770286133510,1-KQYML
17,0.8646,0,True,,,,,,,3,2026-02-05T09:58:50.595000+00:00,phase1_completed,none,,,,,,,,,,,,,,,,4,0,female,0,0,none,3,1,,,,1-KQYML,1770287823632,,,village,True,secondary,nincsen,bizonytalan,1,34.681,1770286211485,trial_8,9719890R.png,25.png,9719890R.png,1770286176804,1-KQYML
17,0.0923,0,True,,,,,,,6,2026-02-05T09:58:50.595000+00:00,phase1_completed,none,,,,,,,,,,,,,,,,5,1,female,1,3,none,6,1,,,,1-KQYML,1770287823632,,,village,False,secondary,nincsen,tunet,1,30.057,1770286241931,trial_9,9305336L.png,12.png,9305336L.png,1770286211874,1-KQYML
17,0.584,0,True,,,,,,,5,2026-02-05T10:00:00.212000+00:00,phase1_completed,none,,,,,,,,,,,,,,,,6,0,male,0,0,none,5,0,,,,1-NN7WK,1770286857722,,,budapest,False,primary,nincsen,nincsen,1,50.25,1770285915172,trial_1,9598675R.png,27.png,9598675R.png,1770285864922,1-NN7WK
17,0.5532,0,True,,,,,,,3,2026-02-05T10:00:00.212000+00:00,phase1_completed,none,,,,,,,,,,,,,,,,5,0,male,0,0,none,3,0,,,,1-NN7WK,1770286857722,,,budapest,False,primary,nincsen,bizonytalan,1,22.406,1770286177455,trial_10,9043461L.png,34.png,9043461L.png,1770286155049,1-NN7WK
17,0.4633,1,True,,,,,,,5,2026-02-05T10:00:00.212000+00:00,phase1_completed,none,,,,,,,,,,,,,,,,5,0,male,0,0,none,5,0,,,,1-NN7WK,1770286857722,,,budapest,False,primary,nincsen,nincsen,1,16.692,1770286194527,trial_11,9140556L.png,7.png,9140556L.png,1770286177835,1-NN7WK
17,0.4903,1,True,,,,,,,7,2026-02-05T10:00:00.212000+00:00,phase1_completed,none,,,,,,,,,,,,,,,,7,1,male,1,4,none,7,1,,,,1-NN7WK,1770286857722,,,budapest,False,primary,tunet,tunet,1,26.72,1770286221591,trial_12,9311154L.png,39.png,9311154L.png,1770286194871,1-NN7WK
17,0.5533,0,True,,,,,,,4,2026-02-05T10:00:00.212000+00:00,phase1_completed,none,,,,,,,,,,,,,,,,2,0,male,0,0,none,4,1,,,,1-NN7WK,1770286857722,,,budapest,True,primary,nincsen,tunet,1,22.99,1770286244960,trial_13,9261557L.png,23.png,9261557L.png,1770286221970,1-NN7WK
17,0.9663,1,True,,,,,,,7,2026-02-05T10:00:00.212000+00:00,phase1_completed,none,,,,,,,,,,,,,,,,7,1,male,1,3,none,7,1,,,,1-NN7WK,1770286857722,,,budapest,False,primary,tunet,tunet,1,28.314,1770286273624,trial_14,9056326L.png,19.png,9056326L.png,1770286245310,1-NN7WK
17,0.1918,0,True,,,,,,,6,2026-02-05T10:00:00.212000+00:00,phase1_completed,none,,,,,,,,,,,,,,,,6,0,male,1,2,none,6,0,,,,1-NN7WK,1770286857722,,,budapest,False,primary,nincsen,nincsen,1,15.398,1770286289393,trial_15,9788301L.png,33.png,9788301L.png,1770286273995,1-NN7WK
17,0.7641,0,True,,,,,,,5,2026-02-05T10:00:00.212000+00:00,phase1_completed,none,,,,,,,,,,,,,,,,7,0,male,0,0,none,5,0,,,,1-NN7WK,1770286857722,,,budapest,False,primary,nincsen,nincsen,1,8.894,1770286299377,trial_16,9667180L.png,35.png,9667180L.png,1770286290483,1-NN7WK
17,0.0389,1,True,,,,,,,3,2026-02-05T10:00:00.212000+00:00,phase1_completed,none,,,,,,,,,,,,,,,,2,1,male,0,0,none,3,1,,,,1-NN7WK,1770286857722,,,budapest,False,primary,tunet,nincsen,1,41.767,1770286341561,trial_17,9911788L.png,10.png,9911788L.png,1770286299794,1-NN7WK
17,0.9974,1,True,,,,,,,7,2026-02-05T10:00:00.212000+00:00,phase1_completed,none,,,,,,,,,,,,,,,,7,1,male,1,3,none,7,1,,,,1-NN7WK,1770286857722,,,budapest,False,primary,tunet,tunet,1,19.699,1770286361884,trial_18,9271965R.png,47.png,9271965R.png,1770286342185,1-NN7WK
17,0.8162,0,True,,,,,,,6,2026-02-05T10:00:00.212000+00:00,phase1_completed,none,,,,,,,,,,,,,,,,6,0,male,0,0,none,6,0,,,,1-NN7WK,1770286857722,,,budapest,False,primary,nincsen,nincsen,1,10.362,1770286372597,trial_19,9253225L.png,21.png,9253225L.png,1770286362235,1-NN7WK
17,0.401,0,True,,,,,,,5,2026-02-05T10:00:00.212000+00:00,phase1_completed,none,,,,,,,,,,,,,,,,3,1,male,0,0,none,5,1,,,,1-NN7WK,1770286857722,,,budapest,False,primary,nincsen,tunet,1,57.501,1770285973418,trial_2,9035779L.png,45.png,9035779L.png,1770285915917,1-NN7WK
17,0.0818,1,True,,,,,,,6,2026-02-05T10:00:00.212000+00:00,phase1_completed,none,,,,,,,,,,,,,,,,3,0,male,0,0,none,6,0,,,,1-NN7WK,1770286857722,,,budapest,False,primary,nincsen,nincsen,1,11.2,1770286384223,trial_20,9397988L.png,42.png,9397988L.png,1770286373023,1-NN7WK
17,0.0923,0,True,,,,,,,6,2026-02-05T10:00:00.212000+00:00,phase1_completed,none,,,,,,,,,,,,,,,,2,1,male,1,3,none,6,1,,,,1-NN7WK,1770286857722,,,budapest,False,primary,tunet,tunet,1,18.832,1770286403442,trial_21,9305336L.png,12.png,9305336L.png,1770286384610,1-NN7WK
17,0.8846,0,True,,,,,,,4,2026-02-05T10:00:00.212000+00:00,phase1_completed,none,,,,,,,,,,,,,,,,6,0,male,1,2,none,4,0,,,,1-NN7WK,1770286857722,,,budapest,False,primary,tunet,nincsen,1,16.296,1770286420107,trial_22,9998089R.png,24.png,9998089R.png,1770286403811,1-NN7WK
17,0.916,1,True,,,,,,,4,2026-02-05T10:00:00.212000+00:00,phase1_completed,none,,,,,,,,,,,,,,,,1,0,male,1,2,none,4,0,,,,1-NN7WK,1770286857722,,,budapest,False,primary,nincsen,nincsen,1,26.193,1770286446647,trial_23,9862321L.png,17.png,9862321L.png,1770286420454,1-NN7WK
17,0.3771,0,True,,,,,,,5,2026-02-05T10:00:00.212000+00:00,phase1_completed,none,,,,,,,,,,,,,,,,4,0,male,0,0,none,5,0,,,,1-NN7WK,1770286857722,,,budapest,False,primary,tunet,nincsen,1,12.723,1770286459730,trial_24,9872350R.png,30.png,9872350R.png,1770286447007,1-NN7WK
17,0.4814,0,True,,,,,,,3,2026-02-05T10:00:00.212000+00:00,phase1_completed,none,,,,,,,,,,,,,,,,2,0,male,0,0,none,3,1,,,,1-NN7WK,1770286857722,,,budapest,True,primary,nincsen,tunet,1,17.888,1770286477995,trial_25,9645608L.png,43.png,9645608L.png,1770286460107,1-NN7WK
17,0.5639,0,True,,,,,,,5,2026-02-05T10:00:00.212000+00:00,phase1_completed,none,,,,,,,,,,,,,,,,2,0,male,0,0,none,5,1,,,,1-NN7WK,1770286857722,,,budapest,True,primary,nincsen,tunet,1,54.706,1770286533060,trial_26,9100699L.png,48.png,9100699L.png,1770286478354,1-NN7WK
17,0.8646,0,True,,,,,,,4,2026-02-05T10:00:00.212000+00:00,phase1_completed,none,,,,,,,,,,,,,,,,4,0,male,0,0,none,4,0,,,,1-NN7WK,1770286857722,,,budapest,False,primary,nincsen,nincsen,1,10.654,1770286544075,trial_27,9719890R.png,25.png,9719890R.png,1770286533421,1-NN7WK
17,0.7533,0,True,,,,,,,5,2026-02-05T10:00:00.212000+00:00,phase1_completed,none,,,,,,,,,,,,,,,,5,0,male,0,0,none,5,0,,,,1-NN7WK,1770286857722,,,budapest,False,primary,nincsen,nincsen,1,11.967,1770286556478,trial_28,9166468R.png,18.png,9166468R.png,1770286544511,1-NN7WK
17,0.5825,0,True,,,,,,,6,2026-02-05T10:00:00.212000+00:00,phase1_completed,none,,,,,,,,,,,,,,,,5,1,male,1,2,none,6,1,,,,1-NN7WK,1770286857722,,,budapest,False,primary,nincsen,tunet,1,14.881,1770286571731,trial_29,9626432R.png,15.png,9626432R.png,1770286556850,1-NN7WK
17,0.5424,1,True,,,,,,,5,2026-02-05T10:00:00.212000+00:00,phase1_completed,none,,,,,,,,,,,,,,,,2,1,male,1,2,none,5,0,,,,1-NN7WK,1770286857722,,,budapest,True,primary,nincsen,nincsen,1,30.074,1770286003909,trial_3,9648224L.png,44.png,9648224L.png,1770285973835,1-NN7WK
17,0.645,0,True,,,,,,,6,2026-02-05T10:00:00.212000+00:00,phase1_completed,none,,,,,,,,,,,,,,,,6,0,male,0,0,none,6,0,,,,1-NN7WK,1770286857722,,,budapest,False,primary,nincsen,nincsen,1,19.171,1770286591266,trial_30,9480211R.png,3.png,9480211R.png,1770286572095,1-NN7WK
17,0.1582,0,True,,,,,,,6,2026-02-05T10:00:00.212000+00:00,phase1_completed,none,,,,,,,,,,,,,,,,5,0,male,1,2,none,6,0,,,,1-NN7WK,1770286857722,,,budapest,False,primary,nincsen,nincsen,1,10.303,1770286601940,trial_31,9466142R.png,5.png,9466142R.png,1770286591637,1-NN7WK
17,0.6514,1,True,,,,,,,5,2026-02-05T10:00:00.212000+00:00,phase1_completed,none,,,,,,,,,,,,,,,,5,1,male,1,2,none,5,1,,,,1-NN7WK,1770286857722,,,budapest,False,primary,tunet,tunet,1,14.52,1770286616804,trial_32,9448315L.png,28.png,9448315L.png,1770286602284,1-NN7WK
17,0.9095,1,True,,,,,,,5,2026-02-05T10:00:00.212000+00:00,phase1_completed,none,,,,,,,,,,,,,,,,6,1,male,1,2,none,5,0,,,,1-NN7WK,1770286857722,,,budapest,True,primary,nincsen,nincsen,1,9.998,1770286627260,trial_33,9534110L.png,49.png,9534110L.png,1770286617262,1-NN7WK
17,0.9843,1,True,,,,,,,5,2026-02-05T10:00:00.212000+00:00,phase1_completed,none,,,,,,,,,,,,,,,,3,1,male,1,2,none,5,0,,,,1-NN7WK,1770286857722,,,budapest,True,primary,nincsen,nincsen,1,14.302,1770286641924,trial_34,9322109R.png,14.png,9322109R.png,1770286627622,1-NN7WK
17,0.8137,0,True,,,,,,,6,2026-02-05T10:00:00.212000+00:00,phase1_completed,none,,,,,,,,,,,,,,,,4,1,male,1,3,none,6,1,,,,1-NN7WK,1770286857722,,,budapest,False,primary,nincsen,tunet,1,13.307,1770286655686,trial_35,9046206L.png,29.png,9046206L.png,1770286642379,1-NN7WK
17,0.5749,1,True,,,,,,,4,2026-02-05T10:00:00.212000+00:00,phase1_completed,none,,,,,,,,,,,,,,,,4,0,male,1,2,none,4,0,,,,1-NN7WK,1770286857722,,,budapest,False,primary,nincsen,nincsen,1,12.746,1770286668809,trial_36,9797850R.png,32.png,9797850R.png,1770286656063,1-NN7WK
17,0.9329,1,True,,,,,,,6,2026-02-05T10:00:00.212000+00:00,phase1_completed,none,,,,,,,,,,,,,,,,7,1,male,1,3,none,6,1,,,,1-NN7WK,1770286857722,,,budapest,False,primary,nincsen,tunet,1,9.867,1770286679068,trial_37,9075939L.png,16.png,9075939L.png,1770286669201,1-NN7WK
17,0.8842,1,True,,,,,,,5,2026-02-05T10:00:00.212000+00:00,phase1_completed,none,,,,,,,,,,,,,,,,2,1,male,1,2,none,5,0,,,,1-NN7WK,1770286857722,,,budapest,True,primary,nincsen,nincsen,1,13.977,1770286693450,trial_38,9304828L.png,46.png,9304828L.png,1770286679473,1-NN7WK
17,0.9625,1,True,,,,,,,3,2026-02-05T10:00:00.212000+00:00,phase1_completed,none,,,,,,,,,,,,,,,,4,1,male,1,3,none,3,1,,,,1-NN7WK,1770286857722,,,budapest,False,primary,nincsen,tunet,1,9.849,1770286703677,trial_39,9037494R.png,31.png,9037494R.png,1770286693828,1-NN7WK
17,0.5823,0,True,,,,,,,6,2026-02-05T10:00:00.212000+00:00,phase1_completed,none,,,,,,,,,,,,,,,,4,1,male,1,2,none,6,1,,,,1-NN7WK,1770286857722,,,budapest,False,primary,tunet,tunet,1,31.807,1770286036102,trial_4,9008884R.png,20.png,9008884R.png,1770286004295,1-NN7WK
17,0.9124,0,True,,,,,,,4,2026-02-05T10:00:00.212000+00:00,phase1_completed,none,,,,,,,,,,,,,,,,7,0,male,0,0,none,4,0,,,,1-NN7WK,1770286857722,,,budapest,False,primary,nincsen,nincsen,1,8.34,1770286712382,trial_40,9717450L.png,40.png,9717450L.png,1770286704042,1-NN7WK
17,0.9867,1,True,,,,,,,7,2026-02-05T10:00:00.212000+00:00,phase1_completed,none,,,,,,,,,,,,,,,,7,1,male,1,3,none,7,1,,,,1-NN7WK,1770286857722,,,budapest,False,primary,tunet,tunet,1,17.557,1770286730318,trial_41,9267247L.png,38.png,9267247L.png,1770286712761,1-NN7WK
17,0.329,0,True,,,,,,,2,2026-02-05T10:00:00.212000+00:00,phase1_completed,none,,,,,,,,,,,,,,,,2,0,male,0,0,none,2,1,,,,1-NN7WK,1770286857722,,,budapest,True,primary,nincsen,tunet,1,12.607,1770286743293,trial_42,9043461R.png,9.png,9043461R.png,1770286730686,1-NN7WK
17,0.8517,0,True,,,,,,,1,2026-02-05T10:00:00.212000+00:00,phase1_completed,none,,,,,,,,,,,,,,,,3,0,male,0,0,none,1,1,,,,1-NN7WK,1770286857722,,,budapest,True,primary,nincsen,tunet,1,13.939,1770286757574,trial_43,9810475L.png,13.png,9810475L.png,1770286743635,1-NN7WK
17,0.0426,1,True,,,,,,,5,2026-02-05T10:00:00.212000+00:00,phase1_completed,none,,,,,,,,,,,,,,,,3,0,male,0,0,none,5,0,,,,1-NN7WK,1770286857722,,,budapest,False,primary,nincsen,nincsen,1,11.385,1770286769334,trial_44,9360243L.png,50.png,9360243L.png,1770286757949,1-NN7WK
17,0.79,1,True,,,,,,,5,2026-02-05T10:00:00.212000+00:00,phase1_completed,none,,,,,,,,,,,,,,,,5,0,male,1,2,none,5,0,,,,1-NN7WK,1770286857722,,,budapest,False,primary,nincsen,nincsen,1,10.289,1770286779966,trial_45,9142551R.png,37.png,9142551R.png,1770286769677,1-NN7WK
17,0.3014,1,True,,,,,,,5,2026-02-05T10:00:00.212000+00:00,phase1_completed,none,,,,,,,,,,,,,,,,3,1,male,0,0,none,5,0,,,,1-NN7WK,1770286857722,,,budapest,True,primary,nincsen,tunet,1,11.297,1770286791614,trial_46,9299531R.png,36.png,9299531R.png,1770286780317,1-NN7WK
17,0.2252,0,True,,,,,,,4,2026-02-05T10:00:00.212000+00:00,phase1_completed,none,,,,,,,,,,,,,,,,4,0,male,0,0,none,4,0,,,,1-NN7WK,1770286857722,,,budapest,False,primary,nincsen,nincsen,1,8.917,1770286800886,trial_47,9097360L.png,1.png,9097360L.png,1770286791969,1-NN7WK
17,0.0496,1,True,,,,,,,4,2026-02-05T10:00:00.212000+00:00,phase1_completed,none,,,,,,,,,,,,,,,,1,0,male,0,0,none,4,0,,,,1-NN7WK,1770286857722,,,budapest,False,primary,nincsen,tunet,1,24.145,1770286825398,trial_48,9023935L.png,41.png,9023935L.png,1770286801253,1-NN7WK
17,0.6057,0,True,,,,,,,5,2026-02-05T10:00:00.212000+00:00,phase1_completed,none,,,,,,,,,,,,,,,,5,0,male,1,2,none,5,1,,,,1-NN7WK,1770286857722,,,budapest,True,primary,nincsen,tunet,1,16.141,1770286841918,trial_49,9606955R.png,11.png,9606955R.png,1770286825777,1-NN7WK
17,0.8107,0,True,,,,,,,4,2026-02-05T10:00:00.212000+00:00,phase1_completed,none,,,,,,,,,,,,,,,,7,0,male,0,0,none,4,0,,,,1-NN7WK,1770286857722,,,budapest,False,primary,nincsen,nincsen,1,11.502,1770286048012,trial_5,9870268R.png,26.png,9870268R.png,1770286036510,1-NN7WK
17,0.8709,1,True,,,,,,,6,2026-02-05T10:00:00.212000+00:00,phase1_completed,none,,,,,,,,,,,,,,,,6,0,male,1,2,none,6,0,,,,1-NN7WK,1770286857722,,,budapest,False,primary,nincsen,nincsen,1,15.294,1770286857551,trial_50,9354156R.png,6.png,9354156R.png,1770286842257,1-NN7WK
17,0.2577,1,True,,,,,,,4,2026-02-05T10:00:00.212000+00:00,phase1_completed,none,,,,,,,,,,,,,,,,2,1,male,0,0,none,4,1,,,,1-NN7WK,1770286857722,,,budapest,False,primary,nincsen,tunet,1,21.858,1770286070254,trial_6,9827858L.png,8.png,9827858L.png,1770286048396,1-NN7WK
17,0.9948,1,True,,,,,,,3,2026-02-05T10:00:00.212000+00:00,phase1_completed,none,,,,,,,,,,,,,,,,6,1,male,1,3,none,3,1,,,,1-NN7WK,1770286857722,,,budapest,False,primary,bizonytalan,tunet,1,21.999,1770286092654,trial_7,9113018R.png,2.png,9113018R.png,1770286070655,1-NN7WK
17,0.8986,1,True,,,,,,,6,2026-02-05T10:00:00.212000+00:00,phase1_completed,none,,,,,,,,,,,,,,,,7,1,male,1,3,none,6,1,,,,1-NN7WK,1770286857722,,,budapest,False,primary,bizonytalan,tunet,1,17.061,1770286110151,trial_8,9683886R.png,22.png,9683886R.png,1770286093090,1-NN7WK
17,0.6423,0,True,,,,,,,6,2026-02-05T10:00:00.212000+00:00,phase1_completed,none,,,,,,,,,,,,,,,,3,0,male,0,0,none,6,1,,,,1-NN7WK,1770286857722,,,budapest,True,primary,bizonytalan,tunet,1,44.156,1770286154682,trial_9,9143031L.png,4.png,9143031L.png,1770286110526,1-NN7WK
16,0.1918,0,True,,,,,,,5,2026-02-05T09:58:42.858000+00:00,phase1_completed,none,,,,,,,,,,,,,,,,3,0,female,1,2,none,5,1,,,,1-RKGTW,1770287399945,,,budapest,True,secondary,nincsen,tunet,1,90.803,1770285974227,trial_1,9788301L.png,33.png,9788301L.png,1770285883424,1-RKGTW
16,0.8709,1,True,,,,,,,6,2026-02-05T09:58:42.858000+00:00,phase1_completed,none,,,,,,,,,,,,,,,,3,0,female,1,2,none,6,0,,,,1-RKGTW,1770287399945,,,budapest,False,secondary,nincsen,nincsen,1,37.565,1770286326667,trial_10,9354156R.png,6.png,9354156R.png,1770286289102,1-RKGTW
16,0.9124,0,True,,,,,,,7,2026-02-05T09:58:42.858000+00:00,phase1_completed,none,,,,,,,,,,,,,,,,5,0,female,0,0,none,7,0,,,,1-RKGTW,1770287399945,,,budapest,False,secondary,nincsen,nincsen,1,28.645,1770286355643,trial_11,9717450L.png,40.png,9717450L.png,1770286326998,1-RKGTW
16,0.6423,0,True,,,,,,,6,2026-02-05T09:58:42.858000+00:00,phase1_completed,none,,,,,,,,,,,,,,,,7,0,female,0,0,none,6,0,,,,1-RKGTW,1770287399945,,,budapest,False,secondary,bizonytalan,nincsen,1,39.866,1770286395899,trial_12,9143031L.png,4.png,9143031L.png,1770286356033,1-RKGTW
16,0.916,1,True,,,,,,,6,2026-02-05T09:58:42.858000+00:00,phase1_completed,none,,,,,,,,,,,,,,,,6,1,female,1,2,none,6,0,,,,1-RKGTW,1770287399945,,,budapest,True,secondary,nincsen,bizonytalan,1,34.478,1770286430747,trial_13,9862321L.png,17.png,9862321L.png,1770286396269,1-RKGTW
16,0.1582,0,True,,,,,,,5,2026-02-05T09:58:42.858000+00:00,phase1_completed,none,,,,,,,,,,,,,,,,5,1,female,1,2,none,5,1,,,,1-RKGTW,1770287399945,,,budapest,False,secondary,tunet,tunet,1,47.973,1770286479075,trial_14,9466142R.png,5.png,9466142R.png,1770286431102,1-RKGTW
16,0.5533,0,True,,,,,,,7,2026-02-05T09:58:42.858000+00:00,phase1_completed,none,,,,,,,,,,,,,,,,6,1,female,0,0,none,7,1,,,,1-RKGTW,1770287399945,,,budapest,False,secondary,tunet,tunet,1,25.698,1770286505147,trial_15,9261557L.png,23.png,9261557L.png,1770286479449,1-RKGTW
16,0.7533,0,True,,,,,,,5,2026-02-05T09:58:42.858000+00:00,phase1_completed,none,,,,,,,,,,,,,,,,6,0,female,0,0,none,5,0,,,,1-RKGTW,1770287399945,,,budapest,False,secondary,bizonytalan,nincsen,1,59.119,1770286564611,trial_16,9166468R.png,18.png,9166468R.png,1770286505492,1-RKGTW
16,0.9974,1,True,,,,,,,7,2026-02-05T09:58:42.858000+00:00,phase1_completed,none,,,,,,,,,,,,,,,,7,1,female,1,3,none,7,1,,,,1-RKGTW,1770287399945,,,budapest,False,secondary,tunet,tunet,1,37.547,1770286602547,trial_17,9271965R.png,47.png,9271965R.png,1770286565000,1-RKGTW
16,0.4814,0,True,,,,,,,5,2026-02-05T09:58:42.858000+00:00,phase1_completed,none,,,,,,,,,,,,,,,,5,0,female,0,0,none,5,0,,,,1-RKGTW,1770287399945,,,budapest,False,secondary,nincsen,nincsen,1,33.754,1770286636699,trial_18,9645608L.png,43.png,9645608L.png,1770286602945,1-RKGTW
16,0.5639,0,True,,,,,,,4,2026-02-05T09:58:42.858000+00:00,phase1_completed,none,,,,,,,,,,,,,,,,7,0,female,0,0,none,4,0,,,,1-RKGTW,1770287399945,,,budapest,False,secondary,nincsen,nincsen,1,12.804,1770286649875,trial_19,9100699L.png,48.png,9100699L.png,1770286637071,1-RKGTW
16,0.4903,1,True,,,,,,,7,2026-02-05T09:58:42.858000+00:00,phase1_completed,none,,,,,,,,,,,,,,,,7,1,female,1,4,none,7,1,,,,1-RKGTW,1770287399945,,,budapest,False,secondary,tunet,tunet,1,38.112,1770286013291,trial_2,9311154L.png,39.png,9311154L.png,1770285975179,1-RKGTW
16,0.5532,0,True,,,,,,,6,2026-02-05T09:58:42.858000+00:00,phase1_completed,none,,,,,,,,,,,,,,,,4,0,female,0,0,none,6,0,,,,1-RKGTW,1770287399945,,,budapest,False,secondary,tunet,nincsen,1,44.637,1770286694995,trial_20,9043461L.png,34.png,9043461L.png,1770286650358,1-RKGTW
16,0.645,0,True,,,,,,,5,2026-02-05T09:58:42.858000+00:00,phase1_completed,none,,,,,,,,,,,,,,,,6,0,female,0,0,none,5,0,,,,1-RKGTW,1770287399945,,,budapest,False,secondary,tunet,nincsen,1,42.79,1770286738203,trial_21,9480211R.png,3.png,9480211R.png,1770286695413,1-RKGTW
16,0.9867,1,True,,,,,,,7,2026-02-05T09:58:42.858000+00:00,phase1_completed,none,,,,,,,,,,,,,,,,7,1,female,1,3,none,7,1,,,,1-RKGTW,1770287399945,,,budapest,False,secondary,tunet,tunet,1,17.042,1770286755587,trial_22,9267247L.png,38.png,9267247L.png,1770286738545,1-RKGTW
16,0.0496,1,True,,,,,,,6,2026-02-05T09:58:42.858000+00:00,phase1_completed,none,,,,,,,,,,,,,,,,7,1,female,0,0,none,6,1,,,,1-RKGTW,1770287399945,,,budapest,False,secondary,bizonytalan,tunet,1,30.322,1770286786307,trial_23,9023935L.png,41.png,9023935L.png,1770286755985,1-RKGTW
16,0.0426,1,True,,,,,,,6,2026-02-05T09:58:42.858000+00:00,phase1_completed,none,,,,,,,,,,,,,,,,6,1,female,0,0,none,6,1,,,,1-RKGTW,1770287399945,,,budapest,False,secondary,tunet,tunet,1,24.304,1770286810987,trial_24,9360243L.png,50.png,9360243L.png,1770286786683,1-RKGTW
16,0.9663,1,True,,,,,,,7,2026-02-05T09:58:42.858000+00:00,phase1_completed,none,,,,,,,,,,,,,,,,7,1,female,1,3,none,7,1,,,,1-RKGTW,1770287399945,,,budapest,False,secondary,tunet,tunet,1,18.9,1770286830276,trial_25,9056326L.png,19.png,9056326L.png,1770286811376,1-RKGTW
16,0.8517,0,True,,,,,,,4,2026-02-05T09:58:42.858000+00:00,phase1_completed,none,,,,,,,,,,,,,,,,6,1,female,0,0,none,4,1,,,,1-RKGTW,1770287399945,,,budapest,False,secondary,nincsen,tunet,1,36.33,1770286866963,trial_26,9810475L.png,13.png,9810475L.png,1770286830633,1-RKGTW
16,0.8107,0,True,,,,,,,3,2026-02-05T09:58:42.858000+00:00,phase1_completed,none,,,,,,,,,,,,,,,,6,0,female,0,0,none,3,1,,,,1-RKGTW,1770287399945,,,budapest,True,secondary,nincsen,tunet,1,22.222,1770286889587,trial_27,9870268R.png,26.png,9870268R.png,1770286867365,1-RKGTW
16,0.0389,1,True,,,,,,,3,2026-02-05T09:58:42.858000+00:00,phase1_completed,none,,,,,,,,,,,,,,,,6,0,female,0,0,none,3,0,,,,1-RKGTW,1770287399945,,,budapest,False,secondary,tunet,bizonytalan,1,45.244,1770286935411,trial_28,9911788L.png,10.png,9911788L.png,1770286890167,1-RKGTW
16,0.6057,0,True,,,,,,,6,2026-02-05T09:58:42.858000+00:00,phase1_completed,none,,,,,,,,,,,,,,,,3,1,female,1,2,none,6,1,,,,1-RKGTW,1770287399945,,,budapest,False,secondary,tunet,tunet,1,30.5,1770286966307,trial_29,9606955R.png,11.png,9606955R.png,1770286935807,1-RKGTW
16,0.9625,1,True,,,,,,,5,2026-02-05T09:58:42.858000+00:00,phase1_completed,none,,,,,,,,,,,,,,,,7,1,female,1,3,none,5,1,,,,1-RKGTW,1770287399945,,,budapest,False,secondary,tunet,tunet,1,28.52,1770286042163,trial_3,9037494R.png,31.png,9037494R.png,1770286013643,1-RKGTW
16,0.5823,0,True,,,,,,,5,2026-02-05T09:58:42.858000+00:00,phase1_completed,none,,,,,,,,,,,,,,,,3,1,female,1,2,none,5,1,,,,1-RKGTW,1770287399945,,,budapest,False,secondary,tunet,tunet,1,35.083,1770287001867,trial_30,9008884R.png,20.png,9008884R.png,1770286966784,1-RKGTW
16,0.4633,1,True,,,,,,,6,2026-02-05T09:58:42.858000+00:00,phase1_completed,none,,,,,,,,,,,,,,,,5,1,female,0,0,none,6,0,,,,1-RKGTW,1770287399945,,,budapest,True,secondary,bizonytalan,nincsen,1,13.171,1770287015403,trial_31,9140556L.png,7.png,9140556L.png,1770287002232,1-RKGTW
16,0.8162,0,True,,,,,,,6,2026-02-05T09:58:42.858000+00:00,phase1_completed,none,,,,,,,,,,,,,,,,7,0,female,0,0,none,6,1,,,,1-RKGTW,1770287399945,,,budapest,True,secondary,tunet,tunet,1,18.088,1770287033851,trial_32,9253225L.png,21.png,9253225L.png,1770287015763,1-RKGTW
16,0.9843,1,True,,,,,,,6,2026-02-05T09:58:42.858000+00:00,phase1_completed,none,,,,,,,,,,,,,,,,7,1,female,1,2,none,6,1,,,,1-RKGTW,1770287399945,,,budapest,False,secondary,tunet,tunet,1,17.176,1770287051379,trial_33,9322109R.png,14.png,9322109R.png,1770287034203,1-RKGTW
16,0.2577,1,True,,,,,,,4,2026-02-05T09:58:42.858000+00:00,phase1_completed,none,,,,,,,,,,,,,,,,6,0,female,0,0,none,4,0,,,,1-RKGTW,1770287399945,,,budapest,False,secondary,bizonytalan,bizonytalan,1,23.734,1770287075507,trial_34,9827858L.png,8.png,9827858L.png,1770287051773,1-RKGTW
16,0.3771,0,True,,,,,,,5,2026-02-05T09:58:42.858000+00:00,phase1_completed,none,,,,,,,,,,,,,,,,6,0,female,0,0,none,5,1,,,,1-RKGTW,1770287399945,,,budapest,True,secondary,tunet,bizonytalan,1,21.503,1770287097427,trial_35,9872350R.png,30.png,9872350R.png,1770287075924,1-RKGTW
16,0.9948,1,True,,,,,,,7,2026-02-05T09:58:42.858000+00:00,phase1_completed,none,,,,,,,,,,,,,,,,7,1,female,1,3,none,7,1,,,,1-RKGTW,1770287399945,,,budapest,False,secondary,tunet,tunet,1,23.483,1770287121299,trial_36,9113018R.png,2.png,9113018R.png,1770287097816,1-RKGTW
16,0.329,0,True,,,,,,,5,2026-02-05T09:58:42.858000+00:00,phase1_completed,none,,,,,,,,,,,,,,,,4,0,female,0,0,none,5,0,,,,1-RKGTW,1770287399945,,,budapest,False,secondary,nincsen,bizonytalan,1,10.914,1770287132627,trial_37,9043461R.png,9.png,9043461R.png,1770287121713,1-RKGTW
16,0.5825,0,True,,,,,,,6,2026-02-05T09:58:42.858000+00:00,phase1_completed,none,,,,,,,,,,,,,,,,7,1,female,1,2,none,6,1,,,,1-RKGTW,1770287399945,,,budapest,False,secondary,bizonytalan,tunet,1,24.228,1770287157323,trial_38,9626432R.png,15.png,9626432R.png,1770287133095,1-RKGTW
16,0.0818,1,True,,,,,,,6,2026-02-05T09:58:42.858000+00:00,phase1_completed,none,,,,,,,,,,,,,,,,6,0,female,0,0,none,6,0,,,,1-RKGTW,1770287399945,,,budapest,False,secondary,tunet,bizonytalan,1,34.053,1770287191739,trial_39,9397988L.png,42.png,9397988L.png,1770287157686,1-RKGTW
16,0.3014,1,True,,,,,,,3,2026-02-05T09:58:42.858000+00:00,phase1_completed,none,,,,,,,,,,,,,,,,5,0,female,0,0,none,3,0,,,,1-RKGTW,1770287399945,,,budapest,False,secondary,tunet,bizonytalan,1,70.986,1770286113523,trial_4,9299531R.png,36.png,9299531R.png,1770286042537,1-RKGTW
16,0.9329,1,True,,,,,,,6,2026-02-05T09:58:42.858000+00:00,phase1_completed,none,,,,,,,,,,,,,,,,7,1,female,1,3,none,6,1,,,,1-RKGTW,1770287399945,,,budapest,False,secondary,tunet,tunet,1,19.393,1770287211515,trial_40,9075939L.png,16.png,9075939L.png,1770287192122,1-RKGTW
16,0.8846,0,True,,,,,,,7,2026-02-05T09:58:42.858000+00:00,phase1_completed,none,,,,,,,,,,,,,,,,7,0,female,1,2,none,7,0,,,,1-RKGTW,1770287399945,,,budapest,False,secondary,bizonytalan,nincsen,1,17.602,1770287229579,trial_41,9998089R.png,24.png,9998089R.png,1770287211977,1-RKGTW
16,0.8137,0,True,,,,,,,2,2026-02-05T09:58:42.858000+00:00,phase1_completed,none,,,,,,,,,,,,,,,,1,1,female,1,3,none,2,1,,,,1-RKGTW,1770287399945,,,budapest,False,secondary,bizonytalan,tunet,1,15.859,1770287245819,trial_42,9046206L.png,29.png,9046206L.png,1770287229960,1-RKGTW
16,0.7641,0,True,,,,,,,7,2026-02-05T09:58:42.858000+00:00,phase1_completed,none,,,,,,,,,,,,,,,,7,0,female,0,0,none,7,0,,,,1-RKGTW,1770287399945,,,budapest,False,secondary,nincsen,nincsen,1,18.505,1770287264723,trial_43,9667180L.png,35.png,9667180L.png,1770287246218,1-RKGTW
16,0.5749,1,True,,,,,,,5,2026-02-05T09:58:42.858000+00:00,phase1_completed,none,,,,,,,,,,,,,,,,6,1,female,1,2,none,5,1,,,,1-RKGTW,1770287399945,,,budapest,False,secondary,tunet,tunet,1,13.193,1770287278482,trial_44,9797850R.png,32.png,9797850R.png,1770287265289,1-RKGTW
16,0.9095,1,True,,,,,,,6,2026-02-05T09:58:42.858000+00:00,phase1_completed,none,,,,,,,,,,,,,,,,3,0,female,1,2,none,6,0,,,,1-RKGTW,1770287399945,,,budapest,False,secondary,nincsen,bizonytalan,1,13.833,1770287292699,trial_45,9534110L.png,49.png,9534110L.png,1770287278866,1-RKGTW
16,0.79,1,True,,,,,,,6,2026-02-05T09:58:42.858000+00:00,phase1_completed,none,,,,,,,,,,,,,,,,7,1,female,1,2,none,6,1,,,,1-RKGTW,1770287399945,,,budapest,False,secondary,tunet,tunet,1,21.778,1770287314851,trial_46,9142551R.png,37.png,9142551R.png,1770287293073,1-RKGTW
16,0.8842,1,True,,,,,,,7,2026-02-05T09:58:42.858000+00:00,phase1_completed,none,,,,,,,,,,,,,,,,7,1,female,1,2,none,7,1,,,,1-RKGTW,1770287399945,,,budapest,False,secondary,tunet,tunet,1,22.866,1770287338091,trial_47,9304828L.png,46.png,9304828L.png,1770287315225,1-RKGTW
16,0.8986,1,True,,,,,,,7,2026-02-05T09:58:42.858000+00:00,phase1_completed,none,,,,,,,,,,,,,,,,7,1,female,1,3,none,7,1,,,,1-RKGTW,1770287399945,,,budapest,False,secondary,tunet,tunet,1,17.237,1770287355723,trial_48,9683886R.png,22.png,9683886R.png,1770287338486,1-RKGTW
16,0.5424,1,True,,,,,,,3,2026-02-05T09:58:42.858000+00:00,phase1_completed,none,,,,,,,,,,,,,,,,6,1,female,1,2,none,3,1,,,,1-RKGTW,1770287399945,,,budapest,False,secondary,bizonytalan,tunet,1,18.388,1770287374507,trial_49,9648224L.png,44.png,9648224L.png,1770287356119,1-RKGTW
16,0.584,0,True,,,,,,,5,2026-02-05T09:58:42.858000+00:00,phase1_completed,none,,,,,,,,,,,,,,,,6,0,female,0,0,none,5,0,,,,1-RKGTW,1770287399945,,,budapest,False,secondary,nincsen,tunet,1,38.322,1770286152635,trial_5,9598675R.png,27.png,9598675R.png,1770286114313,1-RKGTW
16,0.401,0,True,,,,,,,6,2026-02-05T09:58:42.858000+00:00,phase1_completed,none,,,,,,,,,,,,,,,,3,0,female,0,0,none,6,0,,,,1-RKGTW,1770287399945,,,budapest,False,secondary,nincsen,bizonytalan,1,24.855,1770287399739,trial_50,9035779L.png,45.png,9035779L.png,1770287374884,1-RKGTW
16,0.6514,1,True,,,,,,,6,2026-02-05T09:58:42.858000+00:00,phase1_completed,none,,,,,,,,,,,,,,,,6,1,female,1,2,none,6,0,,,,1-RKGTW,1770287399945,,,budapest,True,secondary,nincsen,nincsen,1,25.156,1770286178179,trial_6,9448315L.png,28.png,9448315L.png,1770286153023,1-RKGTW
16,0.0923,0,True,,,,,,,6,2026-02-05T09:58:42.858000+00:00,phase1_completed,none,,,,,,,,,,,,,,,,6,1,female,1,3,none,6,1,,,,1-RKGTW,1770287399945,,,budapest,False,secondary,tunet,tunet,1,32.168,1770286210723,trial_7,9305336L.png,12.png,9305336L.png,1770286178555,1-RKGTW
16,0.2252,0,True,,,,,,,5,2026-02-05T09:58:42.858000+00:00,phase1_completed,none,,,,,,,,,,,,,,,,7,0,female,0,0,none,5,0,,,,1-RKGTW,1770287399945,,,budapest,False,secondary,nincsen,bizonytalan,1,24.908,1770286235987,trial_8,9097360L.png,1.png,9097360L.png,1770286211079,1-RKGTW
16,0.8646,0,True,,,,,,,4,2026-02-05T09:58:42.858000+00:00,phase1_completed,none,,,,,,,,,,,,,,,,5,0,female,0,0,none,4,1,,,,1-RKGTW,1770287399945,,,budapest,True,secondary,nincsen,tunet,1,52.179,1770286288547,trial_9,9719890R.png,25.png,9719890R.png,1770286236368,1-RKGTW
16,0.9974,1,True,,,,,,,7,2026-02-05T09:58:31.826000+00:00,phase1_completed,none,,,,,,,,,,,,,,,,7,1,female,1,3,none,7,1,,,,1-SD2GV,1770287422917,,,city,False,secondary,tunet,tunet,1,69.216,1770285865526,trial_1,9271965R.png,47.png,9271965R.png,1770285796310,1-SD2GV
16,0.3771,0,True,,,,,,,5,2026-02-05T09:58:31.826000+00:00,phase1_completed,none,,,,,,,,,,,,,,,,6,0,female,0,0,none,5,0,,,,1-SD2GV,1770287422917,,,city,False,secondary,nincsen,nincsen,1,22.869,1770286181702,trial_10,9872350R.png,30.png,9872350R.png,1770286158833,1-SD2GV
16,0.8517,0,True,,,,,,,6,2026-02-05T09:58:31.826000+00:00,phase1_completed,none,,,,,,,,,,,,,,,,5,1,female,0,0,none,6,1,,,,1-SD2GV,1770287422917,,,city,False,secondary,tunet,tunet,1,36.379,1770286218473,trial_11,9810475L.png,13.png,9810475L.png,1770286182094,1-SD2GV
16,0.5825,0,True,,,,,,,7,2026-02-05T09:58:31.826000+00:00,phase1_completed,none,,,,,,,,,,,,,,,,6,1,female,1,2,none,7,1,,,,1-SD2GV,1770287422917,,,city,False,secondary,tunet,tunet,1,27.441,1770286246395,trial_12,9626432R.png,15.png,9626432R.png,1770286218954,1-SD2GV
16,0.5639,0,True,,,,,,,4,2026-02-05T09:58:31.826000+00:00,phase1_completed,none,,,,,,,,,,,,,,,,4,0,female,0,0,none,4,0,,,,1-SD2GV,1770287422917,,,city,False,secondary,nincsen,bizonytalan,1,42.546,1770286289358,trial_13,9100699L.png,48.png,9100699L.png,1770286246812,1-SD2GV
16,0.0496,1,True,,,,,,,7,2026-02-05T09:58:31.826000+00:00,phase1_completed,none,,,,,,,,,,,,,,,,7,1,female,0,0,none,7,1,,,,1-SD2GV,1770287422917,,,city,False,secondary,tunet,tunet,1,31.528,1770286321290,trial_14,9023935L.png,41.png,9023935L.png,1770286289762,1-SD2GV
16,0.6057,0,True,,,,,,,5,2026-02-05T09:58:31.826000+00:00,phase1_completed,none,,,,,,,,,,,,,,,,4,1,female,1,2,none,5,1,,,,1-SD2GV,1770287422917,,,city,False,secondary,bizonytalan,tunet,1,44.291,1770286365943,trial_15,9606955R.png,11.png,9606955R.png,1770286321652,1-SD2GV
16,0.9843,1,True,,,,,,,5,2026-02-05T09:58:31.826000+00:00,phase1_completed,none,,,,,,,,,,,,,,,,3,0,female,1,2,none,5,0,,,,1-SD2GV,1770287422917,,,city,False,secondary,bizonytalan,nincsen,1,27.704,1770286394061,trial_16,9322109R.png,14.png,9322109R.png,1770286366357,1-SD2GV
16,0.329,0,True,,,,,,,6,2026-02-05T09:58:31.826000+00:00,phase1_completed,none,,,,,,,,,,,,,,,,5,1,female,0,0,none,6,1,,,,1-SD2GV,1770287422917,,,city,False,secondary,bizonytalan,tunet,1,37.338,1770286431799,trial_17,9043461R.png,9.png,9043461R.png,1770286394461,1-SD2GV
16,0.7533,0,True,,,,,,,7,2026-02-05T09:58:31.826000+00:00,phase1_completed,none,,,,,,,,,,,,,,,,7,0,female,0,0,none,7,0,,,,1-SD2GV,1770287422917,,,city,False,secondary,nincsen,nincsen,1,17.101,1770286449269,trial_18,9166468R.png,18.png,9166468R.png,1770286432168,1-SD2GV
16,0.401,0,True,,,,,,,7,2026-02-05T09:58:31.826000+00:00,phase1_completed,none,,,,,,,,,,,,,,,,7,0,female,0,0,none,7,0,,,,1-SD2GV,1770287422917,,,city,False,secondary,nincsen,nincsen,1,14.843,1770286464490,trial_19,9035779L.png,45.png,9035779L.png,1770286449647,1-SD2GV
16,0.8137,0,True,,,,,,,5,2026-02-05T09:58:31.826000+00:00,phase1_completed,none,,,,,,,,,,,,,,,,6,0,female,1,3,none,5,0,,,,1-SD2GV,1770287422917,,,city,False,secondary,nincsen,bizonytalan,1,38.517,1770285904952,trial_2,9046206L.png,29.png,9046206L.png,1770285866435,1-SD2GV
16,0.6514,1,True,,,,,,,6,2026-02-05T09:58:31.826000+00:00,phase1_completed,none,,,,,,,,,,,,,,,,7,1,female,1,2,none,6,1,,,,1-SD2GV,1770287422917,,,city,False,secondary,tunet,tunet,1,35.33,1770286500224,trial_20,9448315L.png,28.png,9448315L.png,1770286464894,1-SD2GV
16,0.584,0,True,,,,,,,7,2026-02-05T09:58:31.826000+00:00,phase1_completed,none,,,,,,,,,,,,,,,,6,1,female,0,0,none,7,1,,,,1-SD2GV,1770287422917,,,city,False,secondary,tunet,tunet,1,27.5,1770286528098,trial_21,9598675R.png,27.png,9598675R.png,1770286500598,1-SD2GV
16,0.0818,1,True,,,,,,,7,2026-02-05T09:58:31.826000+00:00,phase1_completed,none,,,,,,,,,,,,,,,,7,1,female,0,0,none,7,1,,,,1-SD2GV,1770287422917,,,city,False,secondary,tunet,tunet,1,30.415,1770286558907,trial_22,9397988L.png,42.png,9397988L.png,1770286528492,1-SD2GV
16,0.916,1,True,,,,,,,4,2026-02-05T09:58:31.826000+00:00,phase1_completed,none,,,,,,,,,,,,,,,,7,1,female,1,2,none,4,1,,,,1-SD2GV,1770287422917,,,city,False,secondary,bizonytalan,tunet,1,33.599,1770286592884,trial_23,9862321L.png,17.png,9862321L.png,1770286559285,1-SD2GV
16,0.4633,1,True,,,,,,,6,2026-02-05T09:58:31.826000+00:00,phase1_completed,none,,,,,,,,,,,,,,,,7,1,female,0,0,none,6,1,,,,1-SD2GV,1770287422917,,,city,False,secondary,bizonytalan,tunet,1,38.073,1770286631396,trial_24,9140556L.png,7.png,9140556L.png,1770286593323,1-SD2GV
16,0.4903,1,True,,,,,,,7,2026-02-05T09:58:31.826000+00:00,phase1_completed,none,,,,,,,,,,,,,,,,7,1,female,1,4,none,7,1,,,,1-SD2GV,1770287422917,,,city,False,secondary,tunet,tunet,1,22.186,1770286653974,trial_25,9311154L.png,39.png,9311154L.png,1770286631788,1-SD2GV
16,0.6423,0,True,,,,,,,7,2026-02-05T09:58:31.826000+00:00,phase1_completed,none,,,,,,,,,,,,,,,,6,1,female,0,0,none,7,1,,,,1-SD2GV,1770287422917,,,city,False,secondary,tunet,tunet,1,87.594,1770286742045,trial_26,9143031L.png,4.png,9143031L.png,1770286654451,1-SD2GV
16,0.7641,0,True,,,,,,,7,2026-02-05T09:58:31.826000+00:00,phase1_completed,none,,,,,,,,,,,,,,,,7,0,female,0,0,none,7,0,,,,1-SD2GV,1770287422917,,,city,False,secondary,nincsen,nincsen,1,15.037,1770286757836,trial_27,9667180L.png,35.png,9667180L.png,1770286742799,1-SD2GV
16,0.5532,0,True,,,,,,,5,2026-02-05T09:58:31.826000+00:00,phase1_completed,none,,,,,,,,,,,,,,,,3,1,female,0,0,none,5,1,,,,1-SD2GV,1770287422917,,,city,False,secondary,bizonytalan,tunet,1,27.429,1770286785591,trial_28,9043461L.png,34.png,9043461L.png,1770286758162,1-SD2GV
16,0.2252,0,True,,,,,,,3,2026-02-05T09:58:31.826000+00:00,phase1_completed,none,,,,,,,,,,,,,,,,5,0,female,0,0,none,3,0,,,,1-SD2GV,1770287422917,,,city,False,secondary,nincsen,nincsen,1,35.738,1770286821755,trial_29,9097360L.png,1.png,9097360L.png,1770286786017,1-SD2GV
16,0.1582,0,True,,,,,,,6,2026-02-05T09:58:31.826000+00:00,phase1_completed,none,,,,,,,,,,,,,,,,7,0,female,1,2,none,6,0,,,,1-SD2GV,1770287422917,,,city,False,secondary,bizonytalan,nincsen,1,26.377,1770285931788,trial_3,9466142R.png,5.png,9466142R.png,1770285905411,1-SD2GV
16,0.1918,0,True,,,,,,,6,2026-02-05T09:58:31.826000+00:00,phase1_completed,none,,,,,,,,,,,,,,,,7,0,female,1,2,none,6,0,,,,1-SD2GV,1770287422917,,,city,False,secondary,nincsen,nincsen,1,15.911,1770286838023,trial_30,9788301L.png,33.png,9788301L.png,1770286822112,1-SD2GV
16,0.9625,1,True,,,,,,,6,2026-02-05T09:58:31.826000+00:00,phase1_completed,none,,,,,,,,,,,,,,,,6,1,female,1,3,none,6,1,,,,1-SD2GV,1770287422917,,,city,False,secondary,tunet,tunet,1,42.771,1770286881158,trial_31,9037494R.png,31.png,9037494R.png,1770286838387,1-SD2GV
16,0.9124,0,True,,,,,,,6,2026-02-05T09:58:31.826000+00:00,phase1_completed,none,,,,,,,,,,,,,,,,7,0,female,0,0,none,6,0,,,,1-SD2GV,1770287422917,,,city,False,secondary,nincsen,nincsen,1,38.225,1770286919728,trial_32,9717450L.png,40.png,9717450L.png,1770286881503,1-SD2GV
16,0.9867,1,True,,,,,,,7,2026-02-05T09:58:31.826000+00:00,phase1_completed,none,,,,,,,,,,,,,,,,7,1,female,1,3,none,7,1,,,,1-SD2GV,1770287422917,,,city,False,secondary,tunet,tunet,1,27.697,1770286947796,trial_33,9267247L.png,38.png,9267247L.png,1770286920099,1-SD2GV
16,0.5823,0,True,,,,,,,4,2026-02-05T09:58:31.826000+00:00,phase1_completed,none,,,,,,,,,,,,,,,,4,1,female,1,2,none,4,1,,,,1-SD2GV,1770287422917,,,city,False,secondary,tunet,tunet,1,28.23,1770286976359,trial_34,9008884R.png,20.png,9008884R.png,1770286948129,1-SD2GV
16,0.0389,1,True,,,,,,,4,2026-02-05T09:58:31.826000+00:00,phase1_completed,none,,,,,,,,,,,,,,,,3,0,female,0,0,none,4,0,,,,1-SD2GV,1770287422917,,,city,False,secondary,nincsen,nincsen,1,18.728,1770286995452,trial_35,9911788L.png,10.png,9911788L.png,1770286976724,1-SD2GV
16,0.5424,1,True,,,,,,,5,2026-02-05T09:58:31.826000+00:00,phase1_completed,none,,,,,,,,,,,,,,,,3,0,female,1,2,none,5,0,,,,1-SD2GV,1770287422917,,,city,False,secondary,bizonytalan,nincsen,1,20.037,1770287015841,trial_36,9648224L.png,44.png,9648224L.png,1770286995804,1-SD2GV
16,0.9095,1,True,,,,,,,2,2026-02-05T09:58:31.826000+00:00,phase1_completed,none,,,,,,,,,,,,,,,,1,0,female,1,2,none,2,0,,,,1-SD2GV,1770287422917,,,city,False,secondary,bizonytalan,bizonytalan,1,31.27,1770287047525,trial_37,9534110L.png,49.png,9534110L.png,1770287016255,1-SD2GV
16,0.9329,1,True,,,,,,,7,2026-02-05T09:58:31.826000+00:00,phase1_completed,none,,,,,,,,,,,,,,,,7,1,female,1,3,none,7,1,,,,1-SD2GV,1770287422917,,,city,False,secondary,tunet,tunet,1,24.299,1770287072171,trial_38,9075939L.png,16.png,9075939L.png,1770287047872,1-SD2GV
16,0.5749,1,True,,,,,,,3,2026-02-05T09:58:31.826000+00:00,phase1_completed,none,,,,,,,,,,,,,,,,5,1,female,1,2,none,3,1,,,,1-SD2GV,1770287422917,,,city,False,secondary,bizonytalan,bizonytalan,1,37.008,1770287109582,trial_39,9797850R.png,32.png,9797850R.png,1770287072574,1-SD2GV
16,0.8842,1,True,,,,,,,5,2026-02-05T09:58:31.826000+00:00,phase1_completed,none,,,,,,,,,,,,,,,,7,1,female,1,2,none,5,1,,,,1-SD2GV,1770287422917,,,city,False,secondary,tunet,tunet,1,57.502,1770285989744,trial_4,9304828L.png,46.png,9304828L.png,1770285932242,1-SD2GV
16,0.8107,0,True,,,,,,,5,2026-02-05T09:58:31.826000+00:00,phase1_completed,none,,,,,,,,,,,,,,,,4,1,female,0,0,none,5,1,,,,1-SD2GV,1770287422917,,,city,False,secondary,tunet,tunet,1,26.309,1770287136291,trial_40,9870268R.png,26.png,9870268R.png,1770287109982,1-SD2GV
16,0.0923,0,True,,,,,,,4,2026-02-05T09:58:31.826000+00:00,phase1_completed,none,,,,,,,,,,,,,,,,2,1,female,1,3,none,4,1,,,,1-SD2GV,1770287422917,,,city,False,secondary,bizonytalan,tunet,1,22.431,1770287159094,trial_41,9305336L.png,12.png,9305336L.png,1770287136663,1-SD2GV
16,0.9663,1,True,,,,,,,7,2026-02-05T09:58:31.826000+00:00,phase1_completed,none,,,,,,,,,,,,,,,,7,1,female,1,3,none,7,1,,,,1-SD2GV,1770287422917,,,city,False,secondary,tunet,tunet,1,28.276,1770287187767,trial_42,9056326L.png,19.png,9056326L.png,1770287159491,1-SD2GV
16,0.3014,1,True,,,,,,,5,2026-02-05T09:58:31.826000+00:00,phase1_completed,none,,,,,,,,,,,,,,,,6,1,female,0,0,none,5,1,,,,1-SD2GV,1770287422917,,,city,False,secondary,tunet,bizonytalan,1,29.505,1770287217676,trial_43,9299531R.png,36.png,9299531R.png,1770287188171,1-SD2GV
16,0.0426,1,True,,,,,,,4,2026-02-05T09:58:31.826000+00:00,phase1_completed,none,,,,,,,,,,,,,,,,6,1,female,0,0,none,4,1,,,,1-SD2GV,1770287422917,,,city,False,secondary,bizonytalan,tunet,1,35.17,1770287253310,trial_44,9360243L.png,50.png,9360243L.png,1770287218140,1-SD2GV
16,0.8709,1,True,,,,,,,4,2026-02-05T09:58:31.826000+00:00,phase1_completed,none,,,,,,,,,,,,,,,,1,0,female,1,2,none,4,0,,,,1-SD2GV,1770287422917,,,city,False,secondary,tunet,nincsen,1,23.877,1770287277560,trial_45,9354156R.png,6.png,9354156R.png,1770287253683,1-SD2GV
16,0.8846,0,True,,,,,,,3,2026-02-05T09:58:31.826000+00:00,phase1_completed,none,,,,,,,,,,,,,,,,6,0,female,1,2,none,3,0,,,,1-SD2GV,1770287422917,,,city,False,secondary,nincsen,nincsen,1,22.562,1770287300734,trial_46,9998089R.png,24.png,9998089R.png,1770287278172,1-SD2GV
16,0.9948,1,True,,,,,,,6,2026-02-05T09:58:31.826000+00:00,phase1_completed,none,,,,,,,,,,,,,,,,7,1,female,1,3,none,6,1,,,,1-SD2GV,1770287422917,,,city,False,secondary,tunet,tunet,1,28.329,1770287329454,trial_47,9113018R.png,2.png,9113018R.png,1770287301125,1-SD2GV
16,0.5533,0,True,,,,,,,5,2026-02-05T09:58:31.826000+00:00,phase1_completed,none,,,,,,,,,,,,,,,,3,1,female,0,0,none,5,1,,,,1-SD2GV,1770287422917,,,city,False,secondary,tunet,tunet,1,25.276,1770287355086,trial_48,9261557L.png,23.png,9261557L.png,1770287329810,1-SD2GV
16,0.2577,1,True,,,,,,,1,2026-02-05T09:58:31.826000+00:00,phase1_completed,none,,,,,,,,,,,,,,,,2,1,female,0,0,none,1,1,,,,1-SD2GV,1770287422917,,,city,False,secondary,bizonytalan,bizonytalan,1,37.845,1770287393280,trial_49,9827858L.png,8.png,9827858L.png,1770287355435,1-SD2GV
16,0.645,0,True,,,,,,,6,2026-02-05T09:58:31.826000+00:00,phase1_completed,none,,,,,,,,,,,,,,,,7,0,female,0,0,none,6,0,,,,1-SD2GV,1770287422917,,,city,False,secondary,bizonytalan,nincsen,1,20.223,1770286010387,trial_5,9480211R.png,3.png,9480211R.png,1770285990164,1-SD2GV
16,0.8162,0,True,,,,,,,3,2026-02-05T09:58:31.826000+00:00,phase1_completed,none,,,,,,,,,,,,,,,,3,1,female,0,0,none,3,1,,,,1-SD2GV,1770287422917,,,city,False,secondary,tunet,tunet,1,29.045,1770287422719,trial_50,9253225L.png,21.png,9253225L.png,1770287393674,1-SD2GV
16,0.8646,0,True,,,,,,,7,2026-02-05T09:58:31.826000+00:00,phase1_completed,none,,,,,,,,,,,,,,,,7,0,female,0,0,none,7,0,,,,1-SD2GV,1770287422917,,,city,False,secondary,nincsen,nincsen,1,16.582,1770286027367,trial_6,9719890R.png,25.png,9719890R.png,1770286010785,1-SD2GV
16,0.79,1,True,,,,,,,7,2026-02-05T09:58:31.826000+00:00,phase1_completed,none,,,,,,,,,,,,,,,,7,0,female,1,2,none,7,0,,,,1-SD2GV,1770287422917,,,city,False,secondary,nincsen,nincsen,1,16.293,1770286044038,trial_7,9142551R.png,37.png,9142551R.png,1770286027745,1-SD2GV
16,0.4814,0,True,,,,,,,4,2026-02-05T09:58:31.826000+00:00,phase1_completed,none,,,,,,,,,,,,,,,,6,0,female,0,0,none,4,0,,,,1-SD2GV,1770287422917,,,city,False,secondary,bizonytalan,bizonytalan,1,73.386,1770286117843,trial_8,9645608L.png,43.png,9645608L.png,1770286044457,1-SD2GV
16,0.8986,1,True,,,,,,,6,2026-02-05T09:58:31.826000+00:00,phase1_completed,none,,,,,,,,,,,,,,,,7,1,female,1,3,none,6,1,,,,1-SD2GV,1770287422917,,,city,False,secondary,tunet,tunet,1,39.656,1770286158360,trial_9,9683886R.png,22.png,9683886R.png,1770286118704,1-SD2GV
17,0.6057,0,True,,,,,,,4,2026-02-05T09:59:10.321000+00:00,phase1_completed,none,,,,,,,,,,,,,,,,5,0,female,1,2,none,4,0,,,,1-TV4YV,1770287020069,,,city,False,secondary,nincsen,bizonytalan,1,66.264,1770285898797,trial_1,9606955R.png,11.png,9606955R.png,1770285832533,1-TV4YV
17,0.4903,1,True,,,,,,,4,2026-02-05T09:59:10.321000+00:00,phase1_completed,none,,,,,,,,,,,,,,,,6,1,female,1,4,none,4,1,,,,1-TV4YV,1770287020069,,,city,False,secondary,nincsen,tunet,1,42.752,1770286247309,trial_10,9311154L.png,39.png,9311154L.png,1770286204557,1-TV4YV
17,0.7641,0,True,,,,,,,6,2026-02-05T09:59:10.321000+00:00,phase1_completed,none,,,,,,,,,,,,,,,,7,0,female,0,0,none,6,0,,,,1-TV4YV,1770287020069,,,city,False,secondary,nincsen,nincsen,1,13.196,1770286260869,trial_11,9667180L.png,35.png,9667180L.png,1770286247673,1-TV4YV
17,0.5424,1,True,,,,,,,6,2026-02-05T09:59:10.321000+00:00,phase1_completed,none,,,,,,,,,,,,,,,,7,1,female,1,2,none,6,1,,,,1-TV4YV,1770287020069,,,city,False,secondary,nincsen,tunet,1,20.39,1770286281605,trial_12,9648224L.png,44.png,9648224L.png,1770286261215,1-TV4YV
17,0.6514,1,True,,,,,,,4,2026-02-05T09:59:10.321000+00:00,phase1_completed,none,,,,,,,,,,,,,,,,5,1,female,1,2,none,4,1,,,,1-TV4YV,1770287020069,,,city,False,secondary,nincsen,tunet,1,32.993,1770286314957,trial_13,9448315L.png,28.png,9448315L.png,1770286281964,1-TV4YV
17,0.1582,0,True,,,,,,,7,2026-02-05T09:59:10.321000+00:00,phase1_completed,none,,,,,,,,,,,,,,,,6,1,female,1,2,none,7,1,,,,1-TV4YV,1770287020069,,,city,False,secondary,tunet,tunet,1,29.084,1770286344373,trial_14,9466142R.png,5.png,9466142R.png,1770286315289,1-TV4YV
17,0.584,0,True,,,,,,,3,2026-02-05T09:59:10.321000+00:00,phase1_completed,none,,,,,,,,,,,,,,,,4,1,female,0,0,none,3,1,,,,1-TV4YV,1770287020069,,,city,False,secondary,tunet,tunet,1,27.223,1770286371989,trial_15,9598675R.png,27.png,9598675R.png,1770286344766,1-TV4YV
17,0.5749,1,True,,,,,,,3,2026-02-05T09:59:10.321000+00:00,phase1_completed,none,,,,,,,,,,,,,,,,2,0,female,1,2,none,3,0,,,,1-TV4YV,1770287020069,,,city,False,secondary,nincsen,nincsen,1,19.606,1770286391965,trial_16,9797850R.png,32.png,9797850R.png,1770286372359,1-TV4YV
17,0.9663,1,True,,,,,,,4,2026-02-05T09:59:10.321000+00:00,phase1_completed,none,,,,,,,,,,,,,,,,6,1,female,1,3,none,4,1,,,,1-TV4YV,1770287020069,,,city,False,secondary,tunet,tunet,1,38.139,1770286430413,trial_17,9056326L.png,19.png,9056326L.png,1770286392274,1-TV4YV
17,0.9948,1,True,,,,,,,4,2026-02-05T09:59:10.321000+00:00,phase1_completed,none,,,,,,,,,,,,,,,,6,1,female,1,3,none,4,1,,,,1-TV4YV,1770287020069,,,city,False,secondary,tunet,tunet,1,19.868,1770286450613,trial_18,9113018R.png,2.png,9113018R.png,1770286430745,1-TV4YV
17,0.9843,1,True,,,,,,,2,2026-02-05T09:59:10.321000+00:00,phase1_completed,none,,,,,,,,,,,,,,,,1,0,female,1,2,none,2,0,,,,1-TV4YV,1770287020069,,,city,False,secondary,nincsen,nincsen,1,17.96,1770286468901,trial_19,9322109R.png,14.png,9322109R.png,1770286450941,1-TV4YV
17,0.5639,0,True,,,,,,,5,2026-02-05T09:59:10.321000+00:00,phase1_completed,none,,,,,,,,,,,,,,,,5,0,female,0,0,none,5,0,,,,1-TV4YV,1770287020069,,,city,False,secondary,nincsen,nincsen,1,33.925,1770285933444,trial_2,9100699L.png,48.png,9100699L.png,1770285899519,1-TV4YV
17,0.329,0,True,,,,,,,4,2026-02-05T09:59:10.321000+00:00,phase1_completed,none,,,,,,,,,,,,,,,,4,1,female,0,0,none,4,1,,,,1-TV4YV,1770287020069,,,city,False,secondary,tunet,tunet,1,25.696,1770286494901,trial_20,9043461R.png,9.png,9043461R.png,1770286469205,1-TV4YV
17,0.7533,0,True,,,,,,,3,2026-02-05T09:59:10.321000+00:00,phase1_completed,none,,,,,,,,,,,,,,,,5,0,female,0,0,none,3,0,,,,1-TV4YV,1770287020069,,,city,False,secondary,nincsen,nincsen,1,21.002,1770286516221,trial_21,9166468R.png,18.png,9166468R.png,1770286495219,1-TV4YV
17,0.8162,0,True,,,,,,,3,2026-02-05T09:59:10.321000+00:00,phase1_completed,none,,,,,,,,,,,,,,,,4,1,female,0,0,none,3,1,,,,1-TV4YV,1770287020069,,,city,False,secondary,nincsen,tunet,1,16.591,1770286533125,trial_22,9253225L.png,21.png,9253225L.png,1770286516534,1-TV4YV
17,0.1918,0,True,,,,,,,3,2026-02-05T09:59:10.321000+00:00,phase1_completed,none,,,,,,,,,,,,,,,,3,1,female,1,2,none,3,1,,,,1-TV4YV,1770287020069,,,city,False,secondary,nincsen,tunet,1,66.381,1770286599813,trial_23,9788301L.png,33.png,9788301L.png,1770286533432,1-TV4YV
17,0.916,1,True,,,,,,,5,2026-02-05T09:59:10.321000+00:00,phase1_completed,none,,,,,,,,,,,,,,,,3,0,female,1,2,none,5,0,,,,1-TV4YV,1770287020069,,,city,False,secondary,nincsen,nincsen,1,22.604,1770286623205,trial_24,9862321L.png,17.png,9862321L.png,1770286600601,1-TV4YV
17,0.9867,1,True,,,,,,,5,2026-02-05T09:59:10.321000+00:00,phase1_completed,none,,,,,,,,,,,,,,,,7,1,female,1,3,none,5,1,,,,1-TV4YV,1770287020069,,,city,False,secondary,nincsen,tunet,1,15.131,1770286638677,trial_25,9267247L.png,38.png,9267247L.png,1770286623546,1-TV4YV
17,0.5533,0,True,,,,,,,4,2026-02-05T09:59:10.321000+00:00,phase1_completed,none,,,,,,,,,,,,,,,,7,0,female,0,0,none,4,0,,,,1-TV4YV,1770287020069,,,city,False,secondary,nincsen,nincsen,1,19.812,1770286658805,trial_26,9261557L.png,23.png,9261557L.png,1770286638993,1-TV4YV
17,0.401,0,True,,,,,,,4,2026-02-05T09:59:10.321000+00:00,phase1_completed,none,,,,,,,,,,,,,,,,4,0,female,0,0,none,4,0,,,,1-TV4YV,1770287020069,,,city,False,secondary,nincsen,bizonytalan,1,16.41,1770286675637,trial_27,9035779L.png,45.png,9035779L.png,1770286659227,1-TV4YV
17,0.8842,1,True,,,,,,,5,2026-02-05T09:59:10.321000+00:00,phase1_completed,none,,,,,,,,,,,,,,,,6,1,female,1,2,none,5,1,,,,1-TV4YV,1770287020069,,,city,False,secondary,tunet,tunet,1,21.765,1770286697709,trial_28,9304828L.png,46.png,9304828L.png,1770286675944,1-TV4YV
17,0.9974,1,True,,,,,,,4,2026-02-05T09:59:10.321000+00:00,phase1_completed,none,,,,,,,,,,,,,,,,7,1,female,1,3,none,4,1,,,,1-TV4YV,1770287020069,,,city,False,secondary,nincsen,tunet,1,13.712,1770286711768,trial_29,9271965R.png,47.png,9271965R.png,1770286698056,1-TV4YV
17,0.0426,1,True,,,,,,,3,2026-02-05T09:59:10.321000+00:00,phase1_completed,none,,,,,,,,,,,,,,,,1,0,female,0,0,none,3,0,,,,1-TV4YV,1770287020069,,,city,False,secondary,nincsen,nincsen,1,42.116,1770285975924,trial_3,9360243L.png,50.png,9360243L.png,1770285933808,1-TV4YV
17,0.8107,0,True,,,,,,,6,2026-02-05T09:59:10.321000+00:00,phase1_completed,none,,,,,,,,,,,,,,,,5,1,female,0,0,none,6,1,,,,1-TV4YV,1770287020069,,,city,False,secondary,tunet,tunet,1,21.172,1770286733268,trial_30,9870268R.png,26.png,9870268R.png,1770286712096,1-TV4YV
17,0.4633,1,True,,,,,,,5,2026-02-05T09:59:10.321000+00:00,phase1_completed,none,,,,,,,,,,,,,,,,5,1,female,0,0,none,5,1,,,,1-TV4YV,1770287020069,,,city,False,secondary,nincsen,tunet,1,13.639,1770286747277,trial_31,9140556L.png,7.png,9140556L.png,1770286733638,1-TV4YV
17,0.6423,0,True,,,,,,,4,2026-02-05T09:59:10.321000+00:00,phase1_completed,none,,,,,,,,,,,,,,,,5,1,female,0,0,none,4,1,,,,1-TV4YV,1770287020069,,,city,False,secondary,tunet,tunet,1,20.177,1770286767798,trial_32,9143031L.png,4.png,9143031L.png,1770286747621,1-TV4YV
17,0.2252,0,True,,,,,,,5,2026-02-05T09:59:10.321000+00:00,phase1_completed,none,,,,,,,,,,,,,,,,7,0,female,0,0,none,5,0,,,,1-TV4YV,1770287020069,,,city,False,secondary,nincsen,nincsen,1,11.109,1770286779229,trial_33,9097360L.png,1.png,9097360L.png,1770286768120,1-TV4YV
17,0.8846,0,True,,,,,,,5,2026-02-05T09:59:10.321000+00:00,phase1_completed,none,,,,,,,,,,,,,,,,4,1,female,1,2,none,5,1,,,,1-TV4YV,1770287020069,,,city,False,secondary,nincsen,tunet,1,21.568,1770286801133,trial_34,9998089R.png,24.png,9998089R.png,1770286779565,1-TV4YV
17,0.9625,1,True,,,,,,,4,2026-02-05T09:59:10.321000+00:00,phase1_completed,none,,,,,,,,,,,,,,,,5,1,female,1,3,none,4,1,,,,1-TV4YV,1770287020069,,,city,False,secondary,tunet,tunet,1,24.075,1770286825637,trial_35,9037494R.png,31.png,9037494R.png,1770286801562,1-TV4YV
17,0.5823,0,True,,,,,,,4,2026-02-05T09:59:10.321000+00:00,phase1_completed,none,,,,,,,,,,,,,,,,4,1,female,1,2,none,4,1,,,,1-TV4YV,1770287020069,,,city,False,secondary,nincsen,tunet,1,21.05,1770286847021,trial_36,9008884R.png,20.png,9008884R.png,1770286825971,1-TV4YV
17,0.8517,0,True,,,,,,,4,2026-02-05T09:59:10.321000+00:00,phase1_completed,none,,,,,,,,,,,,,,,,4,1,female,0,0,none,4,1,,,,1-TV4YV,1770287020069,,,city,False,secondary,tunet,tunet,1,17.292,1770286864621,trial_37,9810475L.png,13.png,9810475L.png,1770286847329,1-TV4YV
17,0.8137,0,True,,,,,,,5,2026-02-05T09:59:10.321000+00:00,phase1_completed,none,,,,,,,,,,,,,,,,3,1,female,1,3,none,5,1,,,,1-TV4YV,1770287020069,,,city,False,secondary,tunet,tunet,1,18.641,1770286883597,trial_38,9046206L.png,29.png,9046206L.png,1770286864956,1-TV4YV
17,0.9095,1,True,,,,,,,4,2026-02-05T09:59:10.321000+00:00,phase1_completed,none,,,,,,,,,,,,,,,,4,1,female,1,2,none,4,1,,,,1-TV4YV,1770287020069,,,city,False,secondary,nincsen,tunet,1,14.691,1770286898626,trial_39,9534110L.png,49.png,9534110L.png,1770286883935,1-TV4YV
17,0.9124,0,True,,,,,,,3,2026-02-05T09:59:10.321000+00:00,phase1_completed,none,,,,,,,,,,,,,,,,5,1,female,0,0,none,3,1,,,,1-TV4YV,1770287020069,,,city,False,secondary,nincsen,tunet,1,60.846,1770286037164,trial_4,9717450L.png,40.png,9717450L.png,1770285976318,1-TV4YV
17,0.79,1,True,,,,,,,4,2026-02-05T09:59:10.321000+00:00,phase1_completed,none,,,,,,,,,,,,,,,,2,0,female,1,2,none,4,0,,,,1-TV4YV,1770287020069,,,city,False,secondary,tunet,nincsen,1,15.963,1770286914925,trial_40,9142551R.png,37.png,9142551R.png,1770286898962,1-TV4YV
17,0.8986,1,True,,,,,,,4,2026-02-05T09:59:10.321000+00:00,phase1_completed,none,,,,,,,,,,,,,,,,4,1,female,1,3,none,4,1,,,,1-TV4YV,1770287020069,,,city,False,secondary,nincsen,tunet,1,10.982,1770286926279,trial_41,9683886R.png,22.png,9683886R.png,1770286915297,1-TV4YV
17,0.8646,0,True,,,,,,,5,2026-02-05T09:59:10.321000+00:00,phase1_completed,none,,,,,,,,,,,,,,,,3,1,female,0,0,none,5,1,,,,1-TV4YV,1770287020069,,,city,False,secondary,tunet,tunet,1,14.499,1770286941141,trial_42,9719890R.png,25.png,9719890R.png,1770286926642,1-TV4YV
17,0.5532,0,True,,,,,,,4,2026-02-05T09:59:10.321000+00:00,phase1_completed,none,,,,,,,,,,,,,,,,5,0,female,0,0,none,4,0,,,,1-TV4YV,1770287020069,,,city,False,secondary,nincsen,nincsen,1,9.18,1770286950669,trial_43,9043461L.png,34.png,9043461L.png,1770286941489,1-TV4YV
17,0.8709,1,True,,,,,,,4,2026-02-05T09:59:10.321000+00:00,phase1_completed,none,,,,,,,,,,,,,,,,4,0,female,1,2,none,4,0,,,,1-TV4YV,1770287020069,,,city,False,secondary,nincsen,bizonytalan,1,14.497,1770286965514,trial_44,9354156R.png,6.png,9354156R.png,1770286951017,1-TV4YV
17,0.0923,0,True,,,,,,,5,2026-02-05T09:59:10.321000+00:00,phase1_completed,none,,,,,,,,,,,,,,,,5,1,female,1,3,none,5,1,,,,1-TV4YV,1770287020069,,,city,False,secondary,nincsen,tunet,1,7.61,1770286973436,trial_45,9305336L.png,12.png,9305336L.png,1770286965826,1-TV4YV
17,0.4814,0,True,,,,,,,5,2026-02-05T09:59:10.321000+00:00,phase1_completed,none,,,,,,,,,,,,,,,,5,0,female,0,0,none,5,0,,,,1-TV4YV,1770287020069,,,city,False,secondary,nincsen,nincsen,1,8.591,1770286982365,trial_46,9645608L.png,43.png,9645608L.png,1770286973774,1-TV4YV
17,0.3014,1,True,,,,,,,4,2026-02-05T09:59:10.321000+00:00,phase1_completed,none,,,,,,,,,,,,,,,,5,1,female,0,0,none,4,1,,,,1-TV4YV,1770287020069,,,city,False,secondary,nincsen,tunet,1,9.418,1770286992221,trial_47,9299531R.png,36.png,9299531R.png,1770286982803,1-TV4YV
17,0.0818,1,True,,,,,,,5,2026-02-05T09:59:10.321000+00:00,phase1_completed,none,,,,,,,,,,,,,,,,5,0,female,0,0,none,5,0,,,,1-TV4YV,1770287020069,,,city,False,secondary,nincsen,bizonytalan,1,10.879,1770287003501,trial_48,9397988L.png,42.png,9397988L.png,1770286992622,1-TV4YV
17,0.3771,0,True,,,,,,,5,2026-02-05T09:59:10.321000+00:00,phase1_completed,none,,,,,,,,,,,,,,,,5,0,female,0,0,none,5,0,,,,1-TV4YV,1770287020069,,,city,False,secondary,nincsen,nincsen,1,7.276,1770287011117,trial_49,9872350R.png,30.png,9872350R.png,1770287003841,1-TV4YV
17,0.5825,0,True,,,,,,,3,2026-02-05T09:59:10.321000+00:00,phase1_completed,none,,,,,,,,,,,,,,,,4,1,female,1,2,none,3,1,,,,1-TV4YV,1770287020069,,,city,False,secondary,nincsen,tunet,1,26.765,1770286064604,trial_5,9626432R.png,15.png,9626432R.png,1770286037839,1-TV4YV
17,0.9329,1,True,,,,,,,4,2026-02-05T09:59:10.321000+00:00,phase1_completed,none,,,,,,,,,,,,,,,,4,1,female,1,3,none,4,1,,,,1-TV4YV,1770287020069,,,city,False,secondary,nincsen,tunet,1,8.4,1770287019869,trial_50,9075939L.png,16.png,9075939L.png,1770287011469,1-TV4YV
17,0.0496,1,True,,,,,,,3,2026-02-05T09:59:10.321000+00:00,phase1_completed,none,,,,,,,,,,,,,,,,7,1,female,0,0,none,3,1,,,,1-TV4YV,1770287020069,,,city,False,secondary,tunet,tunet,1,60.077,1770286125036,trial_6,9023935L.png,41.png,9023935L.png,1770286064959,1-TV4YV
17,0.0389,1,True,,,,,,,4,2026-02-05T09:59:10.321000+00:00,phase1_completed,none,,,,,,,,,,,,,,,,3,0,female,0,0,none,4,0,,,,1-TV4YV,1770287020069,,,city,False,secondary,nincsen,nincsen,1,30.279,1770286155996,trial_7,9911788L.png,10.png,9911788L.png,1770286125717,1-TV4YV
17,0.645,0,True,,,,,,,6,2026-02-05T09:59:10.321000+00:00,phase1_completed,none,,,,,,,,,,,,,,,,7,0,female,0,0,none,6,0,,,,1-TV4YV,1770287020069,,,city,False,secondary,nincsen,nincsen,1,11.962,1770286168308,trial_8,9480211R.png,3.png,9480211R.png,1770286156346,1-TV4YV
17,0.2577,1,True,,,,,,,5,2026-02-05T09:59:10.321000+00:00,phase1_completed,none,,,,,,,,,,,,,,,,5,1,female,0,0,none,5,1,,,,1-TV4YV,1770287020069,,,city,False,secondary,nincsen,tunet,1,35.422,1770286204181,trial_9,9827858L.png,8.png,9827858L.png,1770286168759,1-TV4YV
17,0.8517,0,True,,,,,,,5,2026-02-05T09:58:38.470000+00:00,phase1_completed,none,,,,,,,,,,,,,,,,7,0,female,0,0,none,5,1,,,,1-UK9EC,1770286970389,,,budapest,True,primary,tunet,tunet,1,51.871,1770285860234,trial_1,9810475L.png,13.png,9810475L.png,1770285808363,1-UK9EC
17,0.2577,1,True,,,,,,,5,2026-02-05T09:58:38.470000+00:00,phase1_completed,none,,,,,,,,,,,,,,,,5,0,female,0,0,none,5,0,,,,1-UK9EC,1770286970389,,,budapest,False,primary,nincsen,nincsen,1,23.631,1770286156890,trial_10,9827858L.png,8.png,9827858L.png,1770286133259,1-UK9EC
17,0.7641,0,True,,,,,,,5,2026-02-05T09:58:38.470000+00:00,phase1_completed,none,,,,,,,,,,,,,,,,7,0,female,0,0,none,5,0,,,,1-UK9EC,1770286970389,,,budapest,False,primary,bizonytalan,nincsen,1,24.616,1770286181810,trial_11,9667180L.png,35.png,9667180L.png,1770286157194,1-UK9EC
17,0.4814,0,True,,,,,,,6,2026-02-05T09:58:38.470000+00:00,phase1_completed,none,,,,,,,,,,,,,,,,4,1,female,0,0,none,6,1,,,,1-UK9EC,1770286970389,,,budapest,False,primary,tunet,bizonytalan,1,31.289,1770286213417,trial_12,9645608L.png,43.png,9645608L.png,1770286182128,1-UK9EC
17,0.8842,1,True,,,,,,,5,2026-02-05T09:58:38.470000+00:00,phase1_completed,none,,,,,,,,,,,,,,,,6,1,female,1,2,none,5,1,,,,1-UK9EC,1770286970389,,,budapest,False,primary,tunet,bizonytalan,1,19.718,1770286233450,trial_13,9304828L.png,46.png,9304828L.png,1770286213732,1-UK9EC
17,0.9843,1,True,,,,,,,6,2026-02-05T09:58:38.470000+00:00,phase1_completed,none,,,,,,,,,,,,,,,,3,1,female,1,2,none,6,0,,,,1-UK9EC,1770286970389,,,budapest,True,primary,nincsen,nincsen,1,34.68,1770286268515,trial_14,9322109R.png,14.png,9322109R.png,1770286233835,1-UK9EC
17,0.401,0,True,,,,,,,6,2026-02-05T09:58:38.470000+00:00,phase1_completed,none,,,,,,,,,,,,,,,,2,0,female,0,0,none,6,1,,,,1-UK9EC,1770286970389,,,budapest,True,primary,bizonytalan,bizonytalan,1,28.554,1770286297410,trial_15,9035779L.png,45.png,9035779L.png,1770286268856,1-UK9EC
17,0.8846,0,True,,,,,,,6,2026-02-05T09:58:38.470000+00:00,phase1_completed,none,,,,,,,,,,,,,,,,2,0,female,1,2,none,6,1,,,,1-UK9EC,1770286970389,,,budapest,True,primary,tunet,bizonytalan,1,68.797,1770286366538,trial_16,9998089R.png,24.png,9998089R.png,1770286297741,1-UK9EC
17,0.3771,0,True,,,,,,,7,2026-02-05T09:58:38.470000+00:00,phase1_completed,none,,,,,,,,,,,,,,,,6,0,female,0,0,none,7,0,,,,1-UK9EC,1770286970389,,,budapest,False,primary,nincsen,nincsen,1,9.117,1770286376354,trial_17,9872350R.png,30.png,9872350R.png,1770286367237,1-UK9EC
17,0.8162,0,True,,,,,,,5,2026-02-05T09:58:38.470000+00:00,phase1_completed,none,,,,,,,,,,,,,,,,5,0,female,0,0,none,5,1,,,,1-UK9EC,1770286970389,,,budapest,True,primary,bizonytalan,nincsen,1,23.488,1770286400155,trial_18,9253225L.png,21.png,9253225L.png,1770286376667,1-UK9EC
17,0.4903,1,True,,,,,,,7,2026-02-05T09:58:38.470000+00:00,phase1_completed,none,,,,,,,,,,,,,,,,7,1,female,1,4,none,7,1,,,,1-UK9EC,1770286970389,,,budapest,False,primary,tunet,tunet,1,21.666,1770286422210,trial_19,9311154L.png,39.png,9311154L.png,1770286400544,1-UK9EC
17,0.584,0,True,,,,,,,6,2026-02-05T09:58:38.470000+00:00,phase1_completed,none,,,,,,,,,,,,,,,,5,1,female,0,0,none,6,1,,,,1-UK9EC,1770286970389,,,budapest,False,primary,tunet,tunet,1,76.404,1770285937611,trial_2,9598675R.png,27.png,9598675R.png,1770285861207,1-UK9EC
17,0.0389,1,True,,,,,,,5,2026-02-05T09:58:38.470000+00:00,phase1_completed,none,,,,,,,,,,,,,,,,7,0,female,0,0,none,5,0,,,,1-UK9EC,1770286970389,,,budapest,False,primary,nincsen,nincsen,1,14.246,1770286436823,trial_20,9911788L.png,10.png,9911788L.png,1770286422577,1-UK9EC
17,0.7533,0,True,,,,,,,7,2026-02-05T09:58:38.470000+00:00,phase1_completed,none,,,,,,,,,,,,,,,,7,0,female,0,0,none,7,0,,,,1-UK9EC,1770286970389,,,budapest,False,primary,nincsen,nincsen,1,10.144,1770286447314,trial_21,9166468R.png,18.png,9166468R.png,1770286437170,1-UK9EC
17,0.9867,1,True,,,,,,,7,2026-02-05T09:58:38.470000+00:00,phase1_completed,none,,,,,,,,,,,,,,,,7,1,female,1,3,none,7,1,,,,1-UK9EC,1770286970389,,,budapest,False,primary,tunet,tunet,1,15.442,1770286463080,trial_22,9267247L.png,38.png,9267247L.png,1770286447638,1-UK9EC
17,0.5639,0,True,,,,,,,5,2026-02-05T09:58:38.470000+00:00,phase1_completed,none,,,,,,,,,,,,,,,,7,0,female,0,0,none,5,0,,,,1-UK9EC,1770286970389,,,budapest,False,primary,bizonytalan,nincsen,1,13.074,1770286476506,trial_23,9100699L.png,48.png,9100699L.png,1770286463432,1-UK9EC
17,0.9124,0,True,,,,,,,4,2026-02-05T09:58:38.470000+00:00,phase1_completed,none,,,,,,,,,,,,,,,,7,0,female,0,0,none,4,0,,,,1-UK9EC,1770286970389,,,budapest,False,primary,bizonytalan,nincsen,1,12.326,1770286489202,trial_24,9717450L.png,40.png,9717450L.png,1770286476876,1-UK9EC
17,0.8646,0,True,,,,,,,5,2026-02-05T09:58:38.470000+00:00,phase1_completed,none,,,,,,,,,,,,,,,,6,0,female,0,0,none,5,0,,,,1-UK9EC,1770286970389,,,budapest,False,primary,nincsen,bizonytalan,1,10.602,1770286500135,trial_25,9719890R.png,25.png,9719890R.png,1770286489533,1-UK9EC
17,0.5424,1,True,,,,,,,5,2026-02-05T09:58:38.470000+00:00,phase1_completed,none,,,,,,,,,,,,,,,,7,0,female,1,2,none,5,0,,,,1-UK9EC,1770286970389,,,budapest,False,primary,nincsen,nincsen,1,9.043,1770286509515,trial_26,9648224L.png,44.png,9648224L.png,1770286500472,1-UK9EC
17,0.5825,0,True,,,,,,,4,2026-02-05T09:58:38.470000+00:00,phase1_completed,none,,,,,,,,,,,,,,,,5,1,female,1,2,none,4,1,,,,1-UK9EC,1770286970389,,,budapest,False,primary,tunet,tunet,1,21.235,1770286531075,trial_27,9626432R.png,15.png,9626432R.png,1770286509840,1-UK9EC
17,0.0923,0,True,,,,,,,4,2026-02-05T09:58:38.470000+00:00,phase1_completed,none,,,,,,,,,,,,,,,,6,1,female,1,3,none,4,1,,,,1-UK9EC,1770286970389,,,budapest,False,primary,tunet,bizonytalan,1,28.552,1770286559962,trial_28,9305336L.png,12.png,9305336L.png,1770286531410,1-UK9EC
17,0.9625,1,True,,,,,,,6,2026-02-05T09:58:38.470000+00:00,phase1_completed,none,,,,,,,,,,,,,,,,7,1,female,1,3,none,6,1,,,,1-UK9EC,1770286970389,,,budapest,False,primary,nincsen,tunet,1,22.042,1770286582338,trial_29,9037494R.png,31.png,9037494R.png,1770286560296,1-UK9EC
17,0.6057,0,True,,,,,,,5,2026-02-05T09:58:38.470000+00:00,phase1_completed,none,,,,,,,,,,,,,,,,5,0,female,1,2,none,5,1,,,,1-UK9EC,1770286970389,,,budapest,True,primary,bizonytalan,tunet,1,52.581,1770285991035,trial_3,9606955R.png,11.png,9606955R.png,1770285938454,1-UK9EC
17,0.645,0,True,,,,,,,7,2026-02-05T09:58:38.470000+00:00,phase1_completed,none,,,,,,,,,,,,,,,,7,0,female,0,0,none,7,0,,,,1-UK9EC,1770286970389,,,budapest,False,primary,nincsen,nincsen,1,7.013,1770286589721,trial_30,9480211R.png,3.png,9480211R.png,1770286582708,1-UK9EC
17,0.0426,1,True,,,,,,,4,2026-02-05T09:58:38.470000+00:00,phase1_completed,none,,,,,,,,,,,,,,,,6,0,female,0,0,none,4,0,,,,1-UK9EC,1770286970389,,,budapest,False,primary,bizonytalan,nincsen,1,24.989,1770286615011,trial_31,9360243L.png,50.png,9360243L.png,1770286590022,1-UK9EC
17,0.4633,1,True,,,,,,,5,2026-02-05T09:58:38.470000+00:00,phase1_completed,none,,,,,,,,,,,,,,,,5,0,female,0,0,none,5,0,,,,1-UK9EC,1770286970389,,,budapest,False,primary,nincsen,nincsen,1,10.293,1770286625643,trial_32,9140556L.png,7.png,9140556L.png,1770286615350,1-UK9EC
17,0.0818,1,True,,,,,,,5,2026-02-05T09:58:38.470000+00:00,phase1_completed,none,,,,,,,,,,,,,,,,7,0,female,0,0,none,5,0,,,,1-UK9EC,1770286970389,,,budapest,False,primary,tunet,nincsen,1,11.485,1770286637449,trial_33,9397988L.png,42.png,9397988L.png,1770286625964,1-UK9EC
17,0.8107,0,True,,,,,,,4,2026-02-05T09:58:38.470000+00:00,phase1_completed,none,,,,,,,,,,,,,,,,6,0,female,0,0,none,4,1,,,,1-UK9EC,1770286970389,,,budapest,True,primary,tunet,bizonytalan,1,17.922,1770286655753,trial_34,9870268R.png,26.png,9870268R.png,1770286637831,1-UK9EC
17,0.329,0,True,,,,,,,5,2026-02-05T09:58:38.470000+00:00,phase1_completed,none,,,,,,,,,,,,,,,,7,0,female,0,0,none,5,0,,,,1-UK9EC,1770286970389,,,budapest,False,primary,nincsen,nincsen,1,11.312,1770286667474,trial_35,9043461R.png,9.png,9043461R.png,1770286656162,1-UK9EC
17,0.916,1,True,,,,,,,5,2026-02-05T09:58:38.470000+00:00,phase1_completed,none,,,,,,,,,,,,,,,,5,1,female,1,2,none,5,0,,,,1-UK9EC,1770286970389,,,budapest,True,primary,nincsen,nincsen,1,26.139,1770286693946,trial_36,9862321L.png,17.png,9862321L.png,1770286667807,1-UK9EC
17,0.1582,0,True,,,,,,,5,2026-02-05T09:58:38.470000+00:00,phase1_completed,none,,,,,,,,,,,,,,,,7,0,female,1,2,none,5,0,,,,1-UK9EC,1770286970389,,,budapest,False,primary,nincsen,nincsen,1,28.886,1770286723194,trial_37,9466142R.png,5.png,9466142R.png,1770286694308,1-UK9EC
17,0.1918,0,True,,,,,,,5,2026-02-05T09:58:38.470000+00:00,phase1_completed,none,,,,,,,,,,,,,,,,5,0,female,1,2,none,5,0,,,,1-UK9EC,1770286970389,,,budapest,False,primary,bizonytalan,nincsen,1,19.754,1770286743346,trial_38,9788301L.png,33.png,9788301L.png,1770286723592,1-UK9EC
17,0.9974,1,True,,,,,,,5,2026-02-05T09:58:38.470000+00:00,phase1_completed,none,,,,,,,,,,,,,,,,6,1,female,1,3,none,5,1,,,,1-UK9EC,1770286970389,,,budapest,False,primary,tunet,tunet,1,15.392,1770286759210,trial_39,9271965R.png,47.png,9271965R.png,1770286743818,1-UK9EC
17,0.8709,1,True,,,,,,,7,2026-02-05T09:58:38.470000+00:00,phase1_completed,none,,,,,,,,,,,,,,,,5,1,female,1,2,none,7,0,,,,1-UK9EC,1770286970389,,,budapest,True,primary,nincsen,nincsen,1,36.851,1770286028259,trial_4,9354156R.png,6.png,9354156R.png,1770285991408,1-UK9EC
17,0.0496,1,True,,,,,,,6,2026-02-05T09:58:38.470000+00:00,phase1_completed,none,,,,,,,,,,,,,,,,6,1,female,0,0,none,6,1,,,,1-UK9EC,1770286970389,,,budapest,False,primary,tunet,tunet,1,24.813,1770286784354,trial_40,9023935L.png,41.png,9023935L.png,1770286759541,1-UK9EC
17,0.2252,0,True,,,,,,,5,2026-02-05T09:58:38.470000+00:00,phase1_completed,none,,,,,,,,,,,,,,,,5,0,female,0,0,none,5,0,,,,1-UK9EC,1770286970389,,,budapest,False,primary,nincsen,nincsen,1,10.867,1770286795563,trial_41,9097360L.png,1.png,9097360L.png,1770286784696,1-UK9EC
17,0.79,1,True,,,,,,,5,2026-02-05T09:58:38.470000+00:00,phase1_completed,none,,,,,,,,,,,,,,,,5,1,female,1,2,none,5,0,,,,1-UK9EC,1770286970389,,,budapest,True,primary,nincsen,nincsen,1,12.107,1770286808002,trial_42,9142551R.png,37.png,9142551R.png,1770286795895,1-UK9EC
17,0.5533,0,True,,,,,,,5,2026-02-05T09:58:38.470000+00:00,phase1_completed,none,,,,,,,,,,,,,,,,5,0,female,0,0,none,5,0,,,,1-UK9EC,1770286970389,,,budapest,False,primary,nincsen,bizonytalan,1,23.337,1770286831658,trial_43,9261557L.png,23.png,9261557L.png,1770286808321,1-UK9EC
17,0.8137,0,True,,,,,,,6,2026-02-05T09:58:38.470000+00:00,phase1_completed,none,,,,,,,,,,,,,,,,6,1,female,1,3,none,6,1,,,,1-UK9EC,1770286970389,,,budapest,False,primary,tunet,tunet,1,22.409,1770286854449,trial_44,9046206L.png,29.png,9046206L.png,1770286832040,1-UK9EC
17,0.9329,1,True,,,,,,,6,2026-02-05T09:58:38.470000+00:00,phase1_completed,none,,,,,,,,,,,,,,,,7,1,female,1,3,none,6,1,,,,1-UK9EC,1770286970389,,,budapest,False,primary,tunet,tunet,1,20.075,1770286874941,trial_45,9075939L.png,16.png,9075939L.png,1770286854866,1-UK9EC
17,0.3014,1,True,,,,,,,4,2026-02-05T09:58:38.470000+00:00,phase1_completed,none,,,,,,,,,,,,,,,,5,1,female,0,0,none,4,1,,,,1-UK9EC,1770286970389,,,budapest,False,primary,bizonytalan,nincsen,1,17.381,1770286892699,trial_46,9299531R.png,36.png,9299531R.png,1770286875318,1-UK9EC
17,0.9948,1,True,,,,,,,6,2026-02-05T09:58:38.470000+00:00,phase1_completed,none,,,,,,,,,,,,,,,,7,1,female,1,3,none,6,1,,,,1-UK9EC,1770286970389,,,budapest,False,primary,tunet,tunet,1,14.145,1770286907170,trial_47,9113018R.png,2.png,9113018R.png,1770286893025,1-UK9EC
17,0.5749,1,True,,,,,,,7,2026-02-05T09:58:38.470000+00:00,phase1_completed,none,,,,,,,,,,,,,,,,5,0,female,1,2,none,7,0,,,,1-UK9EC,1770286970389,,,budapest,False,primary,nincsen,nincsen,1,8.776,1770286916309,trial_48,9797850R.png,32.png,9797850R.png,1770286907533,1-UK9EC
17,0.6514,1,True,,,,,,,5,2026-02-05T09:58:38.470000+00:00,phase1_completed,none,,,,,,,,,,,,,,,,6,1,female,1,2,none,5,0,,,,1-UK9EC,1770286970389,,,budapest,True,primary,nincsen,nincsen,1,38.074,1770286954714,trial_49,9448315L.png,28.png,9448315L.png,1770286916640,1-UK9EC
17,0.9663,1,True,,,,,,,7,2026-02-05T09:58:38.470000+00:00,phase1_completed,none,,,,,,,,,,,,,,,,7,1,female,1,3,none,7,1,,,,1-UK9EC,1770286970389,,,budapest,False,primary,tunet,tunet,1,25.667,1770286054242,trial_5,9056326L.png,19.png,9056326L.png,1770286028575,1-UK9EC
17,0.9095,1,True,,,,,,,6,2026-02-05T09:58:38.470000+00:00,phase1_completed,none,,,,,,,,,,,,,,,,6,1,female,1,2,none,6,0,,,,1-UK9EC,1770286970389,,,budapest,True,primary,nincsen,nincsen,1,15.117,1770286970194,trial_50,9534110L.png,49.png,9534110L.png,1770286955077,1-UK9EC
17,0.8986,1,True,,,,,,,6,2026-02-05T09:58:38.470000+00:00,phase1_completed,none,,,,,,,,,,,,,,,,7,1,female,1,3,none,6,1,,,,1-UK9EC,1770286970389,,,budapest,False,primary,tunet,tunet,1,16.41,1770286070986,trial_6,9683886R.png,22.png,9683886R.png,1770286054576,1-UK9EC
17,0.5823,0,True,,,,,,,6,2026-02-05T09:58:38.470000+00:00,phase1_completed,none,,,,,,,,,,,,,,,,5,1,female,1,2,none,6,1,,,,1-UK9EC,1770286970389,,,budapest,False,primary,tunet,tunet,1,28.106,1770286099434,trial_7,9008884R.png,20.png,9008884R.png,1770286071328,1-UK9EC
17,0.6423,0,True,,,,,,,5,2026-02-05T09:58:38.470000+00:00,phase1_completed,none,,,,,,,,,,,,,,,,7,0,female,0,0,none,5,0,,,,1-UK9EC,1770286970389,,,budapest,False,primary,nincsen,nincsen,1,21.265,1770286121042,trial_8,9143031L.png,4.png,9143031L.png,1770286099777,1-UK9EC
17,0.5532,0,True,,,,,,,6,2026-02-05T09:58:38.470000+00:00,phase1_completed,none,,,,,,,,,,,,,,,,7,0,female,0,0,none,6,0,,,,1-UK9EC,1770286970389,,,budapest,False,primary,nincsen,nincsen,1,11.505,1770286132882,trial_9,9043461L.png,34.png,9043461L.png,1770286121377,1-UK9EC
16,0.0426,1,True,,,,,,,5,2026-02-05T09:59:35.428000+00:00,phase1_completed,none,,,,,,,,,,,,,,,,6,1,male,0,0,none,5,1,,,,1-YWTUY,1770287520350,,,budapest,False,secondary,nincsen,tunet,1,53.78,1770285905095,trial_1,9360243L.png,50.png,9360243L.png,1770285851315,1-YWTUY
16,0.3771,0,True,,,,,,,4,2026-02-05T09:59:35.428000+00:00,phase1_completed,none,,,,,,,,,,,,,,,,4,0,male,0,0,none,4,0,,,,1-YWTUY,1770287520350,,,budapest,False,secondary,nincsen,bizonytalan,1,53.05,1770286291749,trial_10,9872350R.png,30.png,9872350R.png,1770286238699,1-YWTUY
16,0.9843,1,True,,,,,,,4,2026-02-05T09:59:35.428000+00:00,phase1_completed,none,,,,,,,,,,,,,,,,5,1,male,1,2,none,4,1,,,,1-YWTUY,1770287520350,,,budapest,False,secondary,tunet,bizonytalan,1,32.304,1770286324349,trial_11,9322109R.png,14.png,9322109R.png,1770286292045,1-YWTUY
16,0.1582,0,True,,,,,,,6,2026-02-05T09:59:35.428000+00:00,phase1_completed,none,,,,,,,,,,,,,,,,6,0,male,1,2,none,6,0,,,,1-YWTUY,1770287520350,,,budapest,False,secondary,nincsen,nincsen,1,15.687,1770286340357,trial_12,9466142R.png,5.png,9466142R.png,1770286324670,1-YWTUY
16,0.6057,0,True,,,,,,,6,2026-02-05T09:59:35.428000+00:00,phase1_completed,none,,,,,,,,,,,,,,,,4,1,male,1,2,none,6,1,,,,1-YWTUY,1770287520350,,,budapest,False,secondary,nincsen,tunet,1,30.633,1770286371269,trial_13,9606955R.png,11.png,9606955R.png,1770286340636,1-YWTUY
16,0.9095,1,True,,,,,,,5,2026-02-05T09:59:35.428000+00:00,phase1_completed,none,,,,,,,,,,,,,,,,5,1,male,1,2,none,5,1,,,,1-YWTUY,1770287520350,,,budapest,False,secondary,bizonytalan,tunet,1,34.093,1770286405652,trial_14,9534110L.png,49.png,9534110L.png,1770286371559,1-YWTUY
16,0.8709,1,True,,,,,,,4,2026-02-05T09:59:35.428000+00:00,phase1_completed,none,,,,,,,,,,,,,,,,3,1,male,1,2,none,4,0,,,,1-YWTUY,1770287520350,,,budapest,True,secondary,bizonytalan,nincsen,1,26.395,1770286432372,trial_15,9354156R.png,6.png,9354156R.png,1770286405977,1-YWTUY
16,0.5825,0,True,,,,,,,6,2026-02-05T09:59:35.428000+00:00,phase1_completed,none,,,,,,,,,,,,,,,,5,1,male,1,2,none,6,1,,,,1-YWTUY,1770287520350,,,budapest,False,secondary,bizonytalan,tunet,1,40.468,1770286473252,trial_16,9626432R.png,15.png,9626432R.png,1770286432784,1-YWTUY
16,0.0496,1,True,,,,,,,6,2026-02-05T09:59:35.428000+00:00,phase1_completed,none,,,,,,,,,,,,,,,,4,1,male,0,0,none,6,1,,,,1-YWTUY,1770287520350,,,budapest,False,secondary,nincsen,tunet,1,25.292,1770286498828,trial_17,9023935L.png,41.png,9023935L.png,1770286473536,1-YWTUY
16,0.0923,0,True,,,,,,,5,2026-02-05T09:59:35.428000+00:00,phase1_completed,none,,,,,,,,,,,,,,,,5,1,male,1,3,none,5,1,,,,1-YWTUY,1770287520350,,,budapest,False,secondary,nincsen,tunet,1,92.571,1770286591700,trial_18,9305336L.png,12.png,9305336L.png,1770286499129,1-YWTUY
16,0.79,1,True,,,,,,,4,2026-02-05T09:59:35.428000+00:00,phase1_completed,none,,,,,,,,,,,,,,,,3,0,male,1,2,none,4,0,,,,1-YWTUY,1770287520350,,,budapest,False,secondary,nincsen,bizonytalan,1,44.056,1770286636396,trial_19,9142551R.png,37.png,9142551R.png,1770286592340,1-YWTUY
16,0.3014,1,True,,,,,,,6,2026-02-05T09:59:35.428000+00:00,phase1_completed,none,,,,,,,,,,,,,,,,6,1,male,0,0,none,6,1,,,,1-YWTUY,1770287520350,,,budapest,False,secondary,tunet,tunet,1,37.221,1770285943038,trial_2,9299531R.png,36.png,9299531R.png,1770285905817,1-YWTUY
16,0.9124,0,True,,,,,,,3,2026-02-05T09:59:35.428000+00:00,phase1_completed,none,,,,,,,,,,,,,,,,5,0,male,0,0,none,3,0,,,,1-YWTUY,1770287520350,,,budapest,False,secondary,nincsen,tunet,1,25.56,1770286662292,trial_20,9717450L.png,40.png,9717450L.png,1770286636732,1-YWTUY
16,0.8137,0,True,,,,,,,1,2026-02-05T09:59:35.428000+00:00,phase1_completed,none,,,,,,,,,,,,,,,,4,1,male,1,3,none,1,0,,,,1-YWTUY,1770287520350,,,budapest,True,secondary,bizonytalan,tunet,1,70.232,1770286732843,trial_21,9046206L.png,29.png,9046206L.png,1770286662611,1-YWTUY
16,0.2252,0,True,,,,,,,4,2026-02-05T09:59:35.428000+00:00,phase1_completed,none,,,,,,,,,,,,,,,,4,1,male,0,0,none,4,1,,,,1-YWTUY,1770287520350,,,budapest,False,secondary,nincsen,tunet,1,26.601,1770286760187,trial_22,9097360L.png,1.png,9097360L.png,1770286733586,1-YWTUY
16,0.6423,0,True,,,,,,,5,2026-02-05T09:59:35.428000+00:00,phase1_completed,none,,,,,,,,,,,,,,,,6,0,male,0,0,none,5,0,,,,1-YWTUY,1770287520350,,,budapest,False,secondary,bizonytalan,nincsen,1,65.831,1770286826411,trial_23,9143031L.png,4.png,9143031L.png,1770286760580,1-YWTUY
16,0.8107,0,True,,,,,,,3,2026-02-05T09:59:35.428000+00:00,phase1_completed,none,,,,,,,,,,,,,,,,4,1,male,0,0,none,3,1,,,,1-YWTUY,1770287520350,,,budapest,False,secondary,bizonytalan,tunet,1,33.482,1770286860723,trial_24,9870268R.png,26.png,9870268R.png,1770286827241,1-YWTUY
16,0.6514,1,True,,,,,,,7,2026-02-05T09:59:35.428000+00:00,phase1_completed,none,,,,,,,,,,,,,,,,7,1,male,1,2,none,7,1,,,,1-YWTUY,1770287520350,,,budapest,False,secondary,bizonytalan,tunet,1,47.48,1770286908563,trial_25,9448315L.png,28.png,9448315L.png,1770286861083,1-YWTUY
16,0.9974,1,True,,,,,,,7,2026-02-05T09:59:35.428000+00:00,phase1_completed,none,,,,,,,,,,,,,,,,7,1,male,1,3,none,7,1,,,,1-YWTUY,1770287520350,,,budapest,False,secondary,nincsen,tunet,1,70.083,1770286978995,trial_26,9271965R.png,47.png,9271965R.png,1770286908912,1-YWTUY
16,0.1918,0,True,,,,,,,6,2026-02-05T09:59:35.428000+00:00,phase1_completed,none,,,,,,,,,,,,,,,,7,0,male,1,2,none,6,0,,,,1-YWTUY,1770287520350,,,budapest,False,secondary,nincsen,nincsen,1,66.98,1770287046674,trial_27,9788301L.png,33.png,9788301L.png,1770286979694,1-YWTUY
16,0.4814,0,True,,,,,,,4,2026-02-05T09:59:35.428000+00:00,phase1_completed,none,,,,,,,,,,,,,,,,3,1,male,0,0,none,4,1,,,,1-YWTUY,1770287520350,,,budapest,False,secondary,bizonytalan,tunet,1,17.315,1770287064746,trial_28,9645608L.png,43.png,9645608L.png,1770287047431,1-YWTUY
16,0.645,0,True,,,,,,,3,2026-02-05T09:59:35.428000+00:00,phase1_completed,none,,,,,,,,,,,,,,,,5,0,male,0,0,none,3,0,,,,1-YWTUY,1770287520350,,,budapest,False,secondary,bizonytalan,bizonytalan,1,35.703,1770287100826,trial_29,9480211R.png,3.png,9480211R.png,1770287065123,1-YWTUY
16,0.5424,1,True,,,,,,,6,2026-02-05T09:59:35.428000+00:00,phase1_completed,none,,,,,,,,,,,,,,,,5,1,male,1,2,none,6,1,,,,1-YWTUY,1770287520350,,,budapest,False,secondary,tunet,tunet,1,60.568,1770286003957,trial_3,9648224L.png,44.png,9648224L.png,1770285943389,1-YWTUY
16,0.5823,0,True,,,,,,,5,2026-02-05T09:59:35.428000+00:00,phase1_completed,none,,,,,,,,,,,,,,,,6,1,male,1,2,none,5,1,,,,1-YWTUY,1770287520350,,,budapest,False,secondary,bizonytalan,tunet,1,19.352,1770287120538,trial_30,9008884R.png,20.png,9008884R.png,1770287101186,1-YWTUY
16,0.9867,1,True,,,,,,,7,2026-02-05T09:59:35.428000+00:00,phase1_completed,none,,,,,,,,,,,,,,,,7,1,male,1,3,none,7,1,,,,1-YWTUY,1770287520350,,,budapest,False,secondary,tunet,tunet,1,17.884,1770287138786,trial_31,9267247L.png,38.png,9267247L.png,1770287120902,1-YWTUY
16,0.9329,1,True,,,,,,,6,2026-02-05T09:59:35.428000+00:00,phase1_completed,none,,,,,,,,,,,,,,,,7,1,male,1,3,none,6,1,,,,1-YWTUY,1770287520350,,,budapest,False,secondary,bizonytalan,tunet,1,39.804,1770287178954,trial_32,9075939L.png,16.png,9075939L.png,1770287139150,1-YWTUY
16,0.7533,0,True,,,,,,,2,2026-02-05T09:59:35.428000+00:00,phase1_completed,none,,,,,,,,,,,,,,,,5,0,male,0,0,none,2,0,,,,1-YWTUY,1770287520350,,,budapest,False,secondary,nincsen,bizonytalan,1,42.668,1770287221994,trial_33,9166468R.png,18.png,9166468R.png,1770287179326,1-YWTUY
16,0.401,0,True,,,,,,,5,2026-02-05T09:59:35.428000+00:00,phase1_completed,none,,,,,,,,,,,,,,,,5,1,male,0,0,none,5,1,,,,1-YWTUY,1770287520350,,,budapest,False,secondary,nincsen,tunet,1,18.342,1770287240818,trial_34,9035779L.png,45.png,9035779L.png,1770287222476,1-YWTUY
16,0.916,1,True,,,,,,,3,2026-02-05T09:59:35.428000+00:00,phase1_completed,none,,,,,,,,,,,,,,,,5,0,male,1,2,none,3,0,,,,1-YWTUY,1770287520350,,,budapest,False,secondary,nincsen,bizonytalan,1,19.909,1770287261090,trial_35,9862321L.png,17.png,9862321L.png,1770287241181,1-YWTUY
16,0.584,0,True,,,,,,,5,2026-02-05T09:59:35.428000+00:00,phase1_completed,none,,,,,,,,,,,,,,,,6,1,male,0,0,none,5,1,,,,1-YWTUY,1770287520350,,,budapest,False,secondary,bizonytalan,tunet,1,15.503,1770287276970,trial_36,9598675R.png,27.png,9598675R.png,1770287261467,1-YWTUY
16,0.5749,1,True,,,,,,,5,2026-02-05T09:59:35.428000+00:00,phase1_completed,none,,,,,,,,,,,,,,,,6,0,male,1,2,none,5,0,,,,1-YWTUY,1770287520350,,,budapest,False,secondary,nincsen,nincsen,1,12.386,1770287289857,trial_37,9797850R.png,32.png,9797850R.png,1770287277471,1-YWTUY
16,0.5639,0,True,,,,,,,5,2026-02-05T09:59:35.428000+00:00,phase1_completed,none,,,,,,,,,,,,,,,,5,1,male,0,0,none,5,1,,,,1-YWTUY,1770287520350,,,budapest,False,secondary,nincsen,tunet,1,11.579,1770287301858,trial_38,9100699L.png,48.png,9100699L.png,1770287290279,1-YWTUY
16,0.9625,1,True,,,,,,,6,2026-02-05T09:59:35.428000+00:00,phase1_completed,none,,,,,,,,,,,,,,,,6,1,male,1,3,none,6,1,,,,1-YWTUY,1770287520350,,,budapest,False,secondary,bizonytalan,tunet,1,12.334,1770287314545,trial_39,9037494R.png,31.png,9037494R.png,1770287302211,1-YWTUY
16,0.329,0,True,,,,,,,5,2026-02-05T09:59:35.428000+00:00,phase1_completed,none,,,,,,,,,,,,,,,,3,1,male,0,0,none,5,1,,,,1-YWTUY,1770287520350,,,budapest,False,secondary,nincsen,tunet,1,53.118,1770286057798,trial_4,9043461R.png,9.png,9043461R.png,1770286004680,1-YWTUY
16,0.5532,0,True,,,,,,,4,2026-02-05T09:59:35.428000+00:00,phase1_completed,none,,,,,,,,,,,,,,,,4,1,male,0,0,none,4,1,,,,1-YWTUY,1770287520350,,,budapest,False,secondary,nincsen,bizonytalan,1,14.248,1770287329209,trial_40,9043461L.png,34.png,9043461L.png,1770287314961,1-YWTUY
16,0.8846,0,True,,,,,,,3,2026-02-05T09:59:35.428000+00:00,phase1_completed,none,,,,,,,,,,,,,,,,3,0,male,1,2,none,3,0,,,,1-YWTUY,1770287520350,,,budapest,False,secondary,nincsen,bizonytalan,1,20.046,1770287349641,trial_41,9998089R.png,24.png,9998089R.png,1770287329595,1-YWTUY
16,0.0389,1,True,,,,,,,6,2026-02-05T09:59:35.428000+00:00,phase1_completed,none,,,,,,,,,,,,,,,,5,1,male,0,0,none,6,1,,,,1-YWTUY,1770287520350,,,budapest,False,secondary,nincsen,tunet,1,14.612,1770287364777,trial_42,9911788L.png,10.png,9911788L.png,1770287350165,1-YWTUY
16,0.9663,1,True,,,,,,,7,2026-02-05T09:59:35.428000+00:00,phase1_completed,none,,,,,,,,,,,,,,,,7,1,male,1,3,none,7,1,,,,1-YWTUY,1770287520350,,,budapest,False,secondary,bizonytalan,tunet,1,34.043,1770287399145,trial_43,9056326L.png,19.png,9056326L.png,1770287365102,1-YWTUY
16,0.8842,1,True,,,,,,,4,2026-02-05T09:59:35.428000+00:00,phase1_completed,none,,,,,,,,,,,,,,,,5,1,male,1,2,none,4,1,,,,1-YWTUY,1770287520350,,,budapest,False,secondary,nincsen,bizonytalan,1,21.903,1770287421369,trial_44,9304828L.png,46.png,9304828L.png,1770287399466,1-YWTUY
16,0.8517,0,True,,,,,,,5,2026-02-05T09:59:35.428000+00:00,phase1_completed,none,,,,,,,,,,,,,,,,4,1,male,0,0,none,5,1,,,,1-YWTUY,1770287520350,,,budapest,False,secondary,nincsen,tunet,1,13.95,1770287435673,trial_45,9810475L.png,13.png,9810475L.png,1770287421723,1-YWTUY
16,0.4903,1,True,,,,,,,7,2026-02-05T09:59:35.428000+00:00,phase1_completed,none,,,,,,,,,,,,,,,,7,1,male,1,4,none,7,1,,,,1-YWTUY,1770287520350,,,budapest,False,secondary,bizonytalan,tunet,1,10.75,1770287446793,trial_46,9311154L.png,39.png,9311154L.png,1770287436043,1-YWTUY
16,0.4633,1,True,,,,,,,5,2026-02-05T09:59:35.428000+00:00,phase1_completed,none,,,,,,,,,,,,,,,,4,1,male,0,0,none,5,1,,,,1-YWTUY,1770287520350,,,budapest,False,secondary,nincsen,bizonytalan,1,22.814,1770287470017,trial_47,9140556L.png,7.png,9140556L.png,1770287447203,1-YWTUY
16,0.7641,0,True,,,,,,,7,2026-02-05T09:59:35.428000+00:00,phase1_completed,none,,,,,,,,,,,,,,,,7,0,male,0,0,none,7,0,,,,1-YWTUY,1770287520350,,,budapest,False,secondary,nincsen,nincsen,1,7.625,1770287478105,trial_48,9667180L.png,35.png,9667180L.png,1770287470480,1-YWTUY
16,0.5533,0,True,,,,,,,5,2026-02-05T09:59:35.428000+00:00,phase1_completed,none,,,,,,,,,,,,,,,,5,1,male,0,0,none,5,1,,,,1-YWTUY,1770287520350,,,budapest,False,secondary,bizonytalan,tunet,1,15.113,1770287493585,trial_49,9261557L.png,23.png,9261557L.png,1770287478472,1-YWTUY
16,0.8162,0,True,,,,,,,5,2026-02-05T09:59:35.428000+00:00,phase1_completed,none,,,,,,,,,,,,,,,,2,1,male,0,0,none,5,1,,,,1-YWTUY,1770287520350,,,budapest,False,secondary,tunet,tunet,1,63.573,1770286121733,trial_5,9253225L.png,21.png,9253225L.png,1770286058160,1-YWTUY
16,0.9948,1,True,,,,,,,7,2026-02-05T09:59:35.428000+00:00,phase1_completed,none,,,,,,,,,,,,,,,,7,1,male,1,3,none,7,1,,,,1-YWTUY,1770287520350,,,budapest,False,secondary,bizonytalan,tunet,1,26.182,1770287520105,trial_50,9113018R.png,2.png,9113018R.png,1770287493923,1-YWTUY
16,0.8986,1,True,,,,,,,6,2026-02-05T09:59:35.428000+00:00,phase1_completed,none,,,,,,,,,,,,,,,,7,1,male,1,3,none,6,1,,,,1-YWTUY,1770287520350,,,budapest,False,secondary,bizonytalan,tunet,1,29.02,1770286151461,trial_6,9683886R.png,22.png,9683886R.png,1770286122441,1-YWTUY
16,0.8646,0,True,,,,,,,5,2026-02-05T09:59:35.428000+00:00,phase1_completed,none,,,,,,,,,,,,,,,,6,0,male,0,0,none,5,0,,,,1-YWTUY,1770287520350,,,budapest,False,secondary,nincsen,bizonytalan,1,15.446,1770286167213,trial_7,9719890R.png,25.png,9719890R.png,1770286151767,1-YWTUY
16,0.0818,1,True,,,,,,,5,2026-02-05T09:59:35.428000+00:00,phase1_completed,none,,,,,,,,,,,,,,,,5,1,male,0,0,none,5,1,,,,1-YWTUY,1770287520350,,,budapest,False,secondary,nincsen,tunet,1,18.324,1770286185861,trial_8,9397988L.png,42.png,9397988L.png,1770286167537,1-YWTUY
16,0.2577,1,True,,,,,,,4,2026-02-05T09:59:35.428000+00:00,phase1_completed,none,,,,,,,,,,,,,,,,2,0,male,0,0,none,4,0,,,,1-YWTUY,1770287520350,,,budapest,False,secondary,bizonytalan,bizonytalan,1,52.091,1770286238253,trial_9,9827858L.png,8.png,9827858L.png,1770286186162,1-YWTUY
17,0.9329,1,True,,,,,,,7,2026-02-05T09:58:40.051000+00:00,phase1_completed,none,,,,,,,,,,,,,,,,7,1,male,1,3,none,7,1,,,,1-ZGJXL,1770287357112,,,budapest,False,secondary,tunet,tunet,1,47.974,1770285961249,trial_1,9075939L.png,16.png,9075939L.png,1770285913275,1-ZGJXL
17,0.2252,0,True,,,,,,,5,2026-02-05T09:58:40.051000+00:00,phase1_completed,none,,,,,,,,,,,,,,,,5,1,male,0,0,none,5,1,,,,1-ZGJXL,1770287357112,,,budapest,False,secondary,bizonytalan,bizonytalan,1,37.906,1770286304120,trial_10,9097360L.png,1.png,9097360L.png,1770286266214,1-ZGJXL
17,0.9948,1,True,,,,,,,7,2026-02-05T09:58:40.051000+00:00,phase1_completed,none,,,,,,,,,,,,,,,,7,1,male,1,3,none,7,1,,,,1-ZGJXL,1770287357112,,,budapest,False,secondary,tunet,tunet,1,28.195,1770286332617,trial_11,9113018R.png,2.png,9113018R.png,1770286304422,1-ZGJXL
17,0.8517,0,True,,,,,,,5,2026-02-05T09:58:40.051000+00:00,phase1_completed,none,,,,,,,,,,,,,,,,5,0,male,0,0,none,5,0,,,,1-ZGJXL,1770287357112,,,budapest,False,secondary,nincsen,bizonytalan,1,34.13,1770286367208,trial_12,9810475L.png,13.png,9810475L.png,1770286333078,1-ZGJXL
17,0.9625,1,True,,,,,,,7,2026-02-05T09:58:40.051000+00:00,phase1_completed,none,,,,,,,,,,,,,,,,7,1,male,1,3,none,7,1,,,,1-ZGJXL,1770287357112,,,budapest,False,secondary,tunet,tunet,1,20.367,1770286387904,trial_13,9037494R.png,31.png,9037494R.png,1770286367537,1-ZGJXL
17,0.5424,1,True,,,,,,,7,2026-02-05T09:58:40.051000+00:00,phase1_completed,none,,,,,,,,,,,,,,,,6,0,male,1,2,none,7,0,,,,1-ZGJXL,1770287357112,,,budapest,False,secondary,nincsen,nincsen,1,40.483,1770286428680,trial_14,9648224L.png,44.png,9648224L.png,1770286388197,1-ZGJXL
17,0.8107,0,True,,,,,,,7,2026-02-05T09:58:40.051000+00:00,phase1_completed,none,,,,,,,,,,,,,,,,5,1,male,0,0,none,7,1,,,,1-ZGJXL,1770287357112,,,budapest,False,secondary,nincsen,tunet,1,20.498,1770286449496,trial_15,9870268R.png,26.png,9870268R.png,1770286428998,1-ZGJXL
17,0.8986,1,True,,,,,,,7,2026-02-05T09:58:40.051000+00:00,phase1_completed,none,,,,,,,,,,,,,,,,7,1,male,1,3,none,7,1,,,,1-ZGJXL,1770287357112,,,budapest,False,secondary,tunet,tunet,1,21.121,1770286470960,trial_16,9683886R.png,22.png,9683886R.png,1770286449839,1-ZGJXL
17,0.6057,0,True,,,,,,,7,2026-02-05T09:58:40.051000+00:00,phase1_completed,none,,,,,,,,,,,,,,,,7,1,male,1,2,none,7,1,,,,1-ZGJXL,1770287357112,,,budapest,False,secondary,tunet,tunet,1,24.277,1770286495600,trial_17,9606955R.png,11.png,9606955R.png,1770286471323,1-ZGJXL
17,0.9974,1,True,,,,,,,7,2026-02-05T09:58:40.051000+00:00,phase1_completed,none,,,,,,,,,,,,,,,,7,1,male,1,3,none,7,1,,,,1-ZGJXL,1770287357112,,,budapest,False,secondary,tunet,tunet,1,20.335,1770286516256,trial_18,9271965R.png,47.png,9271965R.png,1770286495921,1-ZGJXL
17,0.4633,1,True,,,,,,,7,2026-02-05T09:58:40.051000+00:00,phase1_completed,none,,,,,,,,,,,,,,,,6,0,male,0,0,none,7,0,,,,1-ZGJXL,1770287357112,,,budapest,False,secondary,nincsen,bizonytalan,1,39.821,1770286556408,trial_19,9140556L.png,7.png,9140556L.png,1770286516587,1-ZGJXL
17,0.5825,0,True,,,,,,,7,2026-02-05T09:58:40.051000+00:00,phase1_completed,none,,,,,,,,,,,,,,,,7,1,male,1,2,none,7,1,,,,1-ZGJXL,1770287357112,,,budapest,False,secondary,tunet,tunet,1,43.132,1770286005264,trial_2,9626432R.png,15.png,9626432R.png,1770285962132,1-ZGJXL
17,0.3014,1,True,,,,,,,5,2026-02-05T09:58:40.051000+00:00,phase1_completed,none,,,,,,,,,,,,,,,,5,0,male,0,0,none,5,0,,,,1-ZGJXL,1770287357112,,,budapest,False,secondary,nincsen,bizonytalan,1,64.322,1770286621080,trial_20,9299531R.png,36.png,9299531R.png,1770286556758,1-ZGJXL
17,0.1582,0,True,,,,,,,4,2026-02-05T09:58:40.051000+00:00,phase1_completed,none,,,,,,,,,,,,,,,,4,1,male,1,2,none,4,1,,,,1-ZGJXL,1770287357112,,,budapest,False,secondary,tunet,nincsen,1,22.164,1770286643977,trial_21,9466142R.png,5.png,9466142R.png,1770286621813,1-ZGJXL
17,0.3771,0,True,,,,,,,5,2026-02-05T09:58:40.051000+00:00,phase1_completed,none,,,,,,,,,,,,,,,,5,1,male,0,0,none,5,1,,,,1-ZGJXL,1770287357112,,,budapest,False,secondary,tunet,nincsen,1,50.701,1770286695016,trial_22,9872350R.png,30.png,9872350R.png,1770286644315,1-ZGJXL
17,0.0389,1,True,,,,,,,6,2026-02-05T09:58:40.051000+00:00,phase1_completed,none,,,,,,,,,,,,,,,,7,1,male,0,0,none,6,1,,,,1-ZGJXL,1770287357112,,,budapest,False,secondary,tunet,bizonytalan,1,29.621,1770286724952,trial_23,9911788L.png,10.png,9911788L.png,1770286695331,1-ZGJXL
17,0.4903,1,True,,,,,,,7,2026-02-05T09:58:40.051000+00:00,phase1_completed,none,,,,,,,,,,,,,,,,7,1,male,1,4,none,7,1,,,,1-ZGJXL,1770287357112,,,budapest,False,secondary,nincsen,tunet,1,10.483,1770286735744,trial_24,9311154L.png,39.png,9311154L.png,1770286725261,1-ZGJXL
17,0.329,0,True,,,,,,,7,2026-02-05T09:58:40.051000+00:00,phase1_completed,none,,,,,,,,,,,,,,,,7,1,male,0,0,none,7,1,,,,1-ZGJXL,1770287357112,,,budapest,False,secondary,tunet,tunet,1,16.154,1770286752208,trial_25,9043461R.png,9.png,9043461R.png,1770286736054,1-ZGJXL
17,0.7533,0,True,,,,,,,6,2026-02-05T09:58:40.051000+00:00,phase1_completed,none,,,,,,,,,,,,,,,,6,0,male,0,0,none,6,0,,,,1-ZGJXL,1770287357112,,,budapest,False,secondary,bizonytalan,nincsen,1,16.594,1770286769096,trial_26,9166468R.png,18.png,9166468R.png,1770286752502,1-ZGJXL
17,0.584,0,True,,,,,,,7,2026-02-05T09:58:40.051000+00:00,phase1_completed,none,,,,,,,,,,,,,,,,7,1,male,0,0,none,7,1,,,,1-ZGJXL,1770287357112,,,budapest,False,secondary,tunet,tunet,1,32.354,1770286801736,trial_27,9598675R.png,27.png,9598675R.png,1770286769382,1-ZGJXL
17,0.8162,0,True,,,,,,,7,2026-02-05T09:58:40.051000+00:00,phase1_completed,none,,,,,,,,,,,,,,,,7,1,male,0,0,none,7,1,,,,1-ZGJXL,1770287357112,,,budapest,False,secondary,tunet,tunet,1,17.844,1770286819896,trial_28,9253225L.png,21.png,9253225L.png,1770286802052,1-ZGJXL
17,0.401,0,True,,,,,,,7,2026-02-05T09:58:40.051000+00:00,phase1_completed,none,,,,,,,,,,,,,,,,7,1,male,0,0,none,7,1,,,,1-ZGJXL,1770287357112,,,budapest,False,secondary,tunet,tunet,1,14.913,1770286835169,trial_29,9035779L.png,45.png,9035779L.png,1770286820256,1-ZGJXL
17,0.7641,0,True,,,,,,,7,2026-02-05T09:58:40.051000+00:00,phase1_completed,none,,,,,,,,,,,,,,,,7,0,male,0,0,none,7,0,,,,1-ZGJXL,1770287357112,,,budapest,False,secondary,nincsen,nincsen,1,17.262,1770286022880,trial_3,9667180L.png,35.png,9667180L.png,1770286005618,1-ZGJXL
17,0.8646,0,True,,,,,,,7,2026-02-05T09:58:40.051000+00:00,phase1_completed,none,,,,,,,,,,,,,,,,7,1,male,0,0,none,7,1,,,,1-ZGJXL,1770287357112,,,budapest,False,secondary,tunet,tunet,1,19.997,1770286855488,trial_30,9719890R.png,25.png,9719890R.png,1770286835491,1-ZGJXL
17,0.5533,0,True,,,,,,,5,2026-02-05T09:58:40.051000+00:00,phase1_completed,none,,,,,,,,,,,,,,,,5,1,male,0,0,none,5,1,,,,1-ZGJXL,1770287357112,,,budapest,False,secondary,bizonytalan,tunet,1,44.252,1770286900080,trial_31,9261557L.png,23.png,9261557L.png,1770286855828,1-ZGJXL
17,0.6514,1,True,,,,,,,6,2026-02-05T09:58:40.051000+00:00,phase1_completed,none,,,,,,,,,,,,,,,,6,1,male,1,2,none,6,1,,,,1-ZGJXL,1770287357112,,,budapest,False,secondary,tunet,bizonytalan,1,22.354,1770286922748,trial_32,9448315L.png,28.png,9448315L.png,1770286900394,1-ZGJXL
17,0.5823,0,True,,,,,,,7,2026-02-05T09:58:40.051000+00:00,phase1_completed,none,,,,,,,,,,,,,,,,7,1,male,1,2,none,7,1,,,,1-ZGJXL,1770287357112,,,budapest,False,secondary,tunet,tunet,1,14.005,1770286937120,trial_33,9008884R.png,20.png,9008884R.png,1770286923115,1-ZGJXL
17,0.916,1,True,,,,,,,5,2026-02-05T09:58:40.051000+00:00,phase1_completed,none,,,,,,,,,,,,,,,,6,1,male,1,2,none,5,1,,,,1-ZGJXL,1770287357112,,,budapest,False,secondary,bizonytalan,bizonytalan,1,24.386,1770286961848,trial_34,9862321L.png,17.png,9862321L.png,1770286937462,1-ZGJXL
17,0.5749,1,True,,,,,,,5,2026-02-05T09:58:40.051000+00:00,phase1_completed,none,,,,,,,,,,,,,,,,6,1,male,1,2,none,5,1,,,,1-ZGJXL,1770287357112,,,budapest,False,secondary,tunet,bizonytalan,1,18.31,1770286980488,trial_35,9797850R.png,32.png,9797850R.png,1770286962178,1-ZGJXL
17,0.5639,0,True,,,,,,,6,2026-02-05T09:58:40.051000+00:00,phase1_completed,none,,,,,,,,,,,,,,,,6,1,male,0,0,none,6,1,,,,1-ZGJXL,1770287357112,,,budapest,False,secondary,nincsen,tunet,1,19.05,1770286999944,trial_36,9100699L.png,48.png,9100699L.png,1770286980894,1-ZGJXL
17,0.0818,1,True,,,,,,,6,2026-02-05T09:58:40.051000+00:00,phase1_completed,none,,,,,,,,,,,,,,,,4,1,male,0,0,none,6,1,,,,1-ZGJXL,1770287357112,,,budapest,False,secondary,tunet,bizonytalan,1,28.215,1770287028488,trial_37,9397988L.png,42.png,9397988L.png,1770287000273,1-ZGJXL
17,0.0923,0,True,,,,,,,7,2026-02-05T09:58:40.051000+00:00,phase1_completed,none,,,,,,,,,,,,,,,,7,1,male,1,3,none,7,1,,,,1-ZGJXL,1770287357112,,,budapest,False,secondary,tunet,tunet,1,64.61,1770287093544,trial_38,9305336L.png,12.png,9305336L.png,1770287028934,1-ZGJXL
17,0.1918,0,True,,,,,,,4,2026-02-05T09:58:40.051000+00:00,phase1_completed,none,,,,,,,,,,,,,,,,5,1,male,1,2,none,4,0,,,,1-ZGJXL,1770287357112,,,budapest,True,secondary,tunet,bizonytalan,1,25.921,1770287120088,trial_39,9788301L.png,33.png,9788301L.png,1770287094167,1-ZGJXL
17,0.8846,0,True,,,,,,,5,2026-02-05T09:58:40.051000+00:00,phase1_completed,none,,,,,,,,,,,,,,,,5,0,male,1,2,none,5,1,,,,1-ZGJXL,1770287357112,,,budapest,True,secondary,bizonytalan,bizonytalan,1,97.42,1770286120656,trial_4,9998089R.png,24.png,9998089R.png,1770286023236,1-ZGJXL
17,0.9867,1,True,,,,,,,7,2026-02-05T09:58:40.051000+00:00,phase1_completed,none,,,,,,,,,,,,,,,,7,1,male,1,3,none,7,1,,,,1-ZGJXL,1770287357112,,,budapest,False,secondary,tunet,tunet,1,14.326,1770287134768,trial_40,9267247L.png,38.png,9267247L.png,1770287120442,1-ZGJXL
17,0.9843,1,True,,,,,,,5,2026-02-05T09:58:40.051000+00:00,phase1_completed,none,,,,,,,,,,,,,,,,6,1,male,1,2,none,5,0,,,,1-ZGJXL,1770287357112,,,budapest,True,secondary,bizonytalan,nincsen,1,30.475,1770287165568,trial_41,9322109R.png,14.png,9322109R.png,1770287135093,1-ZGJXL
17,0.2577,1,True,,,,,,,5,2026-02-05T09:58:40.051000+00:00,phase1_completed,none,,,,,,,,,,,,,,,,6,0,male,0,0,none,5,0,,,,1-ZGJXL,1770287357112,,,budapest,False,secondary,bizonytalan,nincsen,1,23.307,1770287189240,trial_42,9827858L.png,8.png,9827858L.png,1770287165933,1-ZGJXL
17,0.0496,1,True,,,,,,,7,2026-02-05T09:58:40.051000+00:00,phase1_completed,none,,,,,,,,,,,,,,,,7,1,male,0,0,none,7,1,,,,1-ZGJXL,1770287357112,,,budapest,False,secondary,tunet,tunet,1,18.881,1770287208461,trial_43,9023935L.png,41.png,9023935L.png,1770287189580,1-ZGJXL
17,0.9124,0,True,,,,,,,7,2026-02-05T09:58:40.051000+00:00,phase1_completed,none,,,,,,,,,,,,,,,,7,0,male,0,0,none,7,0,,,,1-ZGJXL,1770287357112,,,budapest,False,secondary,nincsen,nincsen,1,8.602,1770287217424,trial_44,9717450L.png,40.png,9717450L.png,1770287208822,1-ZGJXL
17,0.0426,1,True,,,,,,,5,2026-02-05T09:58:40.051000+00:00,phase1_completed,none,,,,,,,,,,,,,,,,6,0,male,0,0,none,5,0,,,,1-ZGJXL,1770287357112,,,budapest,False,secondary,bizonytalan,nincsen,1,15.244,1770287232984,trial_45,9360243L.png,50.png,9360243L.png,1770287217740,1-ZGJXL
17,0.8842,1,True,,,,,,,5,2026-02-05T09:58:40.051000+00:00,phase1_completed,none,,,,,,,,,,,,,,,,6,1,male,1,2,none,5,1,,,,1-ZGJXL,1770287357112,,,budapest,False,secondary,tunet,bizonytalan,1,21.649,1770287254976,trial_46,9304828L.png,46.png,9304828L.png,1770287233327,1-ZGJXL
17,0.645,0,True,,,,,,,6,2026-02-05T09:58:40.051000+00:00,phase1_completed,none,,,,,,,,,,,,,,,,7,0,male,0,0,none,6,0,,,,1-ZGJXL,1770287357112,,,budapest,False,secondary,bizonytalan,nincsen,1,13.626,1770287269016,trial_47,9480211R.png,3.png,9480211R.png,1770287255390,1-ZGJXL
17,0.5532,0,True,,,,,,,4,2026-02-05T09:58:40.051000+00:00,phase1_completed,none,,,,,,,,,,,,,,,,5,0,male,0,0,none,4,1,,,,1-ZGJXL,1770287357112,,,budapest,True,secondary,bizonytalan,bizonytalan,1,41.399,1770287311056,trial_48,9043461L.png,34.png,9043461L.png,1770287269657,1-ZGJXL
17,0.8709,1,True,,,,,,,5,2026-02-05T09:58:40.051000+00:00,phase1_completed,none,,,,,,,,,,,,,,,,6,1,male,1,2,none,5,0,,,,1-ZGJXL,1770287357112,,,budapest,True,secondary,bizonytalan,bizonytalan,1,24.811,1770287336240,trial_49,9354156R.png,6.png,9354156R.png,1770287311429,1-ZGJXL
17,0.9095,1,True,,,,,,,7,2026-02-05T09:58:40.051000+00:00,phase1_completed,none,,,,,,,,,,,,,,,,7,1,male,1,2,none,7,1,,,,1-ZGJXL,1770287357112,,,budapest,False,secondary,tunet,tunet,1,24.036,1770286145368,trial_5,9534110L.png,49.png,9534110L.png,1770286121332,1-ZGJXL
17,0.4814,0,True,,,,,,,5,2026-02-05T09:58:40.051000+00:00,phase1_completed,none,,,,,,,,,,,,,,,,5,1,male,0,0,none,5,1,,,,1-ZGJXL,1770287357112,,,budapest,False,secondary,tunet,bizonytalan,1,20.094,1770287356824,trial_50,9645608L.png,43.png,9645608L.png,1770287336730,1-ZGJXL
17,0.9663,1,True,,,,,,,7,2026-02-05T09:58:40.051000+00:00,phase1_completed,none,,,,,,,,,,,,,,,,7,1,male,1,3,none,7,1,,,,1-ZGJXL,1770287357112,,,budapest,False,secondary,tunet,tunet,1,29.051,1770286174768,trial_6,9056326L.png,19.png,9056326L.png,1770286145717,1-ZGJXL
17,0.79,1,True,,,,,,,6,2026-02-05T09:58:40.051000+00:00,phase1_completed,none,,,,,,,,,,,,,,,,6,1,male,1,2,none,6,1,,,,1-ZGJXL,1770287357112,,,budapest,False,secondary,tunet,bizonytalan,1,32.191,1770286207336,trial_7,9142551R.png,37.png,9142551R.png,1770286175145,1-ZGJXL
17,0.8137,0,True,,,,,,,7,2026-02-05T09:58:40.051000+00:00,phase1_completed,none,,,,,,,,,,,,,,,,7,1,male,1,3,none,7,1,,,,1-ZGJXL,1770287357112,,,budapest,False,secondary,tunet,tunet,1,23.021,1770286230712,trial_8,9046206L.png,29.png,9046206L.png,1770286207691,1-ZGJXL
17,0.6423,0,True,,,,,,,7,2026-02-05T09:58:40.051000+00:00,phase1_completed,none,,,,,,,,,,,,,,,,7,1,male,0,0,none,7,1,,,,1-ZGJXL,1770287357112,,,budapest,False,secondary,tunet,tunet,1,34.832,1770286265904,trial_9,9143031L.png,4.png,9143031L.png,1770286231072,1-ZGJXL
